rank,state,root_heuristic,search_nodes,solution
275,12345672121232,6,15443,"R B D2 B R D' B D' B' R2 B2"
291,12345672123212,6,15106,"R B R' B2 D' R B2 R D' R' D2"
435,12345672321212,9,7489,"R B D' R2 B' R B2 R B' R' D2"
547,12345673131323,7,18592,"R B R2 D B' D2 B' R B' R D2"
555,12345673132313,7,21656,"R B' D2 B' R' B D' R D' R2 D2"
627,12345673231313,8,8143,"R B' R2 B' R' D B' R D' R2 D2"
729,12345761111111,7,90053,"R B R' D2 B' D R' D' B D2 B"
1463,12346571111231,9,5858,"R B R' B2 R' B' D' R D2 B D'"
2207,12346751113133,7,23216,"R B2 D R' D B D' R2 B2 D R"
2928,12347561112212,7,16240,"R B D' R D R2 D2 B' R' B D2"
3645,12347651111111,6,114384,"R2 B' R B D B2 D B' D' R D'"
3681,12347651122112,6,12885,"R B' D R2 B R2 B' D B' D2 B2"
3723,12347651133311,6,15301,"R B2 R B R' B D2 B' R2 D R2"
3892,12347652111221,6,10682,"R B R2 B' R D' B2 R2 D' B' R2"
3938,12347652123233,7,11843,"R B2 R' D2 R B' R' D R2 B D2"
3941,12347652123332,7,15596,"R D2 R' D2 R B' D' R D2 B D2"
4019,12347652223232,7,9305,"R B2 R2 B D R' B' D B' R' B"
4133,12347653111133,6,14749,"R B2 R2 D B D2 B D' R' D2 B"
4198,12347653132223,7,10472,"R B R D' B2 D R' D' R2 D2 B2"
4201,12347653132322,7,10198,"R B R D B2 R2 D2 R D2 R' B"
4363,12347653332323,6,12900,"R B2 R2 D2 B' D B' R B2 R' B"
4374,12354671111111,7,93911,"R B' R2 D' B R' B' D R2 D B"
5119,12354761112323,5,80757,"R2 B R' D R B2 D' R D R2 D'"
5373,12354762121112,7,12112,"R B2 R' D R2 D R B' R' D R2"
5376,12354762121211,7,13366,"R B' D R' D2 R D2 B D' B2 D"
5509,12354762311123,7,10798,"R B D B D2 R' D B' R' B2 R2"
5645,12354763131131,8,10174,"R B2 R B2 R2 D R' D R2 D R2"
5661,12354763133111,8,9620,"R B R B2 D2 B' D' R2 D' R2 D2"
5671,12354763211123,6,12752,"R B2 D' B R' D R2 D R D' R2"
5852,12356471113133,7,16622,"R B R2 D2 B' D B D' B D2 R"
6635,12356741133131,7,9819,"R B R2 B D2 B' R B2 D' B2 D"
6743,12356741313131,8,8314,"R B R2 D B' D2 R2 D R' B' R2"
7067,12356743113131,7,10508,"R B D2 B' R2 B D' B2 D' B R2"
7294,12357461111222,7,16798,"R B' R2 D B2 D' B2 D' R' D R2"
7316,12357461113331,7,18709,"R B2 D2 R D2 R D' R' B' D2 B'"
7614,12357462211112,7,14591,"R B' R B R2 B2 D2 R' D' R D2"
8045,12357641113331,7,20654,"R B R2 B2 D B' D2 R D B2 R2"
8760,12364571112212,7,21846,"R B2 D2 R D2 R D' R' B' D2 B2"
9489,12364751112212,7,16154,"R B D2 B D' R D' R' D2 B R'"
9497,12364751113133,7,18020,"R B2 R' D R2 B' R D R D' B'"
10127,12364753311131,7,14043,"R B D2 R' B R B2 R D' B' R"
10206,12365471111111,6,95798,"R B' R2 B' D' B' D R2 B R' D"
10288,12365471211122,6,14590,"R B2 D B' D2 R' D R D' R D"
10386,12365471313113,6,10354,"R B R D2 B' R2 B D2 B2 R' B"
10580,12365472223232,7,9340,"R B2 R D' B R D2 B2 D R D2"
10643,12365472321233,7,12233,"R B' D2 B' D B2 R2 D R' D2 B"
10842,12365473232312,7,9463,"R B D B D2 R D2 R B' R2 D2"
10924,12365473332323,6,12021,"R B R2 B' R D B2 R' D' B D'"
10961,12365741113331,7,17350,"R B D' B R D2 R2 D' R' B2 D"
11717,12367451123333,7,9502,"R B2 R2 B R D' R D' R D' R2"
11731,12367451132222,7,9355,"R B D B2 R2 B' R B' D' B2 R"
11771,12367451213333,7,10465,"R B2 R2 B' R B' D R' D B D2"
11839,12367451312222,7,12322,"R D2 R2 D B' D R' D B' D R2"
11933,12367452113333,7,12573,"R B' D B2 D2 R' D R' B' R B2"
12163,12367453112222,7,10397,"R B2 R2 B' R2 D' R B2 R2 B' D'"
12405,12367541112212,7,22129,"R B' D' R2 D B' R2 D B2 D' B2"
12419,12367541113331,7,30866,"R D2 B D2 B' D R' D R' B' R"
12611,12367541331131,6,15195,"R B R2 D2 B' D R' D B D' B'"
13152,12374561121212,8,8235,"R B R2 B R2 D' R B D2 B R2"
13206,12374561211212,7,10206,"R B R' B R' B2 D R' D B D2"
13368,12374562111212,8,10750,"R B' D B2 D2 R' D R' B' R B"
13855,12374651111222,7,16981,"R B2 D B' D' B2 R B2 R B2 R2"
14584,12375461111222,7,20641,"R B2 R' D R2 B' R D R D' B2"
15327,12375641113112,9,7775,"R D R' B2 R' D' R' D B2 R D'"
16042,12376451111222,7,21333,"R B' D R D' B D' R2 B R D2"
16058,12376451113133,7,22919,"R B2 D B2 D' B R' D B' D' R"
16149,12376451221211,6,16073,"R B D2 R' D R' B2 R' B2 D' R2"
16783,12376541112323,5,67573,"R B2 R' B' D R2 B' R' D B' D2"
16916,12376541232233,7,20333,"R D' B' R2 B' D' R2 D B R2 D'"
16970,12376541322233,8,10472,"R B D' B2 R D' B' R' D2 R2 B"
17042,12376542121232,6,12528,"R B2 R B D2 R' B2 D B R B'"
17058,12376542123212,6,11705,"R B R D' R2 B D' R2 B2 D B'"
17327,12376543133132,8,7475,"R B R D' B2 D R' D' R2 D2 B'"
17330,12376543133231,8,7393,"R B R D B2 R2 D2 R D2 R' B2"
24127,12456731132321,7,21392,"R2 D R' B2 R' B' R' D R2 B D'"
24214,12456731233223,6,12905,"R B' R B' D R2 D2 B2 D' B D"
24676,12456733223321,7,6939,"R B' R D' R' D R D2 B' D' B"
27113,12463751231231,8,9132,"R B2 R B2 R2 D R' D' R D' R"
29215,12467351131121,7,12315,"R B' D2 R' B R B D2 B R' B"
29302,12467351231321,6,11233,"R B D B2 R' B R' B D' R2 B"
30682,12473561132123,6,14547,"R B' R D R' D2 R' D' B' D B'"
37195,12536741112323,6,12899,"R B R D2 R D' B' D' B2 D2 R"
38133,12537461332112,8,7785,"R B D2 R D' R D2 R2 B' R' D"
39366,12543671111111,6,15998,"R B' R D R' D2 R' D' B' D B2"
39450,12543671211212,8,10142,"R B2 D R' D2 B' R B D' R B"
39582,12543671331113,6,21406,"R B D R2 B' R2 B D2 B2 R' D"
39637,12543672121121,8,8072,"R B D2 R2 D B2 D' B R B2 D'"
39806,12543672321332,8,8766,"R B2 R' B R' D B2 R' D' B R'"
39812,12543672322232,8,8545,"R B D R' D2 R D' B D' R2 B'"
39830,12543672331232,8,8760,"R B R2 B D' R B2 R D2 B D2"
39860,12543673111331,8,7598,"R B D R' D R2 D' B2 R B' R"
39967,12543673221323,6,14752,"R B2 R D2 R2 B' D R D' R2 D"
39991,12543673231223,8,7949,"R B D B2 R' D' B R' B D2 R"
40012,12543673233323,6,15247,"R D R' D B R B' R2 B D' B2"
40940,12546371221331,8,7154,"R B2 D2 R B2 R D' R' D' B2 D2"
44040,12563472131213,7,10040,"R B' R2 B' R' D2 R B R2 D' B'"
44283,12563473131212,7,10812,"R B2 R' B R' B2 R D2 B' R D'"
46621,12564733323122,8,8220,"R B R B D' B2 R2 B' D2 R' B"
48023,12567433232333,7,11496,"R B R' B' R D2 R' B D R B2"
51610,12576343212221,7,11836,"R B2 R' B R' D R2 D2 B2 R' D'"
55467,12637451132111,6,15112,"R D R' D2 R B' D B R2 D2 B2"
55629,12637451332112,8,7146,"R B R2 B R B2 D' R2 B R D2"
57058,12643571321321,8,7663,"R B D2 R2 B' D B R' B D2 R"
58375,12645371131121,7,12329,"R B' D2 R' B R B D2 B R' B'"
66800,12673542331133,8,9385,"R D R' D R' D B' R2 B R2 D'"
70000,12734561112323,6,13082,"R B R D2 R D' B' D R' B2 D2"
70187,12734561322233,6,17251,"R B R2 D' R2 B D' R' D B' R2"
70411,12734562313223,7,9246,"R B R B R D2 B D' B D2 R2"
76545,12745631111111,6,39578,"B R' B R B' D2 B' R' B' R D2"
76789,12745632111122,7,10025,"R B D2 B R2 B' R2 B R' D' R2"
76881,12745632212213,7,15612,"R B' D2 B R' B2 D B R D' B"
76909,12745632222221,7,10613,"R B D2 B' R' B2 R' B D R2 B2"
76935,12745632232211,8,8285,"R B' R2 B R' B2 D B D R' B"
77087,12745633131131,7,11769,"R B2 D' B' D B2 D R B2 D2 B"
77217,12745633313312,8,8879,"R B2 R B R2 B2 D B' D B2 D'"
77219,12745633313333,6,18119,"R B D' R' B R' D' B D2 R' D2"
77244,12745633323311,7,10515,"R B2 R D B2 D2 R B' D R2 D'"
79117,12753462231323,8,8026,"R B R2 B2 D R' D2 B R D2 B2"
83552,12763452322232,8,8615,"R B D R' D2 R D' B D' R2 B"
87027,12765432121313,7,8589,"R B D2 B2 D' B' D2 R B2 R' D2"
87114,12765432222212,6,29040,"R D' B2 D' B D R D2 R2 D R"
87267,12765433121213,6,13472,"R B' R D' B2 R2 D R B' D B2"
87461,12765433331333,8,9776,"R B D2 B2 D' B' R2 D B2 D' R2"
87669,13245671321111,7,19681,"R D R' B D2 R D' R' B' D2 B'"
88938,13246571111111,5,19057,"R B2 R' B' R D2 B' R' B D' B2"
88952,13246571112233,7,14955,"R B R' B2 D B' D' R' B2 R2 D"
88961,13246571113232,8,11527,"R D' B' D2 R D R2 D' B' R2 B'"
89378,13246572321332,7,8955,"R B2 D R2 D R D B R2 B R'"
89402,13246572331232,8,7541,"R B R2 B D' R B2 R D2 B D"
89537,13246573221233,8,7904,"R B2 R B R' B R B D2 R B2"
89617,13246573321223,6,12155,"R B2 R B' R2 D B D2 R' D' R"
89985,13246752133211,7,15515,"R B2 D' B2 R D' B D' B R' D"
90974,13247563212131,7,11038,"R B R' B2 D2 B' D' B D' R D'"
92786,13254761322233,6,18025,"R B' R' D2 B D' R' B D' R2 D'"
92797,13254761323322,6,14670,"R B2 R B R2 B2 R' D R2 B' D'"
93020,13254762321233,7,10652,"R D B2 D' R' B2 D B' D R B'"
93277,13254763323122,8,10545,"R D R' B' D' B' R2 D R' D2 R"
95513,13257641112233,7,15505,"R B R2 D2 B2 D' R' D' R B2 D'"
98431,13265741112323,6,17014,"R D R2 D' B2 R2 D R B' D B2"
98718,13265742131312,7,15114,"R D R B2 D2 R B' D R' B D'"
99183,13267451122211,6,17243,"R B' R2 D B2 D' B' D2 R2 B R'"
99308,13267451311133,6,14290,"R B R D2 R D' B' D' R2 B R"
99875,13267541111132,7,16487,"R B2 R2 D' R B' R2 B' R' D R'"
100020,13267541232212,7,11685,"R B R D' B R' D B2 D R D"
101347,13274651112323,6,15245,"R B2 D' B2 D' R D' R2 B2 D' R"
102074,13275461112233,7,16763,"R B2 R' B2 D2 R' D B R' B2 R"
102648,13275463213211,7,9724,"R B2 R2 D2 B' R' D R' D2 R B'"
102803,13275641112233,7,17478,"R B2 R' B D' R B' R B' R2 B2"
102805,13275641112323,6,18571,"R B2 R' B R' B R' B D' R2 D2"
103094,13275642131333,7,10380,"R B D R' B2 D' R B' D B' D'"
103369,13275643212221,7,11682,"R B2 R2 B' R B2 D' B2 D R2 B'"
103539,13276451113211,7,17598,"R B' R2 B' R D R2 D R' D2 R'"
103673,13276451233133,7,13953,"R B' R B R' B2 D2 B R' B2 R'"
104320,13276541133122,8,10850,"R B' R2 D B D2 B R2 B R' B2"
104352,13276541213312,8,13993,"R2 B D' R2 B' D R B' D R2 B2"
104437,13276541321123,7,11820,"R B' D2 R B R2 B D2 B R' D2"
104451,13276541322311,7,16497,"R2 B R2 B' D B R2 B2 R B D'"
104454,13276541323112,6,13108,"R B R2 D' B D' B R B R' B2"
104461,13276541323322,6,13459,"R B D2 R' B D' R D B R' D2"
104703,13276542323312,7,10156,"R B2 R' D' R' D B2 R' D2 R B2"
104941,13276543323122,8,9255,"R B' R B' R B2 D' B' D B2 D'"
113724,13462571111111,6,59468,"R B D R2 D R' B' D' B2 D2 R"
114072,13462572213311,7,8616,"R B R2 D B' D2 B' D' R D2 B'"
125469,13527461211113,7,12131,"R B' D' B D2 R' B D R D' R2"
126986,13542671231231,8,8037,"R B R' B R D2 R2 D' R' D2 B"
128406,13546271213213,8,6913,"R B D2 R2 B' D R' B D B' D'"
128444,13546271231231,7,12227,"R D2 B R2 B' D R' B R' B' R"
128500,13546271321321,8,7572,"R B' R' B2 R D' R2 B D2 B' D2"
136361,13572641122133,5,53972,"R D R2 D' R2 B2 D R D' B D2"
138684,13576241312213,5,26965,"R B2 R2 D' B D' B2 D' R' D R'"
138706,13576241321321,8,7845,"R B R' D B R' B2 D R' B D'"
143109,13627451332112,8,7798,"R B R' B' D' B D2 B' D R' B'"
144454,13642571221223,8,9499,"R B R2 D B R2 B2 D' R' D' B2"
144472,13642571223221,7,10668,"R B R2 B2 R' B2 D' R' D2 R' B'"
144940,13642573221221,7,12725,"R B' R D2 R' D R' D R D' B2"
145916,13645271221331,7,7820,"R B D2 B2 R D' B2 R B D2 R2"
147987,13647521111111,6,39110,"R B R D B2 D R' B' R' B2 R2"
156022,13675241112323,5,39714,"R B D2 R2 B2 R' B' D' R D2 B'"
156471,13675242331313,8,7522,"R B2 R' D R D R' B2 D B' R'"
160121,13725642332132,8,10264,"R D B2 R' D2 R' B R' D2 B2 D"
167965,13754262123323,7,19263,"R2 B' D' R B' D R2 D R' D R2"
170782,13762451321321,8,6097,"R B R2 B2 R B2 D R2 D2 B D'"
172131,13764251211311,8,7741,"R B R B' D2 R' B R' B' R B2"
172499,13764252323231,7,9273,"R B D2 B D' R B' R B2 D' B"
174504,13765422121211,7,10904,"R B D B2 D R D B2 R' D R"
184492,14263751131121,8,8998,"R B' R D B2 R' D B' D B' R2"
186820,14267351321321,8,6561,"R B D2 R2 B2 R' D B' D' R B"
190963,14275633323122,8,8941,"R D R2 B' D2 B' R D' B2 R2 B"
192456,14325671111111,6,46827,"B2 R' B R D B2 D R' B' R D'"
192709,14325672112121,6,12906,"R B D2 B D2 B' D2 B R' B' R2"
192841,14325672231323,7,13011,"R B D' R D' B2 D' B R D B2"
192910,14325672323222,8,9417,"R B D2 B2 R D B' R D2 R B2"
192992,14325673123232,7,10205,"R B2 R' D R' B2 D2 B R' D B2"
193094,14325673232333,7,9752,"R B R2 B2 R' D' R2 B R B2 D'"
193106,14325673311131,6,23761,"R B2 D' R' D B2 D B D2 R2 D"
196401,14327652131213,7,16507,"R B D2 R' D' B2 D R D2 R D'"
196617,14327653121213,7,9582,"R B2 R' D2 B D B2 D2 B' R' D2"
197163,14352672212111,6,12407,"R B R2 B' D2 R B' D2 B R D'"
199033,14356721112323,6,13529,"R B D B2 D B' D' R' B2 R2 D"
199220,14356721322233,6,23429,"R D B' R' D B2 D R D2 R2 B'"
204566,14367252322232,7,8711,"R B D2 B' R B2 R D2 R2 B' R'"
205497,14367523311113,6,20681,"R D' R' B' R B' R' D2 R' D' B"
210228,14523672121313,6,20896,"R B D2 B2 D' B' D2 R B2 R' B2"
210471,14523673121312,7,16515,"R B' D' B D2 B2 D B' D' R D2"
213630,14527631121311,7,14744,"R B2 R2 D2 B' R D' R D2 R' B"
213654,14527631131211,7,14409,"R B D2 R' D' B R' D2 B R B"
213675,14527631133311,8,8973,"R B R B D2 R2 B2 R B2 R' B"
213680,14527631211131,7,16111,"R B' R B R2 D' B' D B2 D' R'"
213760,14527631311121,7,16259,"R B2 D2 R2 D' R' D R' B2 R B"
213879,14527632122213,7,10849,"R B2 D2 B D R2 D R D2 R' B"
213930,14527632212111,7,10779,"R B2 D2 B R2 B R' D B2 D' R"
214082,14527632333332,8,8758,"R D2 R' D2 R D' B' R D2 B R2"
214153,14527633132322,7,11181,"R B2 R D R' B D2 B' D2 R D2"
214256,14527633312133,8,7192,"R B D' B2 R2 D R' B' R B' D"
216438,14536273311311,7,12047,"R B D2 B2 R D' B' D B2 R B"
218356,14537622231323,8,9499,"R B R2 B2 D R' D2 B R B2 D2"
220612,14563272323222,7,8948,"R B R B' D2 B D' R' B D' R2"
221790,14567231312213,5,38211,"R D R' D' B D2 B D' R' B R"
221806,14567231321123,7,12574,"R D R' B' D B2 D B' R' B R"
224766,14573261333111,7,14713,"R B D2 R D' B R2 B2 D' R' B"
229635,14625731111111,6,73069,"R B' D R' B2 R D2 B' D R D"
229690,14625731131121,7,14998,"R B' D' B' D R2 B' R2 B R' D"
229838,14625731322233,6,23136,"R B2 R2 B' D R B' D2 R2 B' R"
229888,14625732112121,7,11496,"R B2 R' B D' B2 R2 D' R' B2 D'"
229903,14625732113321,7,11726,"R B' R D' R2 D B' D B D2 R'"
229984,14625732213323,6,19689,"R B R2 B D R' D2 R' D2 R' B2"
230031,14625732233111,7,11071,"R B2 R D' B R D2 B' D R B"
230193,14625733133111,7,10923,"R B D B' R D2 R' B2 D B' R"
231822,14632571111111,6,37647,"R2 B R' B2 R' D' B' R D2 B R'"
232013,14632571321132,6,16528,"R B' R B' R' D B R2 D' B' D"
237608,14652733321331,7,9077,"R B R B D2 R D' B2 R2 D' R"
242028,14673251111111,6,73683,"R B' D' R D2 B' D B R B' R2"
245676,14723651111213,6,14082,"R B D B' R2 B D' B D' B2 R'"
245679,14723651111312,7,18839,"R D B D' R2 D R' D B' D2 R'"
245684,14723651112131,7,18917,"R B D2 B' D B R2 D' B' D R'"
245692,14723651113121,6,13374,"R B R2 D' R' B R' D2 B R D'"
245757,14723651211212,6,14621,"R B R2 B R' D B2 D B2 R D2"
246115,14723652322121,8,7030,"R B R2 D' R2 D B R2 D' R2 B'"
246137,14723652331232,8,8219,"R B2 D B' R2 D' R B D' B R"
246307,14723653232222,8,8165,"R B D R2 B' D' R D' R D2 B"
246339,14723653313111,6,10875,"R B R2 D2 B' R2 B R' D' R B2"
246354,14723653321313,6,23096,"R D B' D2 R D B2 D R2 D2 B"
246402,14725361111111,6,17164,"R B R B' D R' D B2 D2 B D'"
246403,14725361111123,7,10950,"R B D R2 D2 R D B' D R' D'"
246608,14725361322332,7,13264,"R B2 D2 R' D' R D' R2 B R' D2"
246727,14725362211121,7,11783,"R B' D2 B D R2 B2 D2 R B' D'"
246972,14725363211213,7,11309,"R B R2 D' R' D R D2 B2 R2 D'"
246988,14725363213121,6,9567,"R B R B2 D2 B' R' B' R D2 R2"
247017,14725363223213,7,9058,"R B D' R B2 D' R' B R' D2 B'"
247050,14725363311113,6,14512,"R B' D R2 B' R2 B D' R B R"
248716,14726531223122,8,10491,"R B' D2 R2 B' D B' R2 D B' R2"
248734,14726531232122,6,20153,"R B' R2 D2 B' R D' B2 R D' R2"
248748,14726531233313,6,17370,"R B D2 R' B D2 R D' B' D' B"
248829,14726531333312,8,8938,"R B R2 D' B D2 R B' D' B' D"
248982,14726532232313,7,11283,"R B2 D B D2 R2 B D' B D2 B'"
249283,14726533323122,8,9182,"R B2 R B' R B2 R2 D B D2 B'"
251613,14735621221112,7,9985,"R B R' D' B R' B' D B' D R'"
251631,14735621223113,8,8142,"R B R' B' R D' B' D R' D R'"
251639,14735621223332,7,17276,"R2 B D' B2 R' D R D' B R2 D2"
251658,14735621233112,6,16396,"R D B2 R' B R' D R B R' D2"
251712,14735621323112,6,17530,"R D R2 B' R D' B R D R' B2"
251730,14735621332112,8,7818,"R B R D2 R D2 R' B2 D B R2"
251739,14735621333111,7,9610,"R B R B2 R D2 R' D2 B D R2"
251743,14735621333222,7,10101,"R B R2 B D2 R B D' B D' B'"
252236,14736251111132,6,10794,"R B2 R D R2 B2 R' D' B2 D R'"
252251,14736251112332,7,9969,"R B R D2 B2 R B' D' B D2 R2"
252841,14736253222223,7,9529,"R B R' D' B D' B D2 R' D' B2"
253030,14736521132222,6,12514,"R B2 R D R' B R D B2 R B2"
253037,14736521133131,7,8369,"R B D B D2 R2 B2 R B2 R' D2"
253047,14736521211212,7,8100,"R B R2 B R' D B2 D B2 R D"
253070,14736521213333,6,12420,"R B2 R D R2 B' R2 D R B D'"
253077,14736521221313,8,7565,"R B2 D' R D2 R2 D' B D2 R' D2"
253157,14736521321231,8,14884,"R D' R' D2 R' D' B2 D R D2 B'"
253166,14736521322233,8,9731,"R B R' D2 B D' R' B' R2 B2 D"
253189,14736521332121,8,9190,"R D R' D2 R' B R B D2 B2 D"
253462,14736523112222,8,8007,"R B2 R D' R2 B R D2 B' D' R"
253469,14736523113131,8,7398,"R B R2 B' R D2 R' D R B2 D'"
254296,14752363222121,7,9065,"R B R2 B R2 B D' B' D R2 D"
254326,14752363232222,8,8633,"R B' R D R B' R2 B' R2 B' D2"
254333,14752363233131,8,9100,"R B2 R D2 R2 B R' B R2 B R2"
254421,14752631111111,6,21089,"R B' R' D' R D2 B' D2 B R' B"
254436,14752631112311,7,13152,"R B' R B' D2 B D2 R' D R B"
254632,14752631323223,7,13421,"R B2 R2 B' R D B' D2 R2 B' R"
254891,14752632332132,8,8248,"R B2 R2 B' D2 B R D' R2 B D'"
255010,14752633213223,8,10378,"R B2 R2 D2 B R' D' R D' B D2"
255028,14752633222223,6,14451,"R B2 R D' B2 D' R2 B D2 B' R"
255034,14752633223123,7,14732,"R B2 D2 R2 B' R B' R D2 B' D"
255038,14752633223231,6,10674,"R D R B' D R' B' D2 R2 B' D"
255258,14753261221112,7,11630,"R B R2 D R' D R2 D2 B' R' B2"
255357,14753261323112,6,26439,"R D2 R D B2 D2 B' D B2 R' B'"
255384,14753261333111,7,12013,"R B R2 D' R' D' R' B R' D2 R"
258182,14762351221331,7,11099,"R D R2 D' R' B2 D B' R B D'"
258260,14762351321231,6,12937,"R B' D' R2 B D' B' D B' R2 B'"
258286,14762351331221,7,10038,"R B2 R B' R2 D2 R' B R D2 R"
259636,14763251221223,8,13086,"R D R' D' B R D2 R2 B2 R D'"
259647,14763251222312,7,9134,"R B' R' B2 D' R B' R2 D2 R' D"
259757,14763251332331,8,10361,"R B2 R2 B' R' D B' D R' B D2"
259759,14763251333123,7,7954,"R B D2 R2 B2 D R D' B D' R'"
259966,14763252322121,7,11283,"R B R' B' R B2 D' R B' R' D"
260078,14763253132232,8,9455,"R B R B' R2 D2 R' D' B D2 R'"
260084,14763253133132,7,11183,"R B R D2 R2 B' R D' B R D2"
260086,14763253133222,8,12071,"R B2 R2 B R2 D' B D2 B2 D' B'"
260087,14763253133231,8,10060,"R B D' R D' R2 B2 R B R D2"
260122,14763253221221,7,11737,"R B R' B R' D B2 R2 D2 B R'"
260127,14763253222112,7,8718,"R B' R B' R B' D B2 D2 B' D2"
260274,14763521113211,6,10926,"R B2 R B2 D2 R B2 R' B2 R2 D'"
260275,14763521113223,7,10102,"R B R2 D' R' B' D R' B D' B2"
260864,14763523222331,7,11736,"R B R B' R D B2 D2 R' B' D"
260985,14765231111213,7,19469,"R B2 D2 R2 D' R' B R' B2 R D"
260988,14765231111312,6,14983,"R B' R D R' B2 D B2 D B' R"
260993,14765231112131,6,14460,"R B2 R2 D2 B' R B' R D2 R' D"
261001,14765231113121,7,16260,"R B R2 D' R' B R' D2 B R D"
261056,14765231133131,6,14894,"R B D B D2 R2 B2 R B2 R' D"
261309,14765232211211,7,8814,"R B R2 D' B R' D2 B D R2 D2"
261376,14765232232322,7,8934,"R B R' D R' B2 D2 R D R D'"
261447,14765232331313,8,8498,"R B2 R2 D2 R B' R2 D B R2 D2"
261488,14765233113131,8,7577,"R B R2 B' R D2 R' D R B2 D2"
261683,14765233323332,8,9120,"R B D2 B' D B' R2 D2 B' D' B2"
263898,15236471111111,6,43707,"R B' R2 B' D' B' D R2 B R' D2"
264520,15236473231121,7,15529,"R B R' D2 B' D R D' R D2 B2"
267034,15243671331221,7,9355,"R B2 R' D B2 R' B D R B' D2"
268496,15246371331332,7,11049,"R B D' B R' B2 D R' B D B2"
268505,15246371332331,8,9560,"R B R' B2 D2 B R D R' D' R"
268739,15246372331331,8,6017,"R B R2 B D B2 R D2 R2 D' B'"
274959,15267431223113,8,7908,"R B R2 D R' B R2 B2 D' R' D"
276307,15273641112323,5,42028,"R B2 R' B2 D2 R' B D R' B2 R"
280446,15324673113311,8,12034,"R2 B R' D' R' D R2 B' D B2 D'"
284397,15342671211311,7,9794,"R B R B' D2 R' B R' B' R D2"
285964,15346271321321,8,7449,"R B R' D R D2 R2 B' R' D B2"
292410,15367421211113,6,15541,"R D B' D2 B D' R B R2 D2 B2"
292455,15367421223113,8,7275,"R B D2 B D R2 B' R2 D R D2"
292897,15367423211123,6,17038,"R B D' B R B' D R' B2 R2 D"
298890,15426371111111,6,17852,"R B D R2 D R' B' D R' D2 B2"
298904,15426371112233,7,10143,"R B D2 R' D2 B D' B' R D' R2"
307818,15463271313113,7,14215,"R B R2 D R' D R2 D2 B' R' B"
317406,15624732123212,8,11985,"R B' D B' R2 B D2 R D' B2 D"
317436,15624732133313,7,15307,"R B D2 R2 B R' B D R' B2 R'"
317600,15624732333332,8,5512,"R B R' D B R2 B D' B2 R D2"
318699,15627431223113,7,9511,"R B R' D' R' D' R2 B R' D2 R"
318771,15627431322113,8,8266,"R D2 R B R2 B2 R' D B2 R' D'"
318798,15627431332112,7,9650,"R B D2 R D' R D2 R2 B' R' D2"
321785,15634722123332,6,20696,"R D' R2 B R2 B' D' B2 R2 D R'"
321926,15634722321233,7,9479,"R B D2 B R' B D' B' R2 D R'"
323515,15637423211123,4,22690,"R B R2 B' D B' D R2 D' R2 D"
323676,15642371111111,6,21704,"R2 D R' B D B2 R' D B D2 B'"
324024,15642372213311,6,19730,"R B2 R B D2 B' R' B2 D R B'"
324062,15642372231332,8,8254,"R B D' B R B2 R B' D2 R B2"
324142,15642372331322,8,7915,"R B R D2 B' R2 D R B2 R D'"
324258,15642373212311,5,16688,"R B R' B D2 R' D' R D' B2 D2"
324277,15642373221323,5,12796,"R B D B D R' D' B R2 D' B"
324301,15642373231223,8,8660,"R B' R B R B' D2 B' D2 B' D2"
325250,15643271221331,8,7359,"R B2 D2 R B2 R D' R' D' B2 D'"
325354,15643271331221,8,7659,"R B' R' B' D B2 R' B D2 B' D"
325746,15643273223111,7,10335,"R B R B2 R D' B' R' B2 D R"
327182,15647233213232,8,8328,"R B R B' R2 D2 B D' B' D R2"
328073,15672341113232,6,13150,"R B' D' B2 R D' B' R B' R2 B'"
328257,15672341323112,8,8326,"R B2 R B D2 B2 D' B R2 D' B'"
328506,15672342323312,7,8583,"R B2 R' D' R' D' B2 R B2 R' B2"
328640,15672343213232,7,10194,"R B2 R D' R2 B2 R' D R B2 R"
329438,15672433312133,8,9094,"R B D B' D B' R B' R B2 D"
334217,15724362212132,8,9291,"R B D' R' D B R' D2 B2 D R2"
334611,15724631111111,6,65833,"R B R D2 R2 D R B' D R' B'"
334698,15724631211311,7,14379,"R B D B' D R' B D2 B2 D B'"
334814,15724631322233,6,24200,"R B2 D2 R' B' D R' D2 B R' B2"
334904,15724632123233,6,22897,"R D B R' D B' D B2 D' R2 B"
335038,15724632313223,7,14940,"R B D' R' B2 D' B' R D2 B' D'"
335066,15724632323231,7,13014,"R B2 D2 R2 D R B R' B D' B2"
335069,15724632323333,6,13440,"R B2 R2 B' D' R B2 D' B R D2"
335167,15724633132322,7,9299,"R B R B2 R' D B2 R' B2 R' D2"
339448,15734622331223,7,8436,"R B R B D B' D2 R B2 R B2"
344817,15746321111111,6,33402,"R D2 R B' R B R2 D' B D B2"
345027,15746321323211,6,15096,"R B D R B2 R D R2 D2 B' D'"
345240,15746322313112,6,12915,"R B R B D2 B D R2 D2 B' D'"
345828,15762342122213,5,26337,"R B D' R B' D R2 D R' D R'"
347004,15763241111111,6,71721,"R B' R' D R2 B' D B D B' R2"
347456,15763242323132,7,8783,"R B D R2 B2 R' B' R2 B' D2 B"
354359,16243571132132,8,6588,"R B R2 D' R D' B2 D' R2 B' R2"
354434,16243571231231,7,9723,"R B' R B R' B D' R2 B R B2"
354490,16243571321321,8,6706,"R B2 D R2 D' B D' B R' D' R"
355892,16245371231231,8,9606,"R B2 D R' D' B2 R D2 R D2 R2"
361516,16254733312223,6,21827,"R D R2 B' D' R2 D' B R B2 R"
362376,16257431132111,7,11117,"R B' R' B D2 R' D R B D' R2"
362926,16257433223123,8,9013,"R B D B2 R2 B' D' B2 D' B2 D"
363809,16273541122133,5,28774,"R B' R2 D2 R D R2 D R B' R"
363967,16273541321321,8,8864,"R B' D R D' B2 R2 B R' B2 R'"
366132,16275341312213,5,49674,"R B2 D' R2 D' B D' B2 R2 D' R"
366484,16275343122221,7,11854,"R B D' B2 R D' R' D' R B2 R'"
370970,16327453232333,7,10099,"R B R2 D2 R' B2 R' B D2 B' R'"
372010,16342571331221,8,6652,"R B2 D B' D B D' B2 R2 D R"
373248,16345271111111,6,24954,"R2 D' R B' R' D R2 D B D B'"
373322,16345271133131,8,9518,"R B2 R B D' R D2 R' D2 B R2"
373365,16345271222111,6,23544,"R B' R B2 D R2 D' B D' B2 D2"
373694,16345272322232,7,9158,"R B2 D2 R2 D' B' D R' D2 R D"
373728,16345272333212,7,8592,"R B R2 D' B D' R2 B D B2 D2"
373777,16345273122323,6,11724,"R B' D B' D2 R B D2 R' B R'"
373894,16345273233323,6,17726,"R D2 R2 B' D' R B' D2 B R' B2"
375009,16347252131312,7,18275,"R D R2 B' D R B D2 B2 R' B"
375225,16347253121312,8,12346,"R B' D2 B' R B R D2 R2 D B"
379935,16357421223113,8,7978,"R B D' R' D' B D2 B' R D' B'"
382741,16374521112323,6,13466,"R B D B2 D B' D' R D' B2 R2"
383293,16374523211123,6,14919,"R B R' B' R2 D' R' D R2 B' R2"
385165,16423572112121,8,8578,"R B D2 B2 R D' B D' R B R2"
388644,16427531211311,7,12240,"R B D R2 B2 D R' B' D B2 R2"
388699,16427531231321,5,33919,"R B2 R D B2 R2 B' D' B2 D R'"
389039,16427532333233,7,15774,"R2 B D2 B2 R B' R' B D2 R D"
395118,16453271111111,6,74239,"R D R' B2 R B' R D R2 B2 D2"
395199,16453271211113,6,13061,"R B D2 B R B2 D' R2 B R B2"
395363,16453272111131,7,8505,"R B D' R B R' D R' D2 R2 B"
401505,16475233132313,7,11241,"R B2 R2 D2 B' R2 B' R' D R' B'"
403126,16523473332323,7,9531,"R B R2 B' R D B2 R' D' B D"
403149,16523741112212,8,7896,"R B R D2 R2 B' R D2 R' D2 R2"
404607,16524731112212,6,20007,"R D R2 D' B' R2 D B' R D B'"
404609,16524731112233,8,10421,"R B' R' B2 D B' D' R D' R2 D'"
404615,16524731113133,6,18262,"R B2 R B' D2 R2 D' B R D2 R"
405324,16527341111111,6,16437,"R B D R2 D B2 D R B R2 D2"
406106,16527431123333,6,22315,"R B2 R2 B' D' R B' D R' D B2"
406172,16527431222132,7,23205,"R B' R D' R B' R D2 R2 D' B2"
406228,16527431312222,6,24608,"R D R' B' D R D2 R2 B2 R B'"
406290,16527431333213,7,18886,"R B R2 D2 B2 R B R' B D' R'"
406322,16527432113333,7,15326,"R B R B' D2 R2 D B D B' R2"
406384,16527432211322,9,10307,"R B' R B R' B D2 R2 B' D R2"
406432,16527432231122,9,8650,"R B R' D' B D2 R' B R' D' B"
406439,16527432231332,8,8923,"R B R D' B2 R2 B R D B' R2"
406519,16527432331322,8,9505,"R B2 R B R D2 B R' D2 R' D"
406530,16527432333113,8,10779,"R B D2 R2 B2 D R B' R B' R'"
406712,16527433312133,8,8665,"R B R B2 R2 D' B R' B R B2"
406786,16532471111222,6,19370,"R B2 R B2 R2 D B' R' B D' R"
408240,16534271111111,6,26269,"R B' R2 D' B D B R2 B R' D"
408242,16534271111132,6,9526,"R B R B2 D' R B' R B' R2 D"
408807,16534273211111,7,9975,"R B' D2 B' D B2 D R2 B D B2"
409537,16534723211123,4,27899,"R D2 R B D2 B' D' B2 R B D"
410431,16537421111222,7,8204,"R B R2 B' R' D2 B R' B R B'"
410452,16537421113322,6,15835,"R B2 R D' B2 R D B R2 D' R2"
410453,16537421113331,7,8290,"R B D2 B D R' B2 D R D B'"
410553,16537421223113,8,8089,"R B R2 D R' B R2 B2 D' R' D2"
410580,16537421233112,6,17721,"R D2 R D R2 D2 R' B D2 R' D'"
410652,16537421332112,8,7935,"R B R2 D' R' B' R' B R' B2 R"
411272,16542371221331,7,8837,"R B R2 B D' B R' D' R2 B R'"
411376,16542371331221,7,10724,"R B2 R' D B2 R' B D R B' D'"
411416,16542372112331,7,9743,"R D' R D R2 D2 B2 R' D' R B2"
412726,16543271221223,8,13335,"R D2 R2 D R' B R' B R' B R2"
412744,16543271223221,7,14908,"R B R B2 D2 B' D R' D' B2 R"
412838,16543271331332,7,15628,"R B2 R2 B' D B' D R' B D B2"
412847,16543271332331,8,10215,"R B2 R2 B D B' R B' D B' R2"
413081,16543272331331,8,7602,"R B R2 B2 R' B D2 R B2 R2 B'"
413212,16543273221221,7,13180,"R B2 R2 B D' B R' D R' B R2"
413343,16543721111111,6,24406,"R B D R2 D R' B' D R' B2 D"
413364,16543721113211,6,9756,"R B R D' R2 B D' B' R D' R2"
414790,16547233332323,6,11679,"R B2 R2 D2 B D' R B' D2 B R'"
414827,16547321113331,6,22846,"R B2 D' R2 D B D2 R2 B' D' R2"
416259,16572431111111,6,19656,"R B' R' D B' D2 R' D B R D2"
416848,16572433213223,8,10146,"R B D' R2 B2 R D2 R D2 B R"
417034,16573241123123,7,12359,"R B' R D R2 D2 B2 R' B' R B2"
417165,16573241312312,7,10503,"R B D R2 D R' B' D' R2 B R"
418466,16574231113133,8,7875,"R B R2 D2 B2 D' B R' D' R D"
419942,16723451122133,5,32756,"R B R' D2 B2 R' D B' D' R B2"
420108,16723451322311,7,10530,"R B D' R2 B2 D' B R' D' R D2"
423582,16725431121311,7,13412,"R B R2 B' D B D2 R' B' D R'"
423606,16725431131211,7,14141,"R B D2 R' D' B R' D2 B R B'"
423631,16725431211122,8,9357,"R B R' D2 B2 D' B' D2 B R2 D'"
423632,16725431211131,7,17495,"R D B R' D2 R D' R B' D2 R'"
423712,16725431311121,7,13001,"R B R B' R2 B D' R D' B2 R'"
423874,16725432211121,8,9840,"R B2 R' D R' D R2 B' D' R D'"
423940,16725432232223,8,9170,"R B R B' R D2 R' D2 B R' D"
424059,16725433113311,7,9457,"R B D R B2 D R2 D B' D2 R2"
424074,16725433122212,7,10210,"R B R2 B' D' B2 R B' D' B2 R2"
424274,16725433333232,7,9138,"R B R2 B R' B R2 D' B D B'"
427476,16735242122213,5,15049,"R B R2 B2 D' R B' D' R D R'"
429045,16742352232313,7,10159,"R B D2 B' R2 B R' B D R' D2"
430564,16743252323222,7,8950,"R B R2 B D R' D B D R2 B'"
431844,16745232121313,6,20647,"R B2 R B' D B2 D' B2 R D' B'"
431851,16745232122222,7,13829,"R B R2 B2 R B D B' D2 B' R"
432084,16745233121213,6,13227,"R B R2 B2 R B R D' B2 D' B"
432294,16745233333313,7,17015,"R D' B2 R B R2 B' D' B2 D' B'"
434592,16753241221112,7,14813,"R B D' R B' D2 B R' B' R' D'"
444690,17246351111111,6,58286,"R B R B2 R D' B' R B' D2 R2"
454659,17265433111313,6,22578,"R D2 R B R' D R' B2 R' B R'"
454984,17324561211323,7,11867,"R D2 R B' D B R2 D' R B R2"
455048,17324561232332,6,10005,"R B R D B2 D B R2 B2 D' B'"
458145,17326452212111,8,13180,"R2 B2 R' B' R' D R2 D R2 D' R2"
466656,17356241212313,6,12185,"R B R' B' R D2 R B R' D2 R2"
466892,17356242211331,7,12070,"R2 B R2 B R2 D B D' R B' R'"
468105,17362451211311,7,10056,"R B R D2 R D' B' D R' D2 B"
468160,17362451231321,6,11076,"R B D R' D2 B D' R' D B' R2"
468366,17362452213311,7,13182,"R D' B2 D' R B2 R B2 D B D2"
469616,17364251231231,8,9614,"R B2 D' B2 D R D2 B2 R' B' R2"
473711,17423653213232,8,8283,"R B2 R' B R2 D' B R D R' D2"
474615,17425631122112,6,17621,"R B D' B' R B' R' B R' D R'"
474705,17425631223113,7,10024,"R B D B2 D B2 D' B2 R B R2"
474759,17425631313113,6,17423,"R B D R2 D R2 D' B2 R D R2"
474777,17425631322113,8,7400,"R D R2 B' R B' D R D R' D2"
474785,17425631322332,6,16720,"R2 B R D2 B R' D R2 D R' B2"
474786,17425631323112,6,15952,"R D B2 R' B D' B D B R' B2"
474790,17425631323223,6,13504,"R B D2 R' D R' D B D2 R D'"
474804,17425631332112,7,9970,"R B D' R' B R' B' R B' D R'"
476051,17426531112233,8,9407,"R B D' R2 B D' B' D' R2 D2 B"
476067,17426531121212,8,9226,"R B2 R D B2 R' B2 D R D B'"
476106,17426531132312,7,15900,"R B2 D' B R2 B2 R' B D2 R' B2"
476137,17426531213123,7,15836,"R D R' B2 R' B R D B2 D2 B"
476167,17426531223221,8,6208,"R B R B D2 R2 B2 R B2 R' B2"
476186,17426531232233,5,24289,"R D' R' B2 R' D' R2 D R B2 D'"
476219,17426531313131,8,10382,"R B2 R D B' R B D B2 R D2"
476261,17426531331332,8,6584,"R B D2 R' B' R' B2 D B' D2 B"
476310,17426532121211,8,7737,"R B R B' R2 D R' B2 D2 R B'"
476504,17426532331331,8,7361,"R B2 D R2 D R' B R2 B R B"
479279,17435622211133,6,21783,"R B2 D' B R D R2 D2 B' R D"
479521,17435623211123,5,26263,"R B2 D' R B D R2 D2 B' D B"
480623,17436521323232,7,18298,"R B R' B D2 R D' B' D' B2 D'"
481730,17452363213232,7,10724,"R B2 R' B R2 D' B R D R' D'"
481826,17452363322132,7,7314,"R B R2 D' R' D' R B2 R B R"
482459,17452633213232,7,10656,"R B D' B2 R2 B D' B2 D' B2 D2"
482924,17453262211133,8,10263,"R B R2 B' R D' B R2 B' R2 B"
485862,17462352213311,6,20148,"R B2 R B D2 B' R' B2 D R B"
487008,17463251122112,7,12434,"R B D2 R D' B R2 B2 D' R' B2"
487088,17463251221331,8,6630,"R B R2 B D B' R2 D R B D'"
487152,17463251313113,7,11818,"R B R' B' D' R' B2 D R' B2 R"
487166,17463251321231,6,22120,"R B2 R D' R2 B D R D2 B' R2"
487179,17463251323112,6,26232,"R D2 R B D2 B2 D' B D2 R' B'"
487192,17463251331221,8,6952,"R B D2 B' R' B2 D R' B R D'"
493588,17526431131121,7,11935,"R B D2 R' D' B' D R' D B' D2"
493675,17526431231321,5,34177,"R B2 R B2 D2 R D2 R' D2 R2 B'"
493826,17526432123233,6,23451,"R D B R' D B' D B2 D' R2 B'"
500094,17543261111111,6,76180,"R D B' R2 B R' B D R2 B2 D2"
500157,17543261132111,6,12731,"R B R2 B D B2 R' B2 D R B2"
516861,17642531111111,6,17510,"R B R B2 R D' B' R' D2 R2 B"
516875,17642531112233,7,12466,"R D B' D' B R2 B R B2 R2 D'"
517521,17642533312211,8,9020,"R B R D' B2 D' R' B D2 R' D2"
517626,17643251122112,7,14681,"R B R' B R' D2 R B' D' B' D'"
524880,21345671111111,7,26498,"R B' D2 R' B R' B' R D2 R B"
525985,21345762223322,8,13658,"R D2 B' R2 B R2 D' R D2 R2 D'"
526030,21345762312323,6,16514,"R B' R B' D R2 D2 B2 D B R'"
526036,21345762313223,6,22157,"R B D2 R' B R D2 B2 R D' R'"
526325,21345763332233,7,15517,"R B D2 R2 B' D' R B' D R2 D"
527497,21346752313322,7,19720,"R D R2 B2 D R' D' R' B2 R2 D'"
528217,21347562312323,6,20512,"R2 D2 R B' D B R2 D' R B R2"
529290,21354671122112,7,10818,"R B R D2 R B' R D2 R B2 D"
529314,21354671131313,8,10537,"R B' R2 D2 B R' D2 B D' R' D'"
529362,21354671221112,8,6653,"R B R2 D B2 D R' B D2 B D"
529660,21354672311123,7,18294,"R B' D2 R D2 R' D B' D2 B' D"
529661,21354672311132,7,16294,"R D R2 B2 D B' R D' R2 D R'"
529680,21354672313211,6,46211,"B2 R B' D R D2 B' R D R2 D'"
529794,21354673131113,8,7593,"R B' R2 B D B2 R' D2 B R B'"
529997,21354761112233,6,16928,"R B2 D2 R' B' R D' R2 B R' B2"
529998,21354761112311,7,10989,"R B D B' D2 R2 D B' R B2 R2"
530004,21354761113211,7,14997,"R B2 D2 R2 D B R B' R D' B2"
530008,21354761113322,6,15258,"R B2 R D2 B2 R' D R' B2 D2 R2"
530022,21354761122211,7,12792,"R D R D' R B' R B2 R' D2 B"
530061,21354761133311,7,14281,"R B2 R2 B' R B' R2 D B' R' D2"
530331,21354762213311,6,18214,"R B R' D2 R B R' D R' D B2"
530643,21354763312211,6,18871,"R B D' R B' D' R2 B' R2 B' D'"
532575,21357462311111,7,17855,"R B' R2 D2 R B D2 B R D' R"
532763,21357463213331,6,11956,"R B2 R' B R' B' R D' R2 D B2"
533252,21357642221132,7,14139,"R B2 D B2 D R B2 D' B R' B2"
534762,21364752311111,7,14592,"R B R2 D' B' R2 B' D' B2 R D"
534936,21364753212212,6,10687,"R B R D B D' B2 R B2 R B2"
536172,21365742221312,5,11746,"R B R D' B2 R B R2 B' D' B'"
536236,21365742312323,6,16103,"R D R' B R2 D R' B' D' B2 D'"
536714,21367451311331,8,7203,"R B D R2 B D2 B R' D B2 R2"
536796,21367452112112,8,6936,"R B R2 D' R B' R2 B' R2 D' R2"
539452,21374653333121,8,9634,"R B2 R D R2 D R' B' R2 D2 B'"
539879,21375462312233,7,14771,"R B R D2 R D' B' D R' D2 R'"
540183,21375463333211,7,14383,"R B' R D' R2 D' B' R' D B2 R"
541648,21376541111123,7,8397,"R B D B' R B2 R' B D' R B2"
541662,21376541112311,7,11333,"R B D B' D2 R2 D B' R' B2 R2"
541686,21376541122211,7,12812,"R D R D' R B' R B2 R' D2 B'"
541703,21376541131133,7,12519,"R B D R' D R B2 R2 D' R' B"
550585,21457631321123,7,18241,"R2 B D2 R' D R' D B D2 R D'"
556206,21473563331312,5,14719,"R B R2 D2 B D' B D' R D' B'"
562421,21536742222131,7,12569,"R B2 R D2 B' D' B R' B R' D"
587959,21654372231323,7,14839,"R B2 D R2 D' R D' B D' B' D'"
587977,21654372233321,7,9548,"R B2 R2 D2 B' D R B' D B' D2"
588286,21654373332122,7,11696,"R B2 D2 R2 B R' B R2 D' R B'"
588289,21654373332221,7,9178,"R B2 R' D' R2 B D' B2 D R' B2"
595883,21734652123131,7,9144,"R B R D R D2 R D' B R2 D2"
615566,23147562123131,4,25766,"R D R D2 R D B2 D' B' D2 R"
616021,23147651112323,6,10708,"R B D B2 R2 D B' D' R B2 D2"
616426,23147652312323,6,10917,"R B2 R B D2 R2 D' R' B2 R D'"
618311,23156471222132,8,8411,"R B2 R' D R2 B' R' D' R2 B R"
618428,23156471333132,7,8801,"R B R B2 R B R D' B2 R' B2"
618893,23156473323332,8,7475,"R B R' B2 D' R2 D R' D2 B R'"
619793,23157461231333,7,10994,"R B R' D2 B' R D R' B2 D2 R2"
619948,23157462131123,7,17021,"R D B' R B' D R' B2 R D2 B'"
621695,23164573213133,7,11547,"R B R B2 R D' R D' R B R"
622140,23164752131312,5,33650,"R B D R2 B2 D B' D B' R D'"
622563,23164753333313,7,12329,"R B R D2 R2 B' R B' R2 D2 B'"
622566,23165471111111,6,13407,"R B R' D R' B R2 B2 R D' B'"
622730,23165471311133,6,15562,"R B2 R B2 R2 D B D R' D2 R'"
622739,23165471312132,7,10915,"R B D R' D2 B R D' B R2 B"
622810,23165472111122,6,15108,"R B2 R2 B' D2 B D B' R2 D B'"
622817,23165472111332,7,9908,"R B R2 B R B2 D B2 D R2 D"
622880,23165472132332,8,10462,"R B' R B' R2 B R' D R B2 D'"
622971,23165472311111,7,10062,"R B D' R D2 R' D B R2 D2 B2"
623209,23165473233221,8,11567,"R D R' D2 R B D' B D' R B2"
623311,23165741112323,6,14750,"R B R2 D' B D R2 B2 D R' D'"
623436,23165741231312,7,11460,"R B2 D' R2 D B2 R' D R2 D2 R'"
623585,23165742123131,4,24668,"R B D B2 D2 B D R D' R2 D'"
623599,23165742131321,8,17654,"R D2 B' R2 B D2 R' D R2 D2 R'"
623600,23165742131333,4,40163,"R2 B2 D2 B' D B' R2 D' R D' R2"
623716,23165742312323,6,16238,"R B' R' B R B2 R2 D2 R B' R"
624003,23165743331312,7,15272,"R2 B2 D2 B' R B' R2 D' B D' R2"
624913,23167541233322,7,10960,"R B2 D' B2 R D' B' D R' D R'"
625054,23167542131222,6,21722,"R B2 D' B2 R D' R' B R' B D'"
626501,23174652123131,4,23778,"R B R2 B' R D2 B' R' D2 R B'"
627511,23175463211222,7,12159,"R B R' D2 B2 D B' D2 B' R2 B2"
628708,23176452132221,7,12639,"R B2 R2 B' R D' R D2 R B D2"
629114,23176453332233,7,13011,"R B D' R D' R2 D B R2 D' R"
632316,23416752121211,7,15602,"R B' R B' D' B D2 B R D' B2"
633403,23417563232123,7,10421,"R B D' B2 D B' R B' D2 R2 B2"
636272,23456173212332,7,8827,"R B R' B' D' R B2 D' B D2 B'"
636328,23456173233122,8,7859,"R B' D R D2 B2 R B D2 B2 R'"
637001,23456713212332,8,8127,"R B R2 B' R2 D B' R2 B R B'"
644706,23475162121112,6,16524,"R B R2 B R2 B' D R' B' D2 R2"
650573,23517462131333,7,14089,"R B' R B' D' B D2 B R D' B"
664522,23576412233321,7,8920,"R B D B' R' B D2 B D2 R' B2"
664540,23576412312323,7,8629,"R B R B' R' D B2 D B2 R' B2"
676782,23657142121112,6,21082,"R B' R D R2 B2 D R' D2 R D2"
678257,23671452122333,6,21610,"R2 B' R' B R' D B2 D R' D B2"
680065,23674153232321,8,8196,"R B D R' B2 R' B' R' D R2 B'"
691156,23751461132123,6,11990,"R B R' D' R B2 R B2 D' R2 D"
691594,23751463112321,7,15569,"R B R' D R D B' R2 D R B'"
694619,23756143222331,7,8227,"R B' D B D2 B' R D2 B' D2 B"
694860,23756411222312,7,11330,"R B R' B R2 B2 D' R B' D' R"
695340,23756413222112,8,10180,"R B D' R B2 R2 D' R D' B' R"
695355,23756413223312,7,10547,"R B R' D' R B' R2 D2 R D' R"
695427,23756413322312,8,7075,"R B D' B' D B' R2 D2 R B' R"
704651,24153672321233,7,11317,"R B R B2 R2 D' B R2 B' D2 B2"
707313,24157361313212,6,12648,"R B2 D B R2 B R2 D2 B D' R2"
707580,24157362323111,7,16255,"R B2 D B R2 D2 B' R2 B D' B2"
712058,24167353132232,7,14045,"R D B' R2 D R' B D B' D2 B'"
714146,24173652323231,7,8540,"R B R B' R2 D R' D' R D' B2"
717990,24315673311311,7,23426,"R2 B D' B' D' R D2 B' D R2 D'"
718108,24315761122322,7,10951,"R B' R2 B' D' B2 D' B R B2 D2"
718414,24315762213323,5,45698,"R B R' D R B2 D' R D R2 D'"
721803,24351671212211,7,15559,"R D B' R' D' B D2 R' B D2 B'"
722198,24351673111133,6,20335,"R D B' D B2 D' B D' B R D2"
722364,24351673311311,7,23699,"R2 B D2 B' R2 D R' D2 R B D'"
722440,24351761111123,8,14639,"R2 B D2 B2 R2 D' R' B R' B D2"
722534,24351761212232,6,12972,"R B D' B' R B' D2 R2 B' D' B2"
729936,24367511323112,8,12519,"R D' R2 B D' R D' R' D' B R2"
730216,24367513111121,8,7963,"R B R' D2 R B' R B' R2 D2 B2"
734464,24376512222122,7,13954,"R B' R D2 R D' R D' R2 D B2"
737415,24516732233111,7,15263,"R B D R2 D R' B' D R' B2 R'"
739738,24531673123121,7,8551,"R D B R2 B' D R2 B' D2 B D'"
742019,24536713231232,7,8465,"R B R D2 B D2 B2 D R' B2 D2"
743479,24537613231322,7,13232,"R D2 B R2 B' R B' D R' B' D"
743825,24561372111131,6,15640,"R B' D2 B R' B R B2 D' B R"
745797,24563711121212,7,15761,"R B R' B2 D' R' B2 D B D2 B2"
746042,24563712121232,6,17565,"R B R' D2 B' R' D2 B R D2 R2"
746284,24563713121222,5,26032,"R D2 R' B' R D' B D2 B D' R"
748308,24571362221213,4,27391,"R B R2 B D R' B2 R' B' R2 D"
748713,24571631121212,7,13328,"R B R' B R B2 D2 R' B2 R2 D'"
753803,24615371112332,7,10964,"R B D2 B R' B' R B' D2 R D'"
754134,24615372213311,7,16864,"R2 D R' B D R2 D B2 R2 D B"
754557,24615731122313,6,19018,"R B2 D' B2 D B2 R' B D2 B2 D'"
754586,24615731132333,7,21252,"R2 B R2 D2 B2 D' B R' D B2 D'"
754765,24615732111323,8,13625,"R D2 B' D2 B D2 R' B D2 B2 D'"
754863,24615732213311,6,21773,"R B R2 D' B R D2 B2 R B' R'"
754918,24615732233321,6,16616,"R B' R' D B R2 B2 D2 B R' D"
755026,24615733113323,7,20541,"R2 B D2 R2 B2 R' D B' D B2 D'"
755164,24615733311122,6,19386,"R B R' D2 B2 D R D R' B2 D"
756376,24617532233321,6,19156,"R2 B2 R B' R D R2 B' R B D2"
760754,24637512311132,4,25376,"R D R B2 R B R2 B' D' B2 R"
761827,24651731113223,8,9756,"R B D' B D' B D2 B2 D R D"
762047,24651731333333,7,8858,"R B R2 B D' B' D B' R2 D B'"
771938,24715363311332,7,11378,"R B R' D' B R' D2 B2 R' B' D2"
772011,24715631111111,6,13726,"R B D B2 D2 B R D' B D' B'"
772048,24715631122121,7,10067,"R B' D2 B R B2 D2 R2 B R' B'"
772049,24715631122133,6,23895,"R B R D2 B2 D' R' B' R B2 R2"
772438,24715632313223,6,17685,"R B R D' R B' R' D2 B2 R' B"
772506,24715633112111,7,7914,"R B R D' B R' D R2 D2 R B'"
772553,24715633131131,7,10314,"R B' D B2 R' B2 R B' D B R"
773924,24716532323231,7,17904,"R B' R2 B' D B R2 B R' D2 R'"
774198,24731561111111,6,56124,"R2 B R' B R2 D R' D' B' D2 B'"
774608,24731562311231,7,16894,"R B2 D R B2 D2 R' D2 R D' B2"
778211,24736512222332,7,17219,"R D B' D R' B R' B2 R D2 B'"
778928,24751362221231,7,14804,"R2 B R2 D2 B' R' B D' B R2 B"
779004,24751362321113,7,19202,"R2 D B2 R2 D' R' D R' B R2 B"
783787,24761531221223,8,10993,"R D R' D2 B R' D B R' B2 R'"
784404,24763151111111,6,17448,"R B R' B2 R D' R D' B2 D2 R2"
787194,24765313222112,7,12036,"R B D' R B' D R2 D R' D R2"
787723,25134672233321,7,13271,"R B D' R2 B R D R2 B' D B2"
787741,25134672312323,7,12527,"R B R' D2 B R D B2 R' D B2"
787746,25134672313211,6,37853,"R B' R B' D' B D2 B D R D'"
790236,25137461111111,6,30378,"R B' R B R' D2 R' D' R' B D'"
790324,25137461211323,6,15213,"R B R2 B' R D R2 D2 R B R'"
796813,25163741112323,5,21730,"R B R2 B2 D2 R' B' D R' B R2"
805308,25314673111313,6,29971,"R2 B D' B R' B R B2 D2 R2 B"
805310,25314673111331,7,22779,"R2 B R2 D2 B2 R B D' R D' B"
805362,25314673131311,7,23418,"R2 B R' D B' R D B2 R2 D2 B"
809700,25341673113311,7,27206,"R2 D R' B' D' B R2 D' B R2 B'"
810346,25341762313223,7,14052,"R2 B R' D R B2 D2 R' D2 R D"
815432,25364172311231,8,19962,"R' B R B' D2 B D' B R B2 D2"
815639,25364173223231,7,9424,"R B R D' R' D' R B D' R B2"
817291,25367411211122,7,11840,"R B D2 B2 R B' R B' R D R2"
822762,25413672323111,8,20133,"R' B R D' B2 D B' D R B2 D2"
823558,25413763121222,5,14448,"R B R B' R B R2 D' B D B2"
829041,25436711311313,7,10973,"R B2 D2 R2 B' D B' R B2 D' B"
829162,25436712123122,7,10307,"R B D2 B R B2 D B2 D B2 D"
829169,25436712123332,7,14921,"R B2 R2 B' R2 B D R' B2 D B'"
829180,25436712132122,8,10584,"R B' R D2 B' D' B D' R2 D R'"
829328,25436712323231,7,9894,"R B R' D R2 D' R B R2 D2 B2"
829510,25436713232321,8,7386,"R B' R' B' D R2 B' R2 B D' R"
829585,25436713332122,7,14661,"R B2 R' D B' D2 R2 B' D' B2 R'"
833831,25463713212332,9,5445,"R B R' B' D2 B' D' B2 R B2 R'"
835886,25471362323132,6,15469,"R B' R2 B D' B D B2 R' D R"
836337,25471631312213,7,15255,"R B' D R2 D R' D R' B' R2 D2"
845002,25631741212121,7,16688,"R2 B R' D B' D' R B2 R B D'"
847049,25634713321232,8,11076,"R B2 D R' B' D2 R D2 R B2 R2"
848657,25641371213132,7,9773,"R B D2 R2 B2 R' B D' B D2 B'"
859781,25714632123131,7,16525,"R D R2 B2 D R' D B' R2 B R'"
859868,25714632223331,7,17718,"R B' R2 D R2 D' B R' D2 R' D"
859917,25714632313211,6,39954,"B R2 B' D' B D2 R' B' D R' B2"
860012,25714633121333,5,19931,"R B' R' B D2 B R' D' B R2 B2"
861043,25716431212223,5,21647,"R B D' B D' R2 D R B2 D' R"
861564,25716433223213,8,9455,"R B2 R2 B' D B' R B2 R B D2"
862797,25731642232211,6,23990,"R2 B R' B D R' B2 R' D2 R D"
863487,25734162221111,7,11456,"R B R2 B2 R B2 D R2 D2 B R'"
864376,25734613113323,7,17414,"R D2 R B D2 B D' B' D2 R2 B'"
864595,25736141111123,6,12257,"R D R' D' B' D2 R2 B' R D' R"
864752,25736141233232,7,16615,"R D2 B D2 B' R D' R D' B' R'"
865395,25736411133113,8,9231,"R B' D B D2 R' B2 D R B2 R'"
865465,25736411231321,8,11515,"R B2 R' D' B R2 D' B' R' D B2"
865518,25736411321312,8,6259,"R B R D2 R B2 R D' R' D B2"
865539,25736411331113,7,9247,"R B' R B D2 R' D2 B R D2 R'"
865854,25736413123112,7,9191,"R B D B2 D R2 D R' B' D B2"
866196,25741361232113,7,18142,"R B' R D2 B' R D R' B D2 B2"
867148,25741632222323,7,15103,"R B2 D B2 D' R D' R B' R' D'"
867202,25741632312323,7,9470,"R B2 R2 D2 B' D B D' R B' D2"
868397,25743611233232,7,9184,"R B2 R D2 R2 B D' B' R D' B"
872255,25763142223133,7,24387,"R B' D2 B R B2 D' B R2 B' R'"
872845,25763411332322,7,10107,"R B D' R D2 R' B D' B D R2"
877297,26135742132221,8,10731,"R B' D2 B' D' B2 D' R D B2 R2"
877336,26135742213323,5,26372,"R B R' B D R2 B' D R B2 R'"
877461,26135742332312,8,10365,"R B' R2 B' R' D2 R' B D B2 R2"
883585,26153471122121,7,11126,"R B2 D' R' B2 R D2 B' D R B2"
884090,26153473131131,7,15979,"R B D2 B2 R D' B D' R B R"
884098,26153473132121,7,9781,"R B2 R' B2 R B2 D2 R' B' R2 B2"
885477,26154372332213,6,26394,"R2 B' D2 B R' D R' B2 R' B R'"
892028,26175432331133,7,12710,"R B2 R D2 B' D' R B' R B' D"
895305,26317451212211,7,26279,"R2 B2 R' D' R' D B2 D B2 D' R2"
898983,26345711223113,8,7471,"R B R2 D' R2 D' R D' R2 B2 R"
905913,26371453112111,7,11704,"R B2 R' B' D' R D2 B D' R B'"
912184,26415731322323,7,11765,"R B R B' D2 R B D2 B' D' B'"
912253,26415732121223,5,11902,"R B R2 D' B D2 B' D' R2 B2 D"
912382,26415732233321,6,16031,"R D R' B2 R' B' R' D R2 B D'"
916714,26435712222122,4,36177,"R2 B R2 D2 B2 D' R D' R B2 R'"
916756,26435712233321,6,15782,"R B' R D' B R2 B2 D2 B R D'"
916760,26435712311132,4,23900,"R B R B2 R2 B R B D' B2 D'"
916801,26435712322322,8,17663,"R D2 B' D2 B R2 D' B R2 B2 R'"
917002,26435713311122,6,21063,"R B D' B2 R2 B R B D' B2 R"
917075,26435713333133,7,12607,"R D B2 R2 D' B' R B' R B2 R"
918096,26437512122312,6,21731,"R B2 D' R2 B D' B' R D' R D'"
920324,26453172211133,7,23889,"R B' R2 B D B2 R' D R2 D' R'"
920969,26453711333333,8,7742,"R B2 R2 B R' D2 B R2 B D2 B2"
927325,26513471122121,7,13298,"R B2 R D' B2 R' B' R' D2 R' B"
930930,26517343333313,4,18016,"R B2 R2 B D2 B2 R2 B' R2 B2 D"
934575,26534713333313,7,18676,"R D' R B' R B2 D R' B' R' B2"
937494,26543171111111,6,16987,"R B R' B2 R D' R D R2 B2 D2"
937539,26543171123111,7,9599,"R B R2 B' R D' R2 B R2 B' R2"
940228,26547313131323,7,12584,"R B2 D2 B' D R' D R2 D' R2 D"
943305,26573413331312,5,13685,"R B R2 B2 R' B D2 R' B2 R B"
947063,26714531212133,6,19968,"R B R' D B' R D' R2 D R2 B'"
947243,26714532121133,7,14031,"R B2 D R2 D R D2 B' D R' B2"
949057,26715433231322,8,10371,"R B D' R B D2 B2 D' B' D2 R"
953676,26741351232113,7,11940,"R B R B2 D2 R B D2 R2 B' R'"
955994,26743512121232,6,21156,"R B' R2 D' R' D R D' B2 D B"
962336,27134561131133,6,17948,"R B R' B' D R D' R D2 R' B"
973622,27154632311132,7,9708,"R B R' D R2 D R D B R2 D2"
980931,27314652313211,6,66653,"R B' R B D B2 D B' D' R D'"
996978,27365412321212,7,15593,"R B' R D2 R D' R D' R2 D B'"
999270,27415363131113,7,12363,"R B R' B D' R' B R B D2 B2"
999914,27415632323231,7,15690,"R B D2 R' B' R2 B' D' R2 B D"
1000141,27415633321322,7,16900,"R D R' D R D' B2 R D' R B'"
1001237,27416532133232,8,7164,"R B D2 R' D B' R2 B' R2 D' R2"
1001597,27416533321232,8,13286,"R B' D B R' B R' B2 D R D2"
1004116,27435612122222,5,32861,"R B R D2 B2 R D' B D' B D'"
1007523,27453161123111,7,9946,"R B R2 D B2 D R2 D2 B' D R"
1007541,27453161132111,8,10346,"R B2 D' B' D' B2 R D' B2 D' B2"
1009489,27456133132223,7,12775,"R B R' B' D B R2 D2 B2 D' B"
1017684,27516341111111,6,17913,"R B R B2 R B2 R B R B2 D2"
1020600,27534161111111,6,24289,"R B R B2 R D' B' R B' R2 D"
1020601,27534161111123,6,13381,"R D' R2 D' R B2 R D2 B D R2"
1021005,27534162311111,7,9074,"R B D B' R2 D B' R' B D' B2"
1021736,27534612311132,4,24516,"R B D2 B' R B2 D' R' B2 R B'"
1023261,27536412332312,7,12297,"R B2 R2 B' D R' D R2 D B D2"
1025704,27543611111123,7,12592,"R D2 R' D2 R' D R' D2 B2 D' R"
1025705,27543611111132,7,9937,"R B R' B2 D2 B R2 B D2 R B"
1027540,27546312231122,6,20999,"R2 B2 R D2 R2 D B2 R' D2 R2 B"
1033715,27613543333133,5,13946,"R B' R B R2 D2 B R' B2 R B2"
1034378,27614353311332,7,11968,"R B D' B R' B R' B2 D2 R' D'"
1036088,27615431312333,7,13290,"R D B D2 R2 B D' B R' D R'"
1036177,27615432113321,7,19597,"R D R2 B2 D R2 D R B' R B2"
1036578,27615433313213,7,10153,"R B R B2 R2 B D' R B' R B"
1038881,27634511131133,7,9085,"R B2 R' D' B' R D2 R B2 R' B2"
1039228,27634512233321,6,11130,"R B2 R B R2 D2 R' B' D2 B D'"
1043852,27643513311233,7,14182,"R D2 R2 D R2 D2 B2 D B2 D2 R'"
1052607,31246753312211,7,18647,"R D2 R D R2 D' B' R2 D B R"
1053428,31247651113232,8,10963,"R B R2 D2 B D2 B R' D' B2 D'"
1053617,31247651323232,8,8779,"R B' D2 B D' B D2 R' B2 R B2"
1055731,31256471231222,6,10224,"R B R B2 D B2 D2 B R' B2 D2"
1057414,31257462222221,5,17067,"R D2 R2 B2 D' R' B D' R2 D B'"
1057470,31257462312311,7,13678,"R B2 R2 D2 B' D' R D' R2 D B'"
1058428,31257643311122,6,16346,"R B D2 B' D B' R B2 R' D2 R"
1058790,31264572122213,5,18244,"R B D' R2 D' B D B R2 B2 R"
1059063,31264573132313,8,6332,"R B R B' D2 B R' D' B2 D2 R'"
1059115,31264573222223,8,7404,"R B2 R D' B2 R B R2 D' B' D"
1059544,31264752132122,8,9888,"R B2 R D' R B' R' B2 R' B2 D2"
1059661,31264752313121,5,21177,"R B2 R B' D B' D' R2 D' B2 R2"
1059966,31265471111111,6,16182,"R B' D B2 D' B R' D R2 B2 D2"
1060002,31265471122112,7,8571,"R B D2 R D' B R2 B2 D' R D2"
1060004,31265471122133,7,13961,"R B2 D R' B D R2 B' R D' R'"
1060140,31265471312213,7,13362,"R B R2 D' B2 D B D2 B' R2 B"
1060146,31265471313113,7,7989,"R B R B' D2 B D' B2 R D' R"
1060155,31265471321111,7,9591,"R B R2 B D' B D B2 R' D R'"
1060369,31265472233321,6,25458,"R2 B R' D2 B' D R D' R D2 B2"
1060385,31265472312233,6,24127,"R B R2 D' B2 D R D2 R' D2 R"
1060856,31265741233331,6,13849,"R D R D' B D' R B2 R B R"
1062518,31267542222233,7,12750,"R B2 R D R' B R2 D' R D B'"
1062578,31267542313133,6,22626,"R B' R D2 R' B D2 R' B2 R B2"
1064354,31275461112233,8,12156,"R B' D R2 B2 D2 R B' D R' B"
1064543,31275461322233,6,22262,"R B' D B2 R2 D2 B D' B D' R"
1064658,31275462133211,7,14314,"R B R2 B R' D2 R D2 R' B D'"
1064712,31275462223211,8,9654,"R B R2 B D' R2 D R2 D' B D'"
1064748,31275462311213,7,14536,"R B D2 B D' B2 D B2 D' B D'"
1064757,31275462312212,6,20171,"R B D2 B R' D2 R B2 R' B D'"
1064989,31275463311122,6,19089,"R B2 D' B D R D2 R2 B' R B"
1066120,31276452133322,7,10461,"R B R2 B' R D2 B2 R D' B D2"
1066227,31276452313313,7,12574,"R B' D R' B R2 D R' B' D' B2"
1071840,31452671323211,7,10505,"R B R D' B2 D B' D R B2 D2"
1071860,31452671332232,7,9314,"R B D' B D R D' R2 B R D'"
1072079,31452672322331,7,10363,"R B D' B' D B2 D B2 R' B2 R"
1074064,31456722111221,7,12799,"R B D R B' D2 R2 D' B2 R' B"
1076733,31462751111111,6,33383,"R B D' R2 D B' R D B2 R2 D'"
1076758,31462751113322,7,11125,"R B D' B' D R2 D B R2 B2 D'"
1082039,31475261322233,7,13820,"R B2 R' D2 B2 R' B D B' D2 B"
1082301,31475262331313,7,11821,"R D2 R2 B2 D' B' R D' R2 D R'"
1082317,31475262333221,8,9984,"R B2 R2 D2 B' D' B D' R2 D R'"
1085464,31524673332122,8,12684,"R D' R' D' R B' D' B2 D' R' B"
1089109,31527643332122,8,7247,"R B R' B R B' R D' B2 D2 R"
1095291,31564272212111,7,20076,"R2 B D2 B2 R D' B' D B2 R B"
1095306,31564272213311,7,8871,"R B D R' D R2 D' B R' D R2"
1095468,31564273113311,7,11124,"R B D B' R B R2 B2 D' B' R"
1097912,31572461122133,5,25770,"R B R2 D2 B R2 B R D' B R2"
1102991,31624751112233,7,9912,"R B R2 D' R2 B D' B' D B' R2"
1103637,31624753312211,6,16819,"R B R D R D2 B R' B D2 R2"
1105523,31627452221333,7,13355,"R B' R' B R' D B2 D R' D B2"
1112884,31654272313322,7,13828,"R B' R B2 R D' R B' D2 B R2"
1130896,31754621331122,6,16526,"R2 B R2 B D2 R B D' B D' B'"
1136224,31765242322121,8,11945,"R B' D B' D2 R B' R D R2 D"
1137240,32145671111111,6,63492,"R2 B' R B' D' B D2 B D R D'"
1137293,32145671123333,8,7721,"R B2 R' B R2 D' R' D' B R' B'"
1137307,32145671132222,8,8963,"R B2 R' D B' R2 D2 R' B' D2 B'"
1137348,32145671221112,7,12032,"R B' R D2 B R2 B' R B' D2 B2"
1137482,32145671333333,7,11831,"R B2 D' B D R' B R' D2 R' D"
1137509,32145672113333,8,7051,"R B D2 B' D R2 B' D' B R2 B2"
1137577,32145672212222,7,9807,"R B D' R2 B2 D' R D B R2 D2"
1137739,32145673112222,8,7510,"R B R' B2 D2 R D' R' D B' R"
1137888,32145673311113,8,9776,"R B2 R D B' R D2 R' B2 D R2"
1139578,32146751232323,6,20109,"R B2 R D B2 D2 B' D R2 B' R'"
1139818,32146752232223,6,23648,"R D R2 B' R B2 R' B D' R' B'"
1140583,32147562313223,8,8564,"R B R D' R D2 R' B R' D B2"
1140638,32147562333233,6,26481,"R2 B R' B' D R D' R D2 R' B"
1140938,32147651123333,8,10072,"R B2 R D R D2 B D' R2 D' R"
1140952,32147651132222,8,8833,"R B R' B D' B2 R2 B R D B2"
1140992,32147651213333,8,10032,"R B' R D R' B D2 R2 B' R D2"
1141060,32147651312222,8,9050,"R B D R' D2 B2 D' R' B R2 D'"
1141154,32147652113333,8,8713,"R B R B' D2 R2 D B D B' D2"
1141271,32147652231332,8,10462,"R B R D' B2 R2 B R D B' D2"
1141284,32147652233213,7,22333,"R D B2 R2 D2 B R B' D R' D'"
1141351,32147652331322,7,21357,"R B2 R2 B' R' B R' D B' R B2"
1141356,32147652332213,6,25268,"R D R2 B2 D2 R D B' D B' D'"
1141384,32147653112222,8,8929,"R B D B2 D2 R' B D' R D B2"
1143072,32156471111111,6,45735,"R B D' B D' B D2 B2 D R' B'"
1143093,32156471113211,7,7884,"R B R' B D2 B' R B R2 D2 B2"
1143224,32156471232332,8,8101,"R B R' D' R D2 R B' R D2 R'"
1143494,32156472312332,8,6429,"R B D' R B' D' R2 B2 D' R B'"
1143542,32156472332132,7,9999,"R B D B' R B' R D2 R' D2 B"
1143547,32156472332321,6,14162,"R B2 R' D B2 D' R D2 B' D' R2"
1143557,32156472333332,6,20397,"R B2 R2 D2 R' D B D2 B2 R2 B'"
1143685,32156473223123,8,7799,"R B R B' R B2 R' D2 B R' D"
1143817,32156741112323,5,48639,"R2 B R' B D R2 B' D R B2 R'"
1144207,32156742311123,5,17796,"R B R D B2 R' B R' D' B2 D2"
1144228,32156742313223,8,10839,"R B2 D' B D' R D2 R D R' D2"
1144280,32156742333131,7,13434,"R B R B2 R B R' D B2 R D2"
1145410,32157641232323,6,19231,"R B2 R B' D2 R D B D2 R' D2"
1145644,32157642231323,7,10681,"R B D2 B R B' D2 R B D B'"
1145988,32164571111111,6,47165,"R B' R D2 R' D2 B D' B' R' B"
1145993,32164571111231,8,8510,"R B D B' D2 R D2 R' B R' B"
1146139,32164571232323,6,19261,"R B R2 D' B R' B R B D' R2"
1146379,32164572232223,6,21342,"R B' R B' D R D' B D B' D'"
1146381,32164572232313,6,14618,"R B' R D' R B2 D' R' B D2 B'"
1146391,32164572233321,7,18135,"R B' D2 R B D2 B R2 B D' B2"
1146409,32164572312323,6,22093,"R B' R2 D B R2 B R2 B D' R2"
1146684,32164573323212,7,10599,"R B2 R B' D B2 D2 R B R2 B'"
1148175,32165741111111,6,50370,"R D B' D B' D B2 D2 B R' B'"
1148177,32165741111132,7,7961,"R B D2 B D' B' D R' D' R2 D"
1148332,32165741233223,8,9736,"R B2 R B2 D2 R' B D' B2 R2 D2"
1148499,32165742211112,7,11234,"R B' D2 R D' B' R D B' R D2"
1148634,32165742331112,6,16839,"R B R2 B R' D R' B' R' B R2"
1148825,32165743311131,7,9561,"R B R B2 D2 R2 B R' B2 R B'"
1148904,32167451111111,6,51899,"R B' R B R' D2 R' D' R' B D2"
1149011,32167451213333,8,8397,"R B2 D' R' B D' R B2 D' B D'"
1149025,32167451222222,7,11389,"R B D' B2 R D B2 D B2 D2 R"
1149079,32167451312222,8,6548,"R B R' D2 R' B2 R D2 R D B2"
1149138,32167451333111,7,10452,"R B D B2 R' B2 R B2 R2 D' B"
1149229,32167452211121,8,9467,"R B D2 R2 D R2 D' B D R2 B'"
1149513,32167453222313,7,9019,"R B R D B2 R B2 R B' R2 D2"
1149578,32167453313333,7,10867,"R B D2 B' D' B2 R B' R' B2 D2"
1149584,32167453321232,7,9963,"R B D2 B R' B D2 R' B R B'"
1150378,32174561112323,5,42337,"R B2 R' D' B R2 D' B' R B' R2"
1150506,32174561232113,5,21479,"R D R' D2 B R' B' R' D2 R2 B"
1150511,32174561232233,5,24580,"R B' R' D2 R' D' R2 D B D2 R'"
1150743,32174562231212,7,14675,"R B R' D2 R' B D R B2 R2 B"
1151513,32174652312332,8,6399,"R B R2 B2 D' R D' R2 D' B2 D'"
1151561,32174652332132,7,9815,"R B D B' R B' R D2 R' D2 B'"
1151820,32175461111111,6,47874,"R B' R B2 R' D B' D R2 B2 D2"
1151838,32175461113112,8,8504,"R B D2 B R' B R B2 D' B R'"
1151928,32175461221112,7,9591,"R B R2 D R' D R2 D2 B' R D2"
1152054,32175461333111,7,9855,"R B D R' B2 R D' B2 R B' R"
1152216,32175462233111,6,19777,"R B D2 R' B2 R B R2 B' D2 B"
1152241,32175462312323,6,27724,"R2 B R2 B' R D R2 D2 R B R'"
1157440,32416753121222,7,16216,"R D R2 B' D' B2 D' B D R2 D"
1157920,32417562113321,6,16940,"R B' R D' B' D B2 D R D' B"
1158689,32417652132131,8,9031,"R B2 R' D B2 D B2 D2 R' D B'"
1158931,32417653132121,8,8368,"R B R B2 D2 B' R' B2 R' B2 R"
1160299,32451762331121,6,10250,"R B R' B' D B2 D R2 B' R2 B"
1161152,32456173212332,8,6868,"R B D B D2 R B' D2 R2 B' D"
1161452,32456711233133,8,16276,"R2 D B2 R2 D' B' R B' R B2 R"
1165195,32465172112121,6,14622,"R B2 R2 D2 R' B R D2 R2 B2 R'"
1165250,32465172132131,7,13761,"R B R B' R D' B R2 B' D2 R"
1165258,32465172133121,8,9003,"R B R' D B' D' R2 B2 D' B R'"
1165417,32465172332321,7,14206,"R B2 R' D R2 D' R D2 B' D' B2"
1165474,32465173123121,7,8498,"R B2 R D' R2 D' B2 R B2 R' D"
1165492,32465173132121,8,8749,"R B2 R2 D2 B R' B' D R' B R2"
1165500,32465173133111,7,9233,"R B2 D2 R2 B' D R' D R2 B' R"
1165585,32465173233221,8,8884,"R D R D' R D' B' R2 D2 B' R"
1169467,32475161232323,7,13347,"R B R2 D2 B R2 B R D' B R"
1170022,32475163331222,8,8519,"R B R' B2 D2 B R' B2 R' B2 R2"
1172138,32476513232231,7,8008,"R B' R D' B R2 B2 D2 B' R D"
1175694,32517463131311,7,19445,"R D2 R D R' D B' D2 B' D R'"
1179489,32546713323212,8,8058,"R B D B D' R2 B2 R' B2 D' B"
1180278,32547611121113,8,9278,"R B D2 B2 D B' D B2 D2 B R'"
1180305,32547611131112,7,14097,"R B R2 B2 R D' R B2 R2 B R'"
1180350,32547611213111,6,13673,"R B R' B' D2 B' R2 B R' D' R"
1180422,32547611312111,7,10189,"R B D' R' D2 R' B2 R B' D' R"
1180500,32547612111311,6,11170,"R B R' D' B R2 B' R B D B2"
1180740,32547613111211,6,11764,"R B R D' B2 D R2 D R B' R'"
1181000,32561471113133,8,11830,"R B' R B' D2 R D R2 B' R B'"
1181013,32561471121311,7,12207,"R B D2 B' R B R D' B R' D2"
1181019,32561471122211,6,15489,"R B2 R' B2 R D' R' B D2 R D2"
1181037,32561471131211,7,11075,"R B2 R2 B R D' B' D B' D' R"
1181063,32561471211131,7,20185,"R D2 R2 B' R' B R' D2 R B' D2"
1181143,32561471311121,7,10300,"R B2 R2 B R' B D R' B D R"
1181301,32561472133313,6,18010,"R B R' D2 B2 R' B D R B2 D2"
1181323,32561472213122,7,13520,"R B R2 B' D R2 B' D' R B2 R2"
1181587,32561473222223,8,6709,"R B R B' D2 B R' D' B2 D2 R2"
1181676,32561473323212,6,12611,"R B R2 B' D B' D2 R2 B' R' B2"
1184908,32567412122222,6,13383,"R B R2 D' R B R B2 R2 D' R"
1184928,32567412131312,7,15658,"R B' D R' B2 D2 R D R' D B2"
1184988,32567412222212,6,28419,"R D' R2 D' R B R B2 R2 B R"
1185168,32567413131212,6,16201,"R B R2 B2 R' D' B2 R D2 R' D2"
1185191,32567413133333,7,11218,"R B' D B' D2 R2 B D B' R B2"
1188697,32576142313223,7,10911,"R B2 R' D R2 D' R D2 B' D' B"
1191898,32615473332122,8,9832,"R D R2 B' D2 B' D R' B2 D2 B"
1197334,32647152133121,8,13020,"R D2 R' D2 R' B D' B2 R2 B' R"
1197568,32647153132121,8,7911,"R B R' D2 B2 D B2 D B2 R D"
1198229,32647512333233,8,13648,"R2 B2 R' D' B' R D2 R B2 R' B2"
1201908,32657143121213,4,21614,"R B R B' D B' D R' D B2 R"
1202367,32657412111212,7,9965,"R B R D2 R B D B2 R' B R"
1203387,32671453123313,5,21380,"R B2 R2 D2 B' R2 B' D' B D' B'"
1204577,32674152113333,8,11976,"R D2 R2 D B2 D2 R2 D' B2 D2 R"
1208423,32714652332132,8,7818,"R B R D2 R' D R2 B' R2 B D'"
1210431,32716452123212,6,18669,"R B' R D' B' D B2 D R D' B2"
1212360,32741651121311,7,16722,"R D2 R' B R D B' R D' R2 B"
1212384,32741651131211,7,11592,"R B2 R' D R B R' D R' D2 B"
1212410,32741651211131,7,17200,"R B R' D' B D2 R' D2 R' B R'"
1212490,32741651311121,7,10495,"R B D' R2 D' B2 R B' D' B R'"
1212570,32741652111113,7,12308,"R B2 D B' R D' R2 D R' B' R"
1212813,32741653111112,7,14672,"R B2 R2 D2 B D' B R' D2 R D'"
1213919,32745611223332,6,13623,"R B R2 D B2 R' D' R' B2 R' D'"
1214215,32745612313322,5,33283,"R B R2 D B2 R' D' B' D2 B' R'"
1214234,32745612322331,7,9898,"R B R B2 R D B' D2 B' R' D2"
1217381,32751643321232,8,8613,"R B D B' R2 D2 B R' D' R D2"
1217998,32754163211123,6,12358,"R B R2 D B' R2 B' R' B R2 D'"
1219042,32756141233121,7,10680,"R B2 R2 B D2 B R2 D' B D2 B2"
1220622,32761452121313,8,9530,"R B R' B2 D R2 D' B D' R2 D'"
1220629,32761452122222,6,11290,"R B2 R' B2 D B R2 B2 R' B' D2"
1220709,32761452222212,7,8680,"R B D2 R' D' R2 D B D2 B D'"
1220865,32761453121312,7,19055,"R D' B2 R B D2 B' R' B2 R' B'"
1220912,32761453133333,6,11085,"R B D2 B2 D R D R' B2 R' B"
1224004,32765411112221,7,10634,"R B2 R' B R' B2 D2 B D' B R2"
1224018,32765411121113,8,8792,"R B R2 B' R D R2 D2 B D' R2"
1224045,32765411131112,7,13797,"R B R D2 B2 D B D' B2 D' R2"
1224063,32765411133113,8,9323,"R B2 R' B R D' R2 B2 R B2 R"
1224207,32765411331113,8,8819,"R B2 R' D R D' R2 B2 R D2 R"
1224348,32765412221312,8,8265,"R B D' B' R B' D' B R2 D' R2"
1224445,32765412323222,7,17615,"R B D2 B2 D' B' R2 D R D2 B'"
1224516,32765413122212,6,15944,"R B R' D' B R' D' R B2 D' R2"
1224609,32765413223312,8,5909,"R B2 R D R2 D2 B D' R D2 R'"
1224616,32765413231223,8,8615,"R B2 D' R' B D2 B D B2 R2 B"
1224681,32765413322312,8,8204,"R B2 R B D2 B2 R B' R B2 R'"
1225020,34125672131213,5,27402,"R B R2 B D R2 D' R' D2 B D'"
1225023,34125672131312,6,17515,"R B2 R' B2 D B D2 B2 D' R' D2"
1225075,34125672221222,7,13065,"R B R2 D2 R' D' B' D B2 R' D"
1225286,34125673133333,8,10406,"R B2 R' D2 B D R2 D2 R' D' R2"
1228392,34127651121113,7,9915,"R B R2 B' R D' B R2 D2 B2 D"
1228419,34127651131112,6,13012,"R B R B' R D' R2 B2 D R' B"
1228464,34127651213111,7,14253,"R B R' B' D2 B' R2 B R' D' R'"
1228536,34127651312111,8,8867,"R B D' R' D2 R' B2 R B' D' R'"
1228614,34127652111311,6,15005,"R B R2 D2 R' D2 R' B D2 B' D'"
1228854,34127653111211,7,8470,"R B R D' B2 D R2 D R B' R"
1234506,34162752132212,5,28859,"R2 B D R' B D' R D' R D2 B"
1234938,34165271112212,8,11497,"R B' D2 B' R B2 D2 R D' B2 R"
1234959,34165271121311,7,11539,"R B2 D' R' D2 B D B2 D2 B' R'"
1234983,34165271131211,7,17008,"R B2 R B' D R D2 B2 D B D2"
1235009,34165271211131,7,15087,"R D B' D B R D' R2 D R' D2"
1235089,34165271311121,7,12186,"R B R' D R D B' R2 B R' D2"
1235090,34165271311133,6,13954,"R B2 R B2 R2 D' B D R' D2 R"
1235384,34165272323333,6,21706,"R B R2 D2 R D2 R' B D B2 R'"
1235490,34165273133312,6,18140,"R D B' R2 B' R' B2 R D' R2 D2"
1235536,34165273222322,7,9222,"R B R2 B R2 D2 B R' B' D B2"
1235576,34165273311131,8,6560,"R B R D2 B' D' R B' D R2 B"
1236733,34167252213323,5,16876,"R B R' D' R B D2 R2 B2 D R"
1238156,34172562132332,8,13263,"R B2 R D' B D' B' R2 B' R2 D2"
1238273,34172562313331,7,12586,"R B2 R B' R B' D' R2 D' R2 B2"
1239980,34175263321232,8,8199,"R B2 R' B D2 R' B D B D' R2"
1244017,34216572213122,6,23138,"R D2 R2 D R2 D2 B2 D' R2 D2 B"
1251272,34261572132131,7,9803,"R B R B' R D' B R2 B' D2 R'"
1251280,34261572133121,7,8057,"R B R' B' R2 D2 B' D B R' D"
1251496,34261573123121,8,8859,"R B D' R' B D' R B2 D' R' B2"
1253486,34265712212132,6,17377,"R D R2 D2 R' D R2 B' R2 B R"
1256970,34275161312213,5,25426,"R B R B2 R D' B' R B' R2 B'"
1257055,34275162112322,6,16144,"R B D2 B' R B2 D2 R B' R D2"
1257142,34275162213221,6,16601,"R B' R B' R2 B' R' D' R D2 B"
1261170,34516271111111,6,18440,"R B D B' D2 B' D' R' B R2 D'"
1261592,34516272312332,7,11578,"R D2 R' B2 R' B D' R2 B2 R' B"
1262326,34516722313223,7,18989,"R D2 R D B2 D' B' D2 R B R"
1263742,34517622231323,8,12048,"R B2 D2 R D2 R B' R' B' D2 B'"
1264460,34521672223232,7,12878,"R B2 D R' B D' R2 D B' R' B"
1266909,34526713232312,6,15604,"R B R2 D' R' B' R B2 R B D"
1268062,34527612211322,7,22906,"R B2 R2 B' D R' B R' D B R2"
1268110,34527612231122,7,20944,"R B D2 B2 D' R B2 D R2 D2 R'"
1268117,34527612231332,8,14246,"R B' D R2 D2 B' D B' R' D B2"
1268197,34527612331322,8,11535,"R B2 R2 B D R' D R' D R' D2"
1268390,34527613312133,7,9512,"R B2 R2 B' D2 R' D B2 D2 B' R'"
1268740,34561272122123,8,9853,"R B D R' B2 D2 B D B R' D2"
1268746,34561272122321,7,18576,"R B2 R2 B' D' B R' D R' B R2"
1268796,34561272212213,7,19594,"R D B2 R2 D2 B R D' B R' D'"
1268803,34561272213122,6,15468,"R B D B' D2 R2 D R B R' D2"
1268850,34561272232211,7,18931,"R D R2 B2 D2 R D R' D B' D'"
1269059,34561273221233,7,9680,"R B R' D R' D2 B2 D R D R2"
1269101,34561273233131,8,10455,"R B R' B' D B R2 B2 D2 B R'"
1269113,34561273311233,7,13356,"R B D B' R2 D2 R' D' R B2 D'"
1269133,34561273313321,7,12833,"R B' R' D2 B' R D' B2 R2 B' R"
1269137,34561273321133,6,16606,"R B2 R2 B D2 R' B R2 B2 R' B'"
1269139,34561273321223,8,9709,"R B D R2 D2 B' R B' R D R2"
1269189,34561721111111,6,19175,"R B2 R' D' R' D B2 R D' R D'"
1270107,34562171321111,8,10111,"R B2 R B R' B2 D2 R D2 R' D'"
1270112,34562171321231,6,13158,"R B R B' D2 R D2 R' B R' B'"
1270311,34562172232313,8,10884,"R D R2 B' R D2 R' B D' B' R'"
1272479,34567212223232,7,21402,"R D R2 D' B R B2 D' R' D B"
1280370,34617252111212,7,12019,"R B R D2 R B D B2 R' B R'"
1280415,34617252123212,5,23797,"R B R B R2 D2 R' D' R2 B' D2"
1280433,34617252132212,5,17110,"R B2 R' B' R B' D B2 D B' R"
1281212,34617522221333,7,12303,"R B2 R' D B' R' B R' B2 R B2"
1281890,34621572132131,8,8982,"R B D R2 D' R D2 B' R2 B D'"
1283286,34625172111212,7,13055,"R B' R B2 R D' R B' D2 B R'"
1285620,34627512232313,7,14056,"R B D B2 R D2 R B' R B2 D2"
1286001,34651271123111,8,10360,"R B2 D' R B D R2 D R' B' D'"
1286426,34651272332132,8,6463,"R B2 R' D R2 D B2 D2 R' D R'"
1294336,34675212222122,5,30557,"R B' D R' B2 D B' D B D2 B"
1296514,34715262221123,7,14054,"R B' D' R B' D R2 D R' D R2"
1298721,34716522223211,5,23704,"R B2 D' R2 B D' B R' D B' D"
1300083,34721652121313,6,28051,"R D B2 D2 B' D' B2 R B2 R' B2"
1300107,34721652131213,6,11930,"R B' R B R' D' B D B' D R2"
1300162,34721652221222,7,17802,"R D B2 D2 B' D' R2 B R2 B' R2"
1300170,34721652222212,8,12006,"R B' D R D' R' D R B' D B2"
1300533,34721653333313,7,9767,"R B' R2 B' D B D R2 D2 R B"
1301358,34725611212211,7,11604,"R B2 D2 B D2 B R' D R2 D' R"
1301508,34725612111113,7,8790,"R B R2 D' R' D R' D2 B D B"
1301542,34725612121322,6,33492,"R B2 D' R D R' D B' D2 B' R"
1301646,34725612231212,6,31568,"R B2 D2 B R D2 R D R2 D' B"
1301651,34725612231332,8,10090,"R B D2 B' R D2 B' D' B D2 B2"
1301711,34725612322232,6,13745,"R B2 R2 B R' D R B' R D B"
1301731,34725612331322,8,10562,"R B2 R' D B2 R' D' R' D R' B'"
1301751,34725613111112,7,10136,"R B2 R2 D2 B' D R' D R2 D' B"
1301753,34725613111133,7,11640,"R B R2 B' D B2 D' B R D2 B2"
1301818,34725613132223,6,12439,"R B2 R2 D R D2 R B' D' R2 B"
1301913,34725613311113,7,11344,"R B D R B2 D2 R2 D B2 D' B"
1308280,34761252323222,7,9427,"R B R B' D2 B R2 B D R' B"
1314534,35126741232212,8,8907,"R B2 D2 B' R B' R2 D' B D' R2"
1314770,35126742231233,5,25062,"R B2 D2 B' D B' R2 D' R D' R2"
1315583,35127462331331,8,9890,"R B' R D' B2 R D' B D R2 D"
1321232,35162472122231,7,11693,"R B R' D2 R' B D2 B2 D' B2 R"
1321241,35162472123233,6,16845,"R B' R2 D R' D' R B D' B D2"
1321474,35162473122221,7,9152,"R B D B2 R2 B' D' B' D R2 D2"
1321643,35162473323131,6,9797,"R B R' D B2 R' B' R D' R2 B'"
1321660,35162473332122,6,18103,"R B' R B2 R D R D' R D2 R'"
1321661,35162473332131,6,13362,"R B D2 R' D' R D R2 B2 D2 R'"
1322026,35162742213323,5,17893,"R B R' B D R2 B2 D' R2 D B"
1324173,35167242132212,5,24628,"R B R2 B R D' B2 D' R' B2 D2"
1325473,35172461232323,7,13629,"R B R2 D' B' D2 B' R' B2 D B"
1327124,35174262213131,7,15509,"R B' D B2 D' R D2 B' R2 B R2"
1327158,35174262231113,7,14982,"R B2 R D B' R B2 D' R D R'"
1335528,35246171111111,6,32015,"R B R B2 R D' B' R B' R2 B2"
1335553,35246171113322,7,10724,"R B R' B D2 B2 D B R2 B D'"
1335876,35246172213311,7,11853,"R B2 R' D B2 D' R D2 B' D' R"
1341491,35267141223233,7,9724,"R B D B' R' B' D R D' R D2"
1341551,35267141321132,7,20260,"R' B D R' B2 R D' B R D2 B2"
1343021,35271461322233,7,11233,"R B R2 D2 B2 D' B' R' B R2 D'"
1349397,35416721113112,8,7621,"R B2 R D B' R2 D2 B R2 B' D'"
1350012,35416723232213,7,13243,"R D R' D' B' D' R2 B D' B2 D"
1351208,35417622223133,6,18665,"R D R2 D' R B' R B2 R' B2 R"
1354052,35426712131132,7,12943,"R B2 R2 D B' R D' R2 D R2 B2"
1354164,35426712311312,7,11498,"R B R2 B D2 B D' R' B R2 B"
1354245,35426713111313,6,12834,"R B2 R B2 R2 D B' R B2 R D2"
1354293,35426713131113,6,12146,"R B R B2 D' R B R' B D' B'"
1354413,35426713312211,8,11481,"R B2 D' R D' R D2 R B R' D2"
1355945,35461271111231,7,12893,"R B' D2 B R' D R2 B' D2 B R2"
1356134,35461271321231,6,14436,"R B R2 D2 B R2 B R' D' R2 D'"
1356307,35461272222323,7,15589,"R B R2 B R B' R2 D B D R'"
1357458,35462171131313,6,12805,"R B R D2 B2 D' B' R2 B' D2 B2"
1357489,35462171212121,6,13377,"R B D B2 R' B2 D B R2 B R'"
1357510,35462171221223,7,11303,"R B R D B D' B' D B2 R' B"
1357631,35462171332331,7,12496,"R B2 R' B R' B' R B D2 B D2"
1357746,35462172213311,6,18935,"R B2 D' R B' D R2 D R B' D2"
1357775,35462172223331,6,15245,"R B D R B2 D' R B' D' R2 D2"
1357814,35462172312131,6,14475,"R B R' B2 D' B R D R2 D2 R"
1357932,35462173123211,8,7987,"R B D2 B R2 B R' D' R D2 R"
1357944,35462173131311,8,9139,"R B2 R D2 R2 B D' B R2 B D2"
1357996,35462173221221,8,8471,"R B' R' D' B2 R B R B' D' B"
1358575,35462712322322,7,10409,"R B2 R2 B R2 B' D2 R B' D2 B2"
1362381,35472163222313,8,7748,"R B D2 R' B D R2 D R' B' D"
1362400,35472163231322,8,8116,"R B2 R' B D2 R' B D B D' R'"
1363581,35476122221111,7,16882,"R B R' D B2 R' B R' B2 D2 R"
1367312,35614722321233,8,12833,"R B2 D2 R D2 R B' R' B' D2 B2"
1368881,35617423131332,5,13800,"R B2 R2 D2 B' R' B D' B2 D B'"
1371524,35624712121232,7,22759,"R B R2 B D2 R' D B D2 B R2"
1371684,35624712321212,7,26663,"R B' D R2 D2 B' D B' R' D B"
1371689,35624712321332,7,11831,"R B R' B R2 D R' B2 R' B R'"
1371713,35624712331232,7,11541,"R B R' D B' R2 D B' R B D2"
1384864,35714623111322,7,12433,"R B D' B2 R2 B' R' D B' D R'"
1387641,35721642221213,5,32368,"R2 B D' R B' D' R D2 R D R'"
1397124,35762142222113,7,14869,"R B2 D2 B' D R' D2 B' R D' B2"
1401146,36125471111333,7,10077,"R B D' B D' B2 D' B D R B2"
1401228,36125471212112,8,13269,"R2 B R B2 R B' D B2 D R2 B"
1401237,36125471213111,7,14501,"R B R2 B2 R' D R2 B' D' B2 R"
1401255,36125471222111,8,12231,"R2 B R2 D B2 D B' R D2 R B"
1401309,36125471312111,8,8743,"R B D2 B2 D' B R2 D' B' D2 R"
1401387,36125472111311,6,15057,"R B R2 B2 R' D' B2 R B D2 R'"
1401412,36125472121223,6,17237,"R B R' B' R D' R' B R2 D' B2"
1401627,36125473111211,7,8993,"R B D2 B2 D' B' D2 R D B2 R'"
1401772,36125473232222,6,24760,"R B2 D' B' R D2 R B R2 D2 R"
1401836,36125473323233,6,11526,"R B2 R' D B' R2 D2 R D' R B2"
1402478,36125743222331,8,15505,"R2 D B' D' B' R D2 B' R B2 R'"
1402834,36127451333222,6,13471,"R B R B D' B2 R' D B D B"
1405795,36145272122222,7,10036,"R B' R B' D2 R2 B D R' D R2"
1405812,36145272131213,7,16358,"R D' R2 D' B R B R2 B2 R B"
1405815,36145272131312,5,25978,"R B D2 R' D B R B2 R2 D' B"
1406238,36145273333313,6,13270,"R B' R' D R2 D2 R D' B' D R2"
1407003,36147251121311,7,11421,"R B2 R2 D2 B R' D B' D2 B D"
1407027,36147251131211,7,18148,"R B2 D2 R' B R B2 R2 D B D"
1407053,36147251211131,7,14168,"R B' D R D2 B' D R' D R2 D'"
1407133,36147251311121,7,12372,"R B R2 B' D B2 D R2 D2 B' D"
1407213,36147252111113,7,11946,"R D R2 D' R B R2 D' R' D R"
1407456,36147253111112,7,11055,"R B D2 B' R B R2 D' R' B R"
1409298,36152741231312,7,12207,"R B' D' R D2 B' R D' B' D2 B'"
1409461,36152742131321,6,15900,"R B2 R2 B D2 B' R2 D R' D2 R2"
1413119,36172452133133,8,13592,"R D R2 D2 R' D B2 R' B2 R B"
1420397,36217452131333,5,16286,"R B' R B' D2 R D' B R D2 R"
1420953,36217541223311,6,10770,"R B R2 B' D B R2 B2 R B D'"
1421406,36217543213112,7,9526,"R B D' R2 B' D R B' D R2 B2"
1422134,36241573212332,7,12185,"R B R2 B2 D B' D' B R2 D B"
1422861,36241753212311,7,9453,"R B' R2 B' R D2 R D2 B R B2"
1436421,36415272123212,5,23512,"R B D R2 D B D R2 B' R B"
1438611,36417522123311,6,18996,"R B R' B2 D' R B D' B2 R2 D2"
1453959,36514272212111,7,20368,"R2 B R D' R D B2 D2 R' D' R"
1456810,36521472113321,5,17707,"R B D2 R B2 D' B' R' D2 R' B'"
1457002,36521472331121,8,6627,"R B D R2 B' D' R2 D' B R B2"
1460243,36527411131133,7,10649,"R B R2 D2 B' D2 B D' B' R D2"
1460430,36527412111113,7,8828,"R B R2 D' R' D R' D2 B D B'"
1460488,36527412131222,7,13363,"R B' R' D R' B' R D2 B' D2 B"
1460518,36527412211322,7,21517,"R B2 D' B' R D' R B2 D' B R'"
1460544,36527412221312,7,13483,"R B D2 B' R' B2 D R' D' B2 R2"
1460566,36527412231122,7,17279,"R B R2 D' R2 D R D2 B' R2 D'"
1460633,36527412322232,6,13516,"R B D' B D R D' R2 D B' R2"
1460673,36527413111112,7,9767,"R B D2 B' R B R2 D' R' B R'"
1460841,36527413311311,7,10360,"R B R B D2 R B2 R B' D2 R2"
1461370,36541272323222,7,9441,"R B R B' D2 B R2 B D R' B'"
1463380,36542712121322,5,21724,"R B2 R D2 R2 D' B2 R B2 R2 D'"
1464837,36547212121313,6,19801,"R B' R D2 B' D2 B R' B D2 B'"
1464844,36547212122222,5,30544,"R D R2 D2 R D R B' R2 B' R"
1464864,36547212131312,6,15117,"R D R2 D2 R D B R' B2 R' B"
1464916,36547212221222,7,12944,"R B' R2 D2 R D R B' R2 D R"
1465271,36547213331333,7,9141,"R B2 R' B D' R2 D B2 R' D R'"
1470663,36712542121112,6,18817,"R B R' D2 B2 D B R D' R' B"
1470664,36712542121121,7,13509,"R B R2 B R B2 D B2 D2 B' D'"
1470666,36712542121211,7,18716,"R B' R B2 R2 D' R B' R' D R"
1470672,36712542122111,7,11904,"R B D' R B' R2 D R' D R D2"
1471513,36714252232223,7,12166,"R B R B2 D B2 D R' B R2 D2"
1471995,36714521232113,7,15321,"R D B' D2 R D' B' D' B2 D2 R"
1472128,36714522121322,5,21820,"R D B' D2 B' D R D R2 D2 R"
1472133,36714522122213,5,28279,"R B D' B2 D' B R D R2 D2 R"
1472404,36714523132223,7,11524,"R B2 R B' D2 R B D2 R' B' D"
1472407,36714523132322,8,7310,"R B2 R B D' R B R B2 D B2"
1474100,36721451131331,7,8961,"R B D' B D' B2 R2 D B D R'"
1474315,36721452121322,6,20535,"R B2 D' B R D' B R' D2 R' B"
1474318,36721452122123,8,8443,"R B R2 B' R B2 D' B' R D2 R2"
1474320,36721452122213,6,18350,"R B2 D2 B R B2 R D R2 D' R"
1474324,36721452122321,7,10530,"R B2 R' D R2 B' D' R' D B' R'"
1474335,36721452131111,6,22643,"R B2 R2 B D' B D B' R D R"
1474412,36721452223232,7,12000,"R B D2 R' D' R D' R2 B D R"
1474542,36721453113113,7,10928,"R B' R D' B2 R D R2 B' R D'"
1474551,36721453121111,8,12702,"R D2 R2 B' D' B R' D2 R D' B2"
1477713,36725411121212,8,10002,"R B R2 B D B2 D2 B' R' D R'"
1477743,36725411131313,9,7136,"R B R2 D B' R2 B' D B' D R2"
1477774,36725411212121,9,7013,"R B R2 B D R' D B' R' D2 R2"
1477865,36725411313131,8,9826,"R B R2 B2 R' D' R2 D' B' R B'"
1477929,36725412111212,5,37584,"R B2 R D R' B R' B R2 B2 R'"
1477953,36725412121112,5,34521,"R B R2 B R D' R B' R' D2 R2"
1477956,36725412121211,8,10668,"R B2 R B D' R B' D R2 D2 R'"
1477958,36725412121232,7,24070,"R B R2 B R B2 R2 B' D' R B'"
1477974,36725412123212,8,10911,"R B2 R D B' R B' R B2 R2 B'"
1478118,36725412321212,7,24817,"R B2 R B R' B R' D B2 D2 B'"
1478175,36725413111313,6,16962,"R B' R2 B' D' B R' B R' D2 R2"
1478223,36725413131113,6,15302,"R B D2 R B' D2 B' D R' D R2"
1478229,36725413131311,9,8490,"R B' D2 B' D' B D' B R' D2 R2"
1478692,36741252122123,8,11117,"R B' R B2 R2 D' R B' R' D R2"
1478698,36741252122321,7,18415,"R B2 R2 B R B' R D' R B' D2"
1478699,36741252122333,7,14731,"R B R2 B2 R' B R2 D B2 D2 B'"
1478707,36741252123323,7,21016,"R B2 R2 B' R D' B R' D R B2"
1479053,36741253233131,8,10821,"R B2 R2 B R' D B' D R' B D2"
1482142,36745211211221,7,8271,"R B R2 B D' B R2 D' R B R'"
1482331,36745212121223,7,9973,"R B R2 B' R' D2 B R' D' R2 B2"
1482342,36745212122312,6,14297,"R B' D' B D' B' D B2 R' D2 R"
1482344,36745212122333,7,14046,"R B R D' R2 B D' B2 D B2 D2"
1482352,36745212123323,8,7728,"R B2 D' R' D B' R B2 D' R B'"
1482354,36745212131111,6,14506,"R B R' B D B D' R2 D R' B2"
1482431,36745212223232,7,17144,"R B D2 R' D' R D' R2 B D R'"
1482570,36745213121111,7,12588,"R D R' B D R B' D2 B R' B2"
1482599,36745213131131,8,6755,"R B R B2 D' B' R B' R B2 D"
1482615,36745213133111,7,11334,"R B2 R D2 R2 B' R B R' D2 R"
1482690,36745213232213,7,9468,"R B R D' R D2 R' B2 D R' D"
1483396,36751243222322,8,8120,"R B D B2 D B' D' R' D2 B D"
1484525,36752142122132,6,15959,"R B2 R2 D R' B D' R2 D B2 R2"
1484536,36752142123221,8,7729,"R B D2 B D2 B D' B' R B2 R"
1484798,36752143132232,7,10970,"R B R B D B' D' B D2 R' B"
1484806,36752143133222,8,8666,"R B' R' B' R2 D B D R' D' B"
1484813,36752143211132,6,15631,"R B D' B D2 R' B' D R' B2 R2"
1486336,36754123232222,7,15821,"R B' D B2 D' B R' B D R' B2"
1512689,37246511112233,7,13315,"R D R' D' B D2 B D R2 D2 B'"
1516757,37256142321233,7,9475,"R B D' R B2 D' R B' R2 D2 B"
1524820,37415622333221,7,15563,"R D2 R' D B R D' R2 B D' R'"
1530726,37426513132313,8,8392,"R B R2 B' R2 B D' R2 D' B D2"
1532814,37452162323312,8,8253,"R B R D B' D2 R2 D' R2 B' R"
1543776,37516422333311,7,11266,"R B D R2 D2 R D' B R' D B"
1552932,37561241311112,8,10468,"R B2 D' R B' D' R D2 R B D'"
1557671,37612453122233,7,9706,"R B R' B2 D B' R' B' D R2 D'"
1558224,37612542221111,7,15756,"R B2 D2 R B2 R B' D' R' D2 R2"
1558954,37614252221123,7,12270,"R B2 R' D R' B' R B' R2 B R2"
1559331,37614521111111,7,15376,"R B' D R2 D' R2 B D' R' D' R"
1559543,37614521323232,7,10665,"R B D R' B2 D R2 D' R D' B"
1559578,37614522111221,7,8429,"R B2 R B' R D' B' D R2 D' B"
1559599,37614522113321,7,27406,"R B' R2 D2 B' D B' D2 R B' D2"
1559761,37614522313322,7,15595,"R B' D2 R2 B' R B' R2 D R' D2"
1559787,37614522323312,7,8291,"R B2 R B' D R' B' D R2 D' R"
1559964,37614523232213,7,11165,"R B' R D' B R D' B R B' D'"
1560814,37615421113322,6,19645,"R B2 R' D B' R B' D R' D2 R2"
1561115,37615422211133,6,21481,"R B2 R D' R B' D R' B' D2 B2"
1561160,37615422223133,6,17014,"R B2 R D' B D' R D' R' D2 R2"
1561213,37615422313121,6,16960,"R B R B' D2 R' B R' B D' B'"
1561220,37615422313331,7,13488,"R B D B' D2 R' D R' B D' R'"
1561304,37615423121132,8,10736,"R B2 R2 B' D B2 R' D2 R D2 B'"
1563384,37624152311213,5,22990,"R B2 D' B2 R D' R B' R B' D"
1563854,37624511232233,7,12665,"R B' R' B2 R' B' D2 B D B2 R'"
1563982,37624512121322,5,36607,"R D B' R2 B' R B D B2 D2 B"
1564086,37624512231212,5,28351,"R B R' B2 R' D B D B2 D2 B"
1564252,37624513131323,7,11405,"R B D R B2 D2 R2 D B2 D' B2"
1564332,37624513231313,7,10915,"R B R2 B' D B2 D' B R D2 B'"
1566259,37641252222323,7,17983,"R B2 D2 R B2 R B' D' R' D2 R'"
1567698,37642152213311,6,22512,"R D2 R B R2 B' R' D2 B R B"
1568605,37642513122221,8,8619,"R B2 R' B D' B D2 B2 R2 D' R'"
1569226,37645122312221,7,9133,"R B R D2 R2 D R' B R' D R"
1570592,37651242211133,6,14798,"R D R2 D' B R' B R2 B' R2 B"
1571415,37651422312311,7,14333,"R D2 R' B D R D' R2 B D' B'"
1571747,37652141113232,6,13320,"R B R D' B2 R D2 R' D R' B'"
1572352,37652143231322,8,7970,"R B2 R D' B2 R2 B' R D R2 D"
1574320,37654212311222,7,15128,"R B D' B2 R' B R D' R2 B2 D2"
1577464,41236753232321,7,13763,"R B' R' B R' D2 B' D R D B2"
1577738,41237561313131,5,25909,"R B2 D2 B' D B' R B2 R' D2 R"
1584292,41263751312222,6,21788,"R D2 R2 D B2 D2 R2 D R2 D2 B'"
1592229,41325671212211,7,15988,"R B D2 B' R2 D R' D2 R B D'"
1593292,41325762313223,7,8276,"R B D2 B2 R2 D' R' B R' B D2"
1593410,41325763131233,5,12445,"R B R B2 D2 R' B D' R' B2 D2"
1596600,41352671212112,7,13718,"R B R' B' D B' D2 R2 D R' B"
1596601,41352671212121,6,18861,"R B R' D B2 D2 R' D B' R' B"
1596627,41352671222111,7,12248,"R B D' R' D B' R2 D2 R D' B"
1600578,41357622313112,8,9628,"R B D B' D2 B R' B R B2 D2"
1604288,41367253111133,7,14362,"R B' R2 B R2 B2 R B2 D B2 D'"
1614432,41532672313211,7,21197,"R2 B' R D R' D2 R' D' B' D B2"
1614890,41532761233133,8,9716,"R B D2 B2 D' R D2 B' R2 B D"
1620348,41563273113311,7,11441,"R B R2 B2 D R' D' B D2 R B"
1626736,41576322212222,5,15380,"R B D B' D2 B R' D B R' B2"
1629012,41625372313211,7,27113,"R' D R' B D B2 R' D B D2 B'"
1629102,41625373121213,5,31698,"R B R D2 R' D' R2 B D' R' D'"
1629437,41625731222231,7,10175,"R B D' B' D2 B' R' D2 B R2 B'"
1633780,41635721212121,7,18368,"R D2 R' D' R D' B R2 B D' B"
1639644,41657321222312,7,10761,"R B R' B R' D B2 D R' D B2"
1642045,41673252212222,8,9939,"R B D2 B' R2 B' R B D' R D2"
1642437,41673521111111,6,17706,"R B D' R2 D B' R D' B2 R2 D2"
1645050,41723562313211,5,40527,"R B R' B R2 D R' D' B' D2 B'"
1646226,41725361232113,7,12713,"R B R' B2 D2 B D R D' R2 B"
1646274,41725361321213,7,14467,"R D B2 R2 D' R' D R' B R2 B"
1646436,41725362221213,6,19168,"R B2 D' R2 D B2 R' D B2 D2 B'"
1646508,41725362313211,7,13546,"R B R2 B D2 B2 R2 B R2 B' D'"
1646509,41725362313223,6,23465,"R D B2 R' B R B2 D2 R D' R'"
1646599,41725363121222,6,16981,"R B D' R D' R B2 D B' R' B'"
1646600,41725363121231,7,10141,"R B R2 D2 B' R' B D' B R2 B"
1646811,41725631111111,6,19130,"R B' D' R' D R2 B' D2 B D' B"
1646893,41725631211122,7,11478,"R B2 R' D R' D2 B2 R' D' R2 B'"
1647260,41725632322331,6,8894,"R B2 R' B D2 B' R D2 B' R' B2"
1647299,41725633111133,6,13801,"R B D R' D B2 D' B2 R B' R"
1647325,41725633121123,7,12652,"R B2 R B' D R D2 B' R B D"
1647378,41725633211111,7,12747,"R B' D B' D2 B R2 D' R D B"
1647970,41726352313322,6,15605,"R B R2 D2 B R' B' R' D2 R2 B'"
1648688,41726532312233,5,19360,"R B2 R2 D' B R' B2 R' B' D R'"
1650669,41735261323313,8,7593,"R D' R D' R2 D' R' B' D B2 R"
1650875,41735262312233,6,18002,"R B2 D' B2 D' B R' D2 B2 R' B"
1650991,41735263123223,7,9616,"R B D' R2 B D' R' D' B D2 B'"
1651343,41735621233232,8,7750,"R B R B' R B2 D' B2 D R B2"
1651615,41735622313322,4,26541,"R B R2 D2 B D2 B R D' R D"
1652801,41736521233232,8,8419,"R D2 B D2 B' R D' R D' B' R"
1653116,41736522332231,7,10763,"R B D2 R2 B' R D' B D R' D'"
1654219,41752631222123,6,13854,"R B R B2 R B2 R D' B' R D2"
1654507,41752632311123,6,16032,"R B2 R' B' R D2 B' R' B' R D2"
1654522,41752632312323,6,15995,"R B R2 D2 B D' B D' R2 D R'"
1654527,41752632313211,6,46667,"B2 R B' R D R2 B' R B D2 B'"
1656480,41756231321213,7,15830,"R D2 R D R2 D B' D' R2 B2 D'"
1656806,41756233121231,7,10790,"R B2 R B D2 B R' D' R2 B2 D'"
1658834,41762532221333,7,14774,"R B' D R2 D' B D2 R' D2 R D2"
1659014,41762533123331,7,13506,"R B2 R B D' R B2 D' B R D'"
1660820,41765231233232,8,6879,"R B2 D B' R' D2 B R2 B D2 B2"
1661748,41765322221312,5,15399,"R B R' B R2 D' B2 D' B D' R'"
1661817,41765322313211,5,42281,"R2 D2 R B' R B R2 D' B D B2"
1661916,41765323122212,5,14034,"R B D' R B2 D' R2 D' B D' B'"
1664610,42136752131312,4,21956,"R B D R' B D' R D' R D2 B"
1665089,42137561123333,8,9645,"R B2 R2 B R2 B2 D2 B' D2 B2 R"
1666289,42137653122131,8,11304,"R B2 R' D2 R' B R' D2 B2 D' R"
1666315,42137653132121,8,7685,"R B R2 B R' B D' R D2 B' R"
1670767,42157633231322,7,14271,"R B2 D' B2 D B D2 R2 B' R' D2"
1671627,42163751121212,7,11642,"R B' R2 D' R' B R D' B2 D R"
1672939,42165373223123,8,6610,"R B R2 D' R2 D' B D' R2 B2 R"
1674818,42167532131333,5,23815,"R B2 D2 B' R D' R D2 R' D2 R"
1680111,42315673112111,7,10043,"R B R' B2 D' B D' R' D R2 D"
1684083,42351671212211,8,8634,"R B' R D B2 D' R B2 D' R2 D"
1685342,42351763231133,7,21170,"R2 B D2 R2 B' D' R B' D R2 D"
1691767,42367153111121,6,12709,"R B R' D2 R B' R B R2 D2 B2"
1691848,42367153211123,6,15840,"R B R2 B' D B' R2 D R2 D' R2"
1698966,42516372233111,6,16658,"R B2 D' R2 D' R D' B2 R2 D' B"
1707283,42561733323122,8,9122,"R B R D2 B2 R B R2 D2 B' R'"
1712876,42573612323231,8,12714,"R B2 R B2 R' B2 D2 R' B2 R2 D'"
1713110,42573613322231,7,10162,"R B R2 D' R' D' B R' B D' R2"
1715034,42613572313211,5,21672,"R B R' B2 R' D' B' R D2 B R'"
1716254,42615371313332,7,15030,"R2 B D2 R2 B2 R' B D' B D2 B'"
1716414,42615372213311,6,19784,"R D B2 R' B D R2 B2 D B' R'"
1716420,42615372221213,5,20810,"R B2 D' B2 D R2 B' R B2 R2 B'"
1716492,42615372313211,7,14152,"R B D2 B D2 B2 R2 B D2 B' D'"
1723704,42651372213311,7,10733,"R B R2 B2 D2 R' D' R D' B D2"
1724734,42651733311122,7,16654,"R B' R B2 D' R D R' D B2 D2"
1730306,42673512232133,8,12565,"R D B R2 B R B2 R' D' B2 R"
1742018,42751632321233,7,17708,"R B' D' B2 D B R2 D' R2 D R2"
1742036,42751632323231,6,13713,"R B D' R2 B2 D' R' B D' R B"
1751379,43126572133313,8,9546,"R B R2 B' R2 B' R D B' R D2"
1761411,43167251232212,6,14558,"R B R' B R' B D' R2 B2 D' R'"
1765928,43176252123131,6,14922,"R B R' B2 D R B R2 D' R D2"
1766045,43176252311132,7,10721,"R B D' B2 R B D R2 B' R D2"
1769104,43216573132121,7,8950,"R B R2 B2 D' B R' D2 R' D2 R'"
1769107,43216573132223,7,15898,"R B R' B' R B' D B2 R' D' B2"
1769136,43216573212311,7,8855,"R B R' D B2 D' R B' D' R D2"
1769138,43216573212332,7,16608,"R2 B R2 B2 D B' D' B R2 D B"
1784780,43512671313332,7,9396,"R B R' D R' D2 R B R2 D' B"
1793032,43527612312323,7,9795,"R B D R2 B' R D' R D' R2 B"
1793340,43561271111111,6,17786,"R B R D' B2 D' R' B' R B2 D'"
1797997,43571262122222,4,16976,"R B R D' B D' B R' D R2 B"
1799172,43572161111111,6,17132,"R B2 R' B' R' D R2 B D' B D'"
1800322,43572612312323,6,20561,"R B2 R' D2 R D' B D' B2 D R"
1801408,43576211123222,6,14868,"R B2 R D B2 D R' D' B2 R2 D'"
1801616,43576212112232,7,13484,"R D2 R D B2 D B' D' B2 R2 D'"
1803786,43615271333312,8,5242,"R B R' D R2 D R2 B' D B' R'"
1803814,43615272113321,6,14890,"R B R2 B' D2 R2 B R B' R D2"
1805863,43617521223221,8,11686,"R D B' D2 R D' R B D' R2 D'"
1807540,43621752213323,7,12008,"R B2 R B2 R2 B R2 D R2 D2 B2"
1812017,43651722323132,7,11568,"R B' R2 B R' B D R2 B' D R"
1818487,43675122222122,5,18503,"R B' D' R D R B2 R2 D' B D"
1818971,43675211221331,8,6980,"R B D R B D' R2 B R2 B D2"
1825314,43721653231313,7,13228,"R B R2 D B R2 D' R B2 R2 D"
1829598,43751623123313,4,27607,"R B R2 B' R2 D2 B D B' D B'"
1836712,43765212222122,5,22310,"R D B2 D2 B' R D2 B' D2 B R"
1850162,45167323322231,7,10192,"R B D' R D' B R2 B2 R B D"
1853178,45176231131313,7,31362,"R2 B R' B R' B D R2 B2 D2 R"
1853190,45176231133113,7,18642,"R2 B D2 R2 B2 D R B' R B' R"
1853334,45176231331113,7,17829,"R2 B R2 D2 B2 R B R' B D' R"
1853658,45176233131113,7,32739,"R2 B D' R B' R B R2 D2 B2 R"
1853903,45176321131133,8,17584,"R2 D R' D' B' D R2 B' R D2 R'"
1854928,45213672221123,6,14322,"R B' R B2 R' B D2 R' B2 R D2"
1869517,45273162222122,5,15565,"R B2 D2 B' R B' R D2 R' B2 R"
1870670,45276131131133,8,16120,"R2 B D' R' D' R D2 B' D B2 D'"
1872195,45312671222312,7,11438,"R B R' D2 R B' D2 R D R B2"
1872449,45312672223331,6,17022,"R B2 R' B' D R2 B' R' D' R D2"
1872475,45312672233321,6,16463,"R B D2 R2 B D' R B' D2 B R'"
1872498,45312672313211,6,39912,"B R2 B' R' D R2 B' D' B R' D2"
1872627,45312673132313,6,20803,"R2 B2 R D R2 D' R2 D R' B' D2"
1872675,45312673222112,8,7373,"R B R' D2 B' R2 B R' B2 D B'"
1872699,45312673231313,8,11678,"R2 B2 R B D2 B' R2 B R' B' D2"
1872822,45312761113211,6,18149,"R B2 R' B2 R D2 B2 R' D' B2 D2"
1872879,45312761133311,8,9243,"R B R2 B2 D B' D B' D R B"
1873152,45312762221111,8,9376,"R B' R' D2 R B R2 D' B2 D R2"
1873206,45312762311111,6,13410,"R B R' D2 B2 R' B' R B' D B"
1876539,45321671212211,7,16939,"R B D' B' D' R D2 B' D R2 D'"
1876555,45321671221121,8,8849,"R B' R B R2 D2 B R D2 R2 B'"
1876956,45321673113311,7,24458,"R2 B' D R B2 R' B R2 D' B2 D"
1880458,45327612222323,8,7908,"R B D2 R2 B2 R' B D' B' R B"
1883290,45362712122222,5,22695,"R B D' B R' D' R D2 R B R'"
1884107,45367122223133,6,17707,"R B' R2 B R B2 D' B D2 B' R'"
1884467,45367211111132,6,20258,"R B2 R' D' B2 R D' R2 D B' D2"
1884547,45367211211122,6,19128,"R B2 D2 R2 B D' B R2 D' B D'"
1884953,45367213111133,6,20821,"R B2 D2 R2 B D B' R2 D R' D"
1888166,45376121131133,8,16987,"R2 B' R B D2 B' R B2 D' B2 D"
1888332,45376121331311,8,9761,"R D B' R D2 R' D B' D B R2"
1889074,45376211333123,8,7846,"R B' R2 D2 B D' R2 B D' B' R'"
1889386,45376213131323,8,14693,"R2 B2 R D B2 D' R2 D B' R' D2"
1889566,45376213333322,7,14168,"R B D R' B2 R' D R D B2 D2"
1889644,45612371133221,6,11098,"R D R' B2 R B R' B D' B D2"
1890028,45612372331121,8,8223,"R B2 R' B R2 B' D R2 B' R' B2"
1890068,45612373112231,7,13016,"R B2 R2 B' D B D' R2 B2 D' R"
1890118,45612373132121,8,7713,"R B D' B R' D' R2 B2 D' R D'"
1890121,45612373132223,6,14418,"R B2 R B' D2 B' R2 D R2 D' R"
1890252,45612373322111,8,7816,"R B R' B' D R2 D R' B R2 B'"
1890280,45612373332122,7,8759,"R B2 R2 D2 R' B D B2 D2 R2 D'"
1890283,45612373332221,8,10411,"R B2 R2 D2 B D' R' D R' B D2"
1891246,45613271331221,9,5449,"R B R' B2 R' B D2 R' D2 R B'"
1891422,45613272233111,5,26509,"R B2 R2 D' R D' B2 D' R' B R'"
1894481,45621373123331,7,11588,"R B R' D' R2 D' R' B2 D B2 D'"
1894509,45621373211111,8,12869,"R D R' B D R2 D B2 R2 D B"
1895005,45621732212123,7,13352,"R B D2 R2 B2 R' D B' D B2 D'"
1895075,45621732233333,7,14531,"R B R2 D2 B2 D' B R' D B2 D'"
1896598,45623712332123,7,8649,"R B D' R D' B' R' D B2 R D'"
1896820,45623713322321,7,6711,"R B R' B D' R' B' R B2 D R'"
1901782,45637123132121,8,9740,"R B2 D' R' D' B2 R B' R2 B' D2"
1901944,45637123332122,8,8445,"R B R2 D B2 D B2 D2 R' B R"
1902758,45671231132231,7,5938,"R B D R' D' R' D B D' B D2"
1903187,45671233112132,6,12644,"R B2 R' B2 R' D R2 B R2 B R2"
1906670,45673212212132,8,7569,"R B R' D2 B2 D' R' D B' R B'"
1906906,45673213211222,5,22588,"R B D2 R2 B' D B' D' B2 R2 D"
1909865,45713623223132,6,11519,"R B D' B2 R' D R D' B R2 D2"
1912119,45721363321313,5,13409,"R B2 R2 B D' R2 B R2 B R2 B2"
1912127,45721363322231,7,10649,"R B D R2 B2 D' R D' R' D2 B2"
1918402,45732612233321,7,8610,"R B R D' R2 D' R' D R2 D2 B'"
1918767,45736121122211,7,18646,"R D B D2 B' D R2 B' D2 B R'"
1924560,46123571111111,6,45615,"R B R' B2 R D' R D' R2 B2 D2"
1925191,46123573232123,6,29384,"R D' B2 R D' R D' B' R' D R2"
1926982,46125731333123,8,8385,"R B D R' D B D2 R' D R B2"
1927536,46127351131313,6,16295,"R B R2 B R' D R D2 R D R'"
1927781,46127352131333,5,21659,"R B' R' B D B D2 B2 R' B D"
1928023,46127353131323,7,18558,"R B' R' D R D B2 D2 R' B R"
1930713,46135272133313,5,21203,"R B R B' D2 B D' R B R' B2"
1935308,46153273131131,8,11552,"R D' R2 B2 R' D2 B D2 B2 D B'"
1936949,46157233333232,6,15402,"R B R D' B D' B2 R' D B2 R'"
1937174,46157321331233,7,9071,"R B D' R' B R' D2 B2 R' D' R2"
1943788,46215372121223,7,11758,"R B D' B R2 D' R2 D' R B' R'"
1943940,46215372313211,5,56204,"R2 B2 R B' D R D2 B' R D R2"
1954046,46257132211133,6,17272,"R B' D2 B D R2 B' D R2 D' R'"
1955109,46257313312211,7,28384,"R2 D R' D B R2 B R2 D2 B D"
1957650,46273512122312,5,16101,"R B D' B2 D' R' D' R B2 D' R"
1957962,46273513221212,5,13701,"R B R' D2 R' D' R' B D2 R' B"
1958872,46275311123222,8,12468,"R B R2 D2 B' D' R D' R D2 R"
1959080,46275312112232,7,13663,"R D R2 B2 D' B' D B' R D2 R"
1959132,46275312132212,7,11319,"R B2 D' B2 D B2 R' B R2 B2 R'"
1959212,46275312232133,6,21249,"R B D R2 D2 R B R B' D2 B'"
1959249,46275312313211,6,16880,"R B R2 B R2 B2 D2 B D2 B' D'"
1959340,46275313121222,4,31839,"R B D' B D' R B2 D B' D' R'"
1959483,46275313312211,7,18982,"R D R2 B' R D R2 B2 D R' B'"
1964900,46321752111131,8,7601,"R B' D2 B D' R B R2 D' B R"
1969844,46352171211233,7,9398,"R B D' R D R B' R2 D B D'"
1970024,46352172113231,7,10340,"R B R B' D2 B D' B R B2 D2"
1974977,46372511221331,8,7676,"R B2 R' B D' R' B R' D2 R D2"
1976408,46375211211332,8,8510,"R B R' B' R2 D' R' D R2 B' R'"
1976580,46375212113111,8,9535,"R B D2 B R' D' R D' B' D2 B"
1976627,46375212132131,8,8111,"R B R D2 B2 R2 D B' R2 B D'"
1976629,46375212132221,8,9435,"R B D' B R2 D' R' B D' B2 R'"
1976791,46375212332222,6,16752,"R B R2 D' R' B R D2 B2 R2 D'"
1976814,46375213112111,7,12020,"R D R' B D' B R2 B2 R B' D'"
1976851,46375213123121,8,9775,"R B' D2 R D' R' D B D' R B2"
1977040,46375213333121,8,8698,"R B R2 B D' R D' B' R' D R2"
1977268,46512371331221,7,10197,"R B D' R2 B2 R D' B2 D' B2 D2"
1977316,46512372113321,5,18025,"R B R2 B' D2 R2 B R B' R D"
1978974,46513272332111,8,6685,"R B R2 D2 B' R B' R B R' D'"
1979014,46513273113221,7,9945,"R B R D' B2 D' R B2 D B' R"
1983833,46523711331332,8,8129,"R B R2 B' D B' D R' B D B2"
1984825,46527133111121,7,10523,"R B R' D2 R B' R B' D2 B2 R2"
1992484,46572311223122,8,10653,"R B' D B' R2 B' R' B' D R2 B"
1992664,46572312132122,8,8090,"R B R2 B' D B2 R2 D R' D R2"
2000184,46721533123313,5,24551,"R B R2 B' R D' B R' D R B2"
2012429,47123562232133,6,26967,"R D B D2 R' B' R2 B R D2 R"
2012927,47123651233232,8,8159,"R B' R D R' B D' B2 R B R2"
2015114,47126351233232,9,6737,"R D R' B R D' B2 R D' B D'"
2016002,47126532133133,5,23001,"R B D' R2 B2 R' B' D B' D B'"
2016819,47132562311111,6,13524,"R B2 R B2 R' B2 R B2 D2 R2 D'"
2017025,47132563222331,7,14321,"R2 B D' R' D R D' B R2 B' D"
2017546,47132652233321,6,21308,"R B2 R' D2 R B' D B' D2 B R"
2018915,47135622132332,7,11757,"R B D2 B' D B2 R2 D B' D R2"
2019645,47136252133112,7,15734,"R D2 R B R2 B R' D' B2 R2 D'"
2020946,47152361233232,8,8172,"R B R' D B D2 B2 D' R' D2 B"
2021717,47152631322131,7,11226,"R B2 R2 B' R B' R D2 R D R2"
2023935,47156231332313,7,14202,"R B' D' R D2 R D' B' D B2 D2"
2024273,47156233211132,7,16851,"R B' R2 D R2 D' R B' D2 B' R"
2024322,47156233223312,8,8236,"R B D' B D' R' B D2 R' B' D'"
2024343,47156233233113,7,13740,"R B' R' D R2 D R' B' D B2 D2"
2024394,47156233322312,8,7858,"R B R' D R' D' B R2 D' R' D'"
2024433,47156321111111,7,13530,"R B D R' B R' D B2 D2 B D'"
2024511,47156321133311,7,17064,"R B' R D2 R D R B' D R2 D'"
2024745,47156322132311,7,10682,"R B D2 R' D' B R D2 B2 R2 D'"
2024861,47156322313232,8,6136,"R B R2 B R' D' B R' B' R2 B"
2024903,47156322332132,7,12968,"R B R D2 R' D R2 B' R2 B' R2"
2024907,47156322332312,8,9369,"R B R' B R2 D' B' D B' D2 R'"
2025046,47156323223123,8,8707,"R B2 R2 B' R' B R2 D' R B R2"
2025361,47162351322122,7,11098,"R B D B2 D2 B R' D R' B D"
2027650,47163522131222,7,11293,"R B R' B2 R' B' D' R D2 B' R"
2028951,47165321232113,4,24398,"R B D' R2 B2 R B R D' B2 R"
2029007,47165321322131,7,17354,"R2 B2 D2 B' R D' R2 B' R B' R2"
2029116,47165322132212,4,30291,"R B2 D' R2 D R2 B' D R2 D2 R'"
2029122,47165322133112,8,18129,"R D R2 B2 D' R' D B' R B2 R"
2029196,47165322232133,6,20634,"R B R D2 R2 D B R B' R2 B'"
2029233,47165322313211,6,15110,"R B D2 B R2 B2 D2 B R2 B' D'"
2032757,47216352131333,5,17627,"R D B2 D2 B' R B2 D' B2 D R"
2038824,47251363131113,7,13018,"R B' R2 B R' D B' R2 B' R B'"
2039316,47251632131312,4,17794,"R B R' B R' D' B R2 B D R'"
2041782,47256133212311,8,11409,"R B D' R' D' R2 B2 D' R B' R"
2041880,47256133321232,7,11780,"R B R B' R B2 R' D R2 B' D'"
2046586,47265312122222,5,32508,"R B R B2 R' D' B2 R D' R' D'"
2046606,47265312131312,7,12565,"R B D B2 D' B' R2 D B' R' D'"
2046729,47265312313211,6,36639,"R' D R' D B D2 R' D R B2 R'"
2052299,47321651311133,7,11443,"R B R B R2 D' B2 D R2 B' D'"
2058257,47352612123131,6,12161,"R B R D' R' D R2 D R2 B' D2"
2058374,47352612311132,7,11317,"R B D R' D' R D2 R D2 B' D2"
2058393,47352612313211,7,20762,"R2 B' R2 B' R' D' R D2 B D' B"
2065678,47512632312323,7,10986,"R B R2 D2 R D' R' D2 R' D B'"
2087522,47621532232331,7,5802,"R B R' D R' B' R' B D2 R D'"
2087749,47621533231121,7,10355,"R B2 R B' R D R2 B' R B D2"
2092633,47632152233321,7,9651,"R B R D2 B' R B' D R' D2 B"
2092812,47632153212311,6,12730,"R B' D2 B' R B2 R B2 D B R2"
2092867,47632153232321,7,13302,"R B' R2 D' B R B R2 B D' B"
2093543,47632513212332,8,10711,"R2 B2 R' B' D' R D2 R D2 R' D2"
2096989,47652132231323,7,16597,"R B R2 D2 B2 D' R D' R' D B"
2099363,47653213211231,7,12136,"R2 B D2 R' D R D2 B R B' D'"
2099421,47653213232111,6,11972,"R B R B D2 B R' B' R' D2 R2"
2110480,51264731113322,8,9513,"R B R' D' R D2 R B D2 B2 R'"
2110803,51264732213311,8,8961,"R B R B2 R2 D2 R' D' R D' B"
2111603,51267342312233,6,18289,"R B' D B2 D B' R D' R' B2 D2"
2117098,51324671211122,6,14720,"R B R' B' D B' R B2 D2 R' D'"
2117349,51324672212111,7,19729,"R D R' B' D' B R2 D' B R2 B'"
2117526,51324673113311,7,18368,"R2 B R2 B' D2 R B' D2 B R D'"
2117746,51324761111123,8,10141,"R B R' D R B2 D2 R' D2 R D"
2118257,51324763113332,6,11741,"R B R' B' D B D' B2 R2 B R2"
2121723,51342672212111,7,15979,"R B' D R B2 R' B R2 D' B2 D"
2122780,51342763312223,5,97192,"R' B R' D R B2 D' R D R2 D'"
2128761,51367241211113,8,8024,"R B D' R2 D B2 R' B D B D'"
2134628,51423671221331,7,8648,"R B D2 B2 R D' B2 R B R2 D2"
2136699,51426731111111,6,17786,"R B D R2 D R' B' D R' B2 R2"
2137359,51426733312211,8,10325,"R B2 R' B D2 B' R D2 B' R' B"
2147694,51472361131313,7,11300,"R B2 R B R' B D' R2 D' B D'"
2149071,51472633331312,4,30926,"R B R2 D2 B D2 B R D' R B'"
2152197,51623471321111,8,8398,"R B R2 B' R B' D' B2 R B' R"
2153410,51623743313321,7,11221,"R B R' D B' D' R B2 R B D'"
2154367,51624731312123,7,12944,"R B2 R2 B R2 B' R2 D B' R2 B2"
2154888,51624733323113,8,13937,"R B' D' B D2 R' D B' D' R2 D'"
2157323,51632741323232,6,9730,"R B D' R2 B D R' D R2 D' R"
2160798,51642371122313,5,22930,"R B2 D2 R' B' D R' B2 D2 R D"
2161510,51642731113322,6,22705,"R D B2 D2 R' D B' R' B R2 D'"
2163695,51647231113232,6,10837,"R B R2 D2 B D2 B R' D' B2 D"
2170779,51723643131311,6,15811,"R B R' B D R' B2 R' D2 R D"
2171245,51724362122222,8,11375,"R B D' B2 D B R2 B R' B' D"
2171478,51724363121213,5,32198,"R B D' R2 D B R2 B D' B' D"
2173686,51726433123313,5,17642,"R B D2 B2 D' R B2 D' R2 D B"
2175123,51732643121213,4,22345,"R B D' R B' D' R D2 R D R'"
2179436,51742632323231,6,17398,"R B2 R' B2 D2 R' B2 R' D' B2 D2"
2179439,51742632323333,8,11173,"R B2 D' R' D2 R D2 B' R B D2"
2187873,52134761232113,7,11581,"R B D' R' D R2 D B D2 B2 R'"
2195052,52147631121311,7,12119,"R B2 R2 D2 B R' D B' D2 B D'"
2195076,52147631131211,7,15896,"R B2 D B' D B' R2 B D' B' R"
2195102,52147631211131,7,10485,"R B R B' D2 R B' R B' D B2"
2195182,52147631311121,7,10316,"R B R2 B' D B2 D R2 D2 B' D'"
2195262,52147632111113,7,13164,"R B2 R' B R B D' R D' R2 B"
2195505,52147633111112,7,14778,"R D2 R' D B D B' D R' D2 B"
2195758,52163471112122,7,10838,"R B2 R' D' R2 B2 D R B R' B2"
2195847,52163471213111,7,8261,"R B R2 B' D B' D R2 B2 D2 B'"
2195919,52163471312111,6,14764,"R B R B2 D2 B D B' R2 D2 B'"
2195983,52163471333123,8,5981,"R B R' D B2 D' B2 R D R B'"
2195997,52163472111311,8,8507,"R B R D2 B' R D' B' D2 R B"
2196049,52163472131222,6,15974,"R B D2 R2 D R B2 R B R2 B'"
2196237,52163473111211,7,15123,"R B D B2 R' B D' R' B2 D B"
2196242,52163473111331,8,9568,"R B2 R B R2 B' D2 B D' B' R2"
2196349,52163473221323,8,8801,"R B R2 B' D R2 B' R2 B D B2"
2196449,52163473323332,8,13194,"R2 B2 R' D R2 B' R' D' R2 B R"
2198939,52167342121232,6,17115,"R B R' D B R2 D2 B' R2 B2 D'"
2199669,52167432121313,8,9464,"R B2 R' D R' B2 R B2 D' R D'"
2199676,52167432122222,6,13891,"R D2 R' B2 D R D2 R2 D' B' D2"
2199693,52167432131213,7,15563,"R B' D2 R B R2 B' R' D2 R' B'"
2199959,52167433133333,6,13857,"R D B2 D2 B R D R' D2 R' B"
2200103,52167433331333,6,25870,"R B' R B2 D' B2 D R' B D2 B'"
2202922,52174633223123,8,9594,"R B' R' B' R D' R' D2 R' D' R"
2205150,52314673311311,6,22728,"R2 D B' R' D' B D2 R' B D2 B'"
2205424,52314761322122,8,7699,"R B2 R2 B D2 B' D2 R D' R2 D2"
2208870,52341671111111,6,39758,"B R' B2 R' D' B' R D2 B R' D"
2208909,52341671122211,7,10666,"R B2 D' R2 D' R D' B' R2 B R2"
2209038,52341671311313,6,12532,"R B R2 B' R B2 D' R2 D R B2"
2209194,52341672211112,6,25679,"R B2 D' R2 D' B D' B' D2 B R2"
2209263,52341672232313,6,14526,"R B2 R D R2 D' R2 D R' B' D2"
2209324,52341672323222,7,12044,"R B' R' D R' B' D R B2 R2 B"
2209326,52341672323312,8,10968,"R2 B R2 D B2 D R' B D2 B D"
2209428,52341673133111,7,10479,"R B D2 B' D R2 B' R2 B R B2"
2209503,52341673232213,8,6961,"R B2 R B D2 B' R2 B R' B' D2"
2209508,52341673232333,7,10371,"R B R B2 D' R D' B' R2 D B"
2209566,52341673323212,7,16657,"R2 B R D2 R B' R D2 R B2 D"
2213520,52361472121313,7,11346,"R D B2 D2 B' D' B2 R B2 R' D2"
2213547,52361472131312,6,11175,"R B2 R2 D' R D' B' R D2 B' D'"
2216485,52367142211121,6,15477,"R B2 R B' D2 R' B' R' B2 R' D"
2217335,52367412322232,6,12247,"R B D2 B' R B2 R D2 R2 B' R"
2219092,52374161112323,6,13154,"R B R D2 R D' B' D R' D2 R2"
2221870,52376413222223,8,8055,"R B R' D' R B D2 R2 B2 R' B"
2232782,52463173212332,7,12944,"R2 B R' B' D' R B2 D' B D2 B'"
2233511,52463713212332,8,12022,"R2 B R2 B' R2 D B' R2 B R B'"
2235969,52471631223113,8,7227,"R B' R2 D R' B D' R' B' R D2"
2236050,52471631323112,7,13567,"R B' D2 R D' R B' R' D' R B2"
2241372,52614372313211,7,14463,"R D R' B D B2 R' D B D2 B'"
2249547,52641733212311,6,14201,"R B R' B' D' R2 B2 D' B D' B"
2249602,52641733232321,7,12819,"R B2 R D R' D2 R B R2 B2 D'"
2255428,52673413232123,7,8255,"R B R2 D' R2 D' R D R' D2 B2"
2257135,52713461232323,6,9753,"R B R2 B' D2 R2 B R' B' R2 B"
2258586,52714361232113,7,14418,"R D B2 D2 R' B R' B' R D2 B'"
2259760,52714633213223,7,8803,"R B2 R' B' D2 R D' R2 D R' B2"
2259784,52714633223123,7,12330,"R B2 D2 R2 B D R' D2 B R' B"
2262240,52731641233112,7,8060,"R B R' D' B D' B D2 R2 B' D"
2262294,52731641323112,8,7678,"R B R' B' R B' D B2 R2 D' B"
2264477,52736141322233,6,17281,"R B R2 B2 D' B D' R' D R2 B'"
2266158,52741362313211,5,17588,"R B D R2 D B2 D R' D2 B2 R'"
2266159,52741362313223,7,8797,"R D B' D' B' R2 D2 B' R B' D"
2266748,52741632122333,7,16454,"R B R2 B2 R D B2 D2 B' D2 R"
2266756,52741632123323,7,21023,"R D R2 D2 R B D2 B2 D' B2 R"
2266797,52741632212213,6,15655,"R B D2 R D' R' D2 R' D2 B D'"
2266799,52741632212231,7,10350,"R B2 R' B R' B' R D R' D B'"
2266851,52741632232211,7,12870,"R B R2 D R' B' R2 B' D2 R D'"
2267060,52741633221233,8,9482,"R B D R2 B2 R' B' R2 D' R' D"
2267133,52741633313312,8,9490,"R B R' B D B2 D B' D2 R2 B"
2267134,52741633313321,7,13525,"R B D' R D' R' B R B' R B2"
2267140,52741633321223,7,18420,"R B' D B' R2 B R2 B' D2 B D'"
2267160,52741633323311,7,10031,"R B D' R D R2 D B' R2 D2 B"
2267922,52743611111213,7,9516,"R B D B' R2 B D' B D' B2 R"
2267925,52743611111312,7,12585,"R D B D' R2 D R' D B' D2 R"
2267930,52743611112131,8,9713,"R B D2 B' D B R2 D' B' D R"
2267938,52743611113121,8,12461,"R D B2 D' B D R2 B' R' B R"
2268216,52743612131111,8,8573,"R B R2 B' R D2 R B2 R2 D' B"
2268432,52743613121111,8,10366,"R B' D B R2 D' B R' B R2 B'"
2270838,52761431111213,7,9791,"R B D2 B' D B2 D B2 D2 R' B'"
2270841,52761431111312,7,10164,"R B D B' D2 R D' B D' B D2"
2270846,52761431112131,7,11279,"R B2 R2 D2 B R' B R' D2 R B'"
2270854,52761431113121,7,10289,"R B2 D R' D B' R2 B R' B' R"
2271132,52761432131111,7,10081,"R B D' B2 D' B2 R D' R' B R'"
2271348,52761433121111,7,9328,"R B R' B' R B2 D' B2 D' B R'"
2272175,52763143222331,7,13892,"R2 B' D B D2 B' R D2 B' D2 B"
2272416,52763411222312,7,19146,"R2 B R' D' R B' R2 D2 R D' R"
2272528,52763411333123,8,8104,"R B D2 R2 B2 D R D' B D' R"
2272896,52763413222112,8,12086,"R2 B D' B' D B' R2 D2 R B' R"
2272911,52763413223312,8,15677,"R2 B D' R B2 R2 D' R D' B' R"
2272983,52763413322312,7,18195,"R2 B R' B R2 B2 D' R B' D' R"
2276078,53126471231231,7,13567,"R D2 B R2 B' D R' B R' B' R'"
2276080,53126471231321,7,9302,"R B R' B2 D2 R' D' R D' B R"
2276134,53126471321321,7,14534,"R B' R' B2 R D R2 B' R2 B D2"
2280605,53146272123233,6,17777,"R D R B2 R' D R2 B' R2 B R'"
2282060,53147262123131,6,15789,"R B R2 D' R2 D' B D R' B2 D2"
2284618,53162743312223,5,56572,"R' B R' B D R2 B' D R B2 R'"
2307127,53274163211222,6,14821,"R B2 R B2 R2 B R2 D' R2 D2 B"
2314035,53421671321111,7,15930,"R2 B R D' B2 D B' D R B2 D2"
2314040,53421671321231,7,8094,"R B R2 D2 B R2 B R' D' R2 D"
2315318,53426171112233,6,17173,"R B R2 B2 D' R B' D' R D2 B'"
2320432,53462711113322,6,22930,"R D R2 D2 B' R D' R' B D2 R'"
2322054,53467211321111,6,9375,"R B R2 B' D R' B' D2 R D' R"
2325717,53476121323112,8,11047,"R D R2 D2 B' D B2 D' B R2 B'"
2325724,53476121323322,7,10040,"R D R2 D2 B' R B2 R' D B2 D'"
2329246,53614721212121,7,14015,"R B2 R B2 R2 B' R2 D B2 D2 R'"
2331562,53621471331221,7,12628,"R B R D' R2 B2 D B' R' D B2"
2337174,53642171111111,6,17624,"R B R' B2 R D' R D R2 B2 D'"
2341902,53672142221213,5,28577,"R2 B R B' D B' D R' D B2 R"
2347047,53714622233111,7,12984,"R B' R D2 R D' R D' B' R2 D2"
2349456,53721463223312,8,9075,"R B2 R B2 R2 B R2 D R2 D2 B"
2351295,53724612121112,7,11426,"R B D' R B R2 D2 B' R2 B2 D'"
2352475,53726143333121,7,9288,"R B R' D2 R B R2 B R' D' R"
2354148,53741621323112,6,19139,"R B' R2 D R' D B' R' B' R B2"
2354166,53741621332112,7,11695,"R B' D2 R D' B D' B' D' R D2"
2355857,53742612323333,7,10475,"R B2 R B' R2 D' B' R' D2 R' D"
2357859,53761242121211,7,12169,"R B R B2 R2 B' D2 R B D B2"
2357940,53761242221213,5,17191,"R B2 R' D' R B' R D2 R D' R"
2358021,53761242321212,5,24231,"R B R B2 R B R B2 D' R B'"
2359655,53762143222331,8,7026,"R B D' B' D B R' B2 D2 B D2"
2360458,53762413322123,7,9162,"R D R' D B2 D' R D' B D B2"
2362606,54123673233323,7,11072,"R B' R D R2 B' D R' B R2 B'"
2363638,54126371331221,7,8827,"R B R' B' D R D' R D2 R' D"
2365905,54127632131213,7,17017,"R B' D B R' D' R B R' D R2"
2365968,54127632222212,7,11413,"R B' R D R' D' R D B' D B2"
2366148,54127633131212,6,22843,"R D R2 D2 R' B' D2 R D2 R' B2"
2366171,54127633133333,5,35134,"R D B2 R' D B D B2 D2 R' B"
2366331,54127633333313,6,17730,"R B' D2 B' D B R D2 R2 D B"
2372242,54163271133221,6,14952,"R B2 D R' B R D2 B' D R D2"
2372562,54163272233111,5,36977,"R D R B R' B2 D' B R D R"
2373651,54167231121113,6,12273,"R B R2 B' R D' B R2 D2 B2 D'"
2373678,54167231131112,6,12088,"R B R D2 B2 D B D' R2 B2 D'"
2373735,54167231221211,7,10112,"R B2 R' D' B2 R2 D B D R' D2"
2373861,54167231333213,8,9371,"R B R' B D R B2 D' R D2 R'"
2373876,54167232112112,7,10091,"R B2 R' B' D2 R2 B R D R' D2"
2373945,54167232133313,6,33633,"R B2 R2 D B D' R2 D' R' D2 R"
2374101,54167232333113,8,9167,"R B R' B R2 B' R2 D B R D'"
2374262,54167233232333,7,11606,"R B' D' R B2 R B D' B' R2 D"
2374329,54167233331213,6,32895,"R B2 R2 D R B' D2 B' R' B2 R"
2376366,54172633132313,7,11215,"R B D2 R B D2 R' B R2 B2 D"
2382771,54217362233213,7,19079,"R2 B' R2 B R' D B' R2 B' R B'"
2383410,54217632132212,5,23191,"R2 B R' B R' D' B R2 B D R'"
2383875,54231671123111,7,10884,"R B2 D' R B D R2 D R' B' D"
2384362,54231673123121,8,7008,"R B R' D R D B2 R2 B D2 R2"
2388736,54261373123121,7,6790,"R B R D R2 B' R2 B R2 D' B'"
2389316,54261732231233,7,11320,"R B R' D B' R D' B2 R2 D' B'"
2395896,54276132233312,7,12811,"R B2 R' B R' B2 D' B R' D2 R2"
2397014,54312671131331,8,8075,"R B R' B D2 B' D R' B R B2"
2397285,54312672212111,8,7947,"R B R' D' R' D R2 B' D B2 D'"
2397606,54312673311311,8,13201,"R2 B' R D B2 D' R B2 D' R2 D"
2399886,54317261113112,6,9723,"R B D2 B' R D' R' B2 D B' R"
2400601,54317621111222,7,9406,"R B D R' D2 B2 R D' R' B D2"
2401662,54321672212213,7,20972,"R B D' B R' B R B2 D2 R2 B"
2401664,54321672212231,7,15554,"R B R2 D2 B2 R B D' R D' B"
2401716,54321672232211,7,15269,"R B R' D B' R D B2 R2 D2 B"
2401998,54321673313312,7,22371,"R2 B R' B' D B' D2 R2 D R' B"
2401999,54321673313321,7,28278,"R2 B R' D B2 D2 R' D B' R' B"
2402025,54321673323311,8,17471,"R2 B D' R' D B' R2 D2 R D' B"
2402140,54321761211221,8,7702,"R B R B' D B' D2 R' D R2 B'"
2402559,54321763113113,8,12335,"R D R' B D2 B' R D' B R B2"
2402789,54326171111231,7,15777,"R2 B R B' D2 B D' B R B2 D2"
2402798,54326171112233,7,6367,"R B R' D2 R' D2 R D' B' D' R"
2402978,54326171321231,7,8362,"R B D' R2 D' R2 D R' B' D' R"
2403525,54326711112212,7,12721,"R B D' B R2 D' R B' D2 R2 B"
2405345,54327612223232,7,14412,"R B2 R' B D R B' R B' D2 R"
2406074,54361272223232,7,11707,"R B2 D2 R' B D R2 D2 B R D"
2407178,54362171113133,7,8983,"R B R B D' B2 D R' B R' D'"
2407892,54362711111231,6,9649,"R B D' B2 R D R' B D2 B' R"
2408094,54362711323112,8,10390,"R D R' D' R D' B R2 D2 B' R"
2408628,54367121112212,7,15842,"R B' D' R2 D B R2 D' R2 D B2"
2408637,54367121113211,7,8693,"R B D' B2 R2 D' R' B R' B R"
2408642,54367121113331,7,17740,"R D2 B D2 B' D R' D R' B' R'"
2408941,54367122211121,7,11348,"R B2 D' B' R2 B D2 R' B R D2"
2409021,54367122311111,7,11940,"R B2 R' B2 D2 R' D2 R' D' R2 D2"
2409264,54367123311113,7,10759,"R B D2 B2 R B' R B' R D R"
2409412,54367211132222,7,18777,"R B D B2 R2 B' R B' D' B2 R'"
2409452,54367211213333,8,13951,"R D B2 D2 B D R2 D2 R' D2 B"
2409464,54367211222132,8,8856,"R B R' B D' B' D B R' B D2"
2409582,54367211333213,8,10628,"R B2 R' D B' R' B R B' D R'"
2409676,54367212211322,7,18863,"R D R2 D2 R B R2 B2 R' D2 B"
2409724,54367212231122,6,20604,"R B D2 B2 D B D2 B2 D' R2 B"
2409744,54367212233213,9,8527,"R B R2 D R' D' R2 D' R2 B D'"
2409816,54367212332213,9,9196,"R B D2 R D' B' R2 B' D2 R D'"
2409822,54367212333113,8,10778,"R B2 R' B D' R' B R D' B R'"
2409844,54367213112222,8,12155,"R B' D R' D2 R B2 R' D2 R D'"
2410004,54367213312133,7,16707,"R B' R B' R2 B R2 B' R2 B R'"
2410100,54371261113331,7,12173,"R B R2 B2 D B' D2 R D R2 B2"
2410821,54371621113112,7,15051,"R2 B D B' D2 B R' B R B2 D2"
2410828,54371621113322,7,6002,"R B R2 B' R2 D2 B D' B' D2 B"
2413193,54376121322233,7,15210,"R B D2 B2 R' B R' D' B R2 D'"
2413721,54376211111132,6,18927,"R B2 R2 D2 B' R B D' B D' R2"
2413723,54376211111222,7,10364,"R B R B2 R' D' B2 D' B2 D B2"
2413739,54376211113133,7,11665,"R B2 D B2 D' B R' D B' D' R'"
2414463,54612371112311,7,19134,"R2 B R2 B2 D2 R' D' R D' B D2"
2414810,54612372222131,8,8659,"R B D R B2 D B' D2 R2 B' R"
2415433,54612732112223,6,16391,"R B2 R' B D' R2 B' D B' D2 B2"
2415864,54612733322213,6,16424,"R B2 R' D R' B2 D' R B' D2 B2"
2418900,54621371133311,7,13386,"R B D' B D2 B' D B' D R D2"
2419147,54621372211121,6,16333,"R B' R D R2 B2 D R B2 R2 D'"
2426904,54637211132111,8,7589,"R B R' B2 R D2 B' D B R D'"
2427924,54671232221213,5,25096,"R B R2 B D R' B2 R' B' R2 D2"
2432157,54712361323313,8,12904,"R B2 D2 R' D' R D' B2 R2 D B"
2432320,54712362223322,7,13341,"R B2 R2 B D2 B D2 R' B R2 B2"
2435220,54716232222113,6,14735,"R B D' R B' R B' R2 D2 B' R'"
2435605,54716321112323,6,15320,"R B D' B2 D B' R B D2 R2 B'"
2436016,54716322313223,6,17198,"R B D B2 D2 R2 D' B' R B' R"
2437047,54721631111111,6,47070,"B2 R' B R' D' B R2 B R B D'"
2437084,54721631122121,7,11878,"R B2 D' R D2 R' D' B R' B2 R2"
2437211,54721631311133,6,22447,"R B D2 B' R D2 B' R2 B R D2"
2437367,54721632133232,7,9479,"R B2 R' B' R2 D2 B R D B' D2"
2437384,54721632212222,6,19620,"R B2 R2 D R D' R2 D' B' R2 B"
2437385,54721632212231,7,9435,"R B R' D R B R2 D' B D2 B'"
2437675,54721633231322,7,13072,"R B D B' R2 D2 R B D2 B D2"
2437720,54721633313321,8,7546,"R B2 R D' R D' B' R B' R D2"
2437775,54721633333331,7,10087,"R B R2 D2 R B R2 B D R2 D'"
2438808,54723612131312,6,22051,"R D2 R' D2 B R D2 R2 D' R' D2"
2438860,54723612221222,7,14175,"R B2 R' D B' R2 B R2 D' R D'"
2438868,54723612222212,6,24480,"R B' R2 B' D' B2 D B R2 D' R'"
2439024,54723613121312,5,33294,"R D B2 R' D' R2 D R B2 R D'"
2439231,54723613333313,7,16417,"R D B2 R' D' B2 D B D2 B R'"
2445757,54761233322321,8,7970,"R B D' B2 R2 D' B D' B' D R2"
2449157,54763212322232,6,13580,"R B R' B2 R' D2 B D' B' D B'"
2449563,56123471222312,8,10293,"R B D' B D' R' B D R' D B2"
2449570,56123471223221,7,7266,"R B R B2 D2 B' R' B2 D' R' B"
2449664,56123471331332,7,12338,"R D B2 D2 B D B2 D2 B' R2 D"
2449675,56123471333123,8,11057,"R B2 R' D R' B' R B R' D R'"
2449882,56123472322121,7,12566,"R B D2 B2 D B R2 B2 R' B2 D"
2449907,56123472331331,7,9956,"R B R2 B2 R D R2 D2 R' B2 D"
2450000,56123473133132,7,14331,"R B' R D' R2 D B2 D' B2 D R'"
2450003,56123473133231,8,9740,"R B R D2 B2 D' R' B2 D' B' R"
2450043,56123473222112,8,10494,"R B R' D R' D' B R B' D B2"
2450058,56123473223312,7,11081,"R B R' D R D2 R B' R2 D2 B"
2450130,56123473322312,8,9697,"R B D' B D R2 D B' D2 R2 B"
2450903,56124371111231,8,8810,"R B R' B2 D B R' B R2 B' R"
2451049,56124371232323,7,12584,"R D R' B' R D' B D2 R2 B' R"
2453803,56127433332323,6,15439,"R B2 R2 D2 B D' R B' D2 B R"
2454299,56132472333332,7,8852,"R B2 D2 R2 B D' R B2 D' B R'"
2454381,56132473211111,6,13640,"R B D' B' D' R2 B2 D' R D' B"
2454402,56132473213211,8,7823,"R B2 R D B' D2 B D B2 D2 R'"
2460364,56143273332323,7,19395,"R D2 R' B D B D' B R' D2 B"
2461223,56147231222132,7,15330,"R2 B D' B R2 B2 D' R D' R' D"
2461341,56147231333213,8,10750,"R B R2 D2 B2 R B R' B D' R"
2461503,56147232233213,7,20129,"R B R' B R' B D R2 B2 D2 R"
2461575,56147232332213,7,21332,"R B D' R B' R B R2 D2 B2 R"
2461581,56147232333113,8,11605,"R B D2 R2 B2 D R B' R B' R"
2462315,56147322333233,7,12097,"R D R' D' B' D R2 B' R D2 R'"
2464767,56173421113112,8,8776,"R B D2 B' D R' D' B2 R D' R"
2465936,56174232323333,7,15597,"R B' D B R2 D2 B R B2 R2 D'"
2466351,56174321232113,4,28434,"R D R2 D2 B' D R' D' B D2 R'"
2466936,56213471111111,6,21505,"R B D' B2 D B2 R' D R D B'"
2468339,56213743313333,4,32956,"R B R2 B' D2 R2 B R B' R B'"
2477700,56243173133111,7,13306,"R B' R2 B D2 B2 D R2 B D2 B'"
2478392,56243713121333,5,15066,"R B R2 D B D2 R' D B2 D2 R"
2479082,56247132333233,8,10203,"R B D' R' D' R D2 B' D B2 D'"
2481279,56271433111313,5,25657,"R B2 R B2 R2 B' R2 D' R2 D2 B"
2481324,56271433123313,5,16564,"R B2 R2 D' B R' B' D R D' R"
2481342,56271433132313,7,12956,"R B2 R2 D' R D' B' R D B' D"
2483435,56274132331133,7,11399,"R B R D B2 R D' B2 R2 D' B"
2484129,56274312313211,6,21001,"R D R' D B D2 R' D R B2 R'"
2489452,56321473233323,7,9825,"R B R' D2 R' D R B2 D' B D"
2489859,56321742211112,7,17095,"R D R D2 R' B R2 D' B2 D B'"
2490380,56324171221331,7,12361,"R B R' B R2 D' B D' R2 B2 D"
2492540,56327411211332,8,6520,"R B R' B' D B R2 D2 B2 R D"
2493036,56327413213112,8,7205,"R B R' B2 D2 R' B R' B' R D2"
2493696,56341273121213,6,15642,"R D B2 D2 B R B R' D2 R' B"
2493723,56341273131212,6,19893,"R B' R2 D2 R B D R' B2 D B"
2496578,56347122333233,8,11520,"R B' R B D2 B' R B2 D' B2 D"
2496924,56347211213111,7,12460,"R B D R' B D R' D R2 D2 R"
2496944,56347211222132,8,8644,"R B2 R B' D R' B' D R' B R2"
2496996,56347211312111,7,12179,"R B R B' R2 B' D' R D B2 R'"
2497043,56347211331131,7,9193,"R B R D' R2 B2 R D R2 D R2"
2497072,56347212111221,8,9717,"R2 B2 R' B R2 D' B' R' D2 B D"
2497074,56347212111311,7,15263,"R B' D' B R2 B R D' B' D2 R"
2497118,56347212123233,8,11223,"R B2 D' R B2 R' B' R B' D2 B2"
2497216,56347212232223,8,10216,"R B2 R D B2 D' R2 D B' R' D2"
2497314,56347213111211,7,14924,"R B' R' B R2 B D B' D' B2 R"
2497373,56347213131332,7,10835,"R B2 R2 D B R' D2 R' D' R2 D"
2507900,56423171231231,7,12109,"R B R' B' D B' R2 D2 B' R' D"
2507902,56423171231321,7,10022,"R B2 R2 D2 B' R D B' D B' R2"
2507956,56423171321321,7,10684,"R B2 D R2 D' B D' B R' D' R'"
2508013,56423172112121,7,17741,"R B2 D2 R2 B R' D B2 R' D B'"
2508310,56423173132121,7,10624,"R B2 R' B' R2 D R' D2 R D' B2"
2508318,56423173133111,7,11040,"R B2 D2 R2 B R D' R2 B R' B"
2513386,56432713122122,7,14089,"R B2 R' D B' R2 D' R B' R2 B2"
2519568,56712341232113,6,12569,"R B R' B' D R2 D R' B R2 B2"
2519992,56712343211123,7,13122,"R B2 R' B R2 B' D R2 B' R' B"
2524337,56721343123331,7,10962,"R B R2 B2 R' B R2 D' B2 D B"
2524946,56721432312233,5,20556,"R D R B' R' D R' D' R B2 R"
2526009,56723411113313,7,8689,"R B D R' D2 B2 D B R2 B R2"
2526012,56723411121113,7,8552,"R B D B' R2 B' D' B D B2 R'"
2526039,56723411131112,6,14451,"R B R D' R2 D' R' D B D2 R'"
2526108,56723411222312,8,8668,"R B2 R B' R D' B' D R' D R2"
2526270,56723412122312,7,10531,"R B R2 D2 R D B2 D R D2 R'"
2526439,56723412323222,7,16164,"R B D R2 B' R B' R' B2 D R"
2526582,56723413221212,6,18023,"R B D2 R2 D B R2 B R B2 R'"
2526588,56723413222112,8,6211,"R B2 R D' B R' B' D B' D R2"
2526687,56723413331111,7,9139,"R B R B' R2 D2 R B R2 B R2"
2530152,56732143122113,7,11811,"R B' R' D R2 B' R B' R' B2 R'"
2532579,56741231121311,7,10566,"R B R2 B' D B D2 R' B' D R"
2532603,56741231131211,7,12294,"R D B2 D' R B D2 R' D' B R"
2532629,56741231211131,7,14721,"R D B R' D2 R D' R B' D2 R"
2532709,56741231311121,7,13455,"R B R B' R2 B D' R D' B2 R"
2532789,56741232111113,7,18046,"R B2 D2 R' D R B2 R2 D R D"
2533032,56741233111112,7,11706,"R B2 R2 D2 B D' B R' D2 R D"
2536474,56743212122222,6,16521,"R B2 R2 D' B R' B' D R2 B' D'"
2536546,56743212221222,5,32609,"R D B2 D2 B' D' R2 B R2 B' D2"
2536707,56743213121213,7,18887,"R D B2 R' D R D B2 D2 R' B"
2536710,56743213121312,8,11059,"R B' R2 B' R D B D2 B2 D B"
2536901,56743213331333,6,21886,"R D R2 D2 R' B' R2 D R2 D' B2"
2536920,57123461111111,6,46273,"R B R' D2 R B2 D' R D R B'"
2553990,57164322131312,5,32993,"R B R' B2 R D R2 D R' B' D"
2556086,57214361323232,8,8768,"R B R' D2 B D B' D R2 D' R"
2556939,57214632212213,6,31148,"R2 B R' D R B' R2 B' R2 B R"
2561729,57236141113232,7,8854,"R B D' B2 D' R2 D B' R' D' R"
2561909,57236141322233,7,6070,"R B R' B2 R' B2 R D' R' D' R"
2561918,57236141323232,7,14271,"R2 B D R' B2 R D' B R D2 B2"
2564091,57241631322113,7,8102,"R B R2 B2 D' B R2 B' D R2 D'"
2564100,57241631323112,8,7756,"R B R2 B2 D' R D2 R' B R2 B'"
2566094,57246131112233,7,15552,"R B D2 B2 R' D R' D' R B2 D'"
2570704,57264132111323,5,23915,"R B2 R2 B R2 B R2 D' R B2 R2"
2577177,57321641311112,8,6416,"R B2 D' R B' D' R D2 R B D"
2577422,57321642311132,6,22991,"R B R' B D B D2 R2 D B2 R2"
2589027,57364212213311,7,22414,"R D B' R' D' B2 R2 D' R B' D"
2589105,57364212313211,5,38915,"R B R D2 R B2 R B' R2 D2 B'"
2589391,57364213332122,7,9220,"R B R2 B2 D R' D B' D B D"
2622238,57642311113322,7,13355,"R B D' R D2 R2 D B D2 B R'"
2624785,61234572231323,7,15935,"R B2 D R2 D' R D' B D' B' D"
2625033,61234573232213,6,14351,"R B R D2 B D2 B R' B R2 D2"
2626769,61235741313131,5,28982,"R B' D' B D R D2 R2 B' R B"
2636695,61257343232123,8,8557,"R B D' B2 D B' R B' R2 B2 D2"
2639162,61274351313131,6,17891,"R B D2 R B R2 D' B D2 B2 R"
2640094,61274532231323,7,13718,"R B R2 D2 B' R D B' R B2 D"
2651047,61352472233321,8,8849,"R B R' B D2 B R B R D2 B2"
2651070,61352472313211,6,113055,"R2 B' R2 B' D' B' D R2 B R' D"
2669037,61452731311313,8,10701,"R B' R' D' R D' R' B2 R' D' B"
2670327,61453721111111,6,16768,"R B D' R2 D B' R D B2 R2 D2"
2670489,61453721311112,8,8902,"R B D2 B' D B' D2 R D2 R' B2"
2670814,61453723111121,7,10335,"R B D B2 R2 D B R2 D2 B' D'"
2673539,61472532123332,8,9793,"R B D R' D R' B D2 B' D2 R'"
2673738,61472533112111,8,9800,"R B R B2 D2 R B' R' D R2 B2"
2680533,61527431111111,6,17019,"R B' R B D2 R' D R' B D' R2"
2683127,61534272311132,7,12631,"R B2 R' B2 R D' B R' B2 R B"
2683464,61534721112311,7,10822,"R B2 R' D2 R' D B' D2 R2 D' B"
2683470,61534721113211,7,9081,"R B D2 B R' B R' B D2 R' B"
2687094,61543271111111,6,25993,"R B' D2 R' B D R B2 R B' D"
2687109,61543271112311,7,9720,"R B' R2 B' D B2 D B2 R D B2"
2691160,61572432312323,6,16381,"R B R2 B' D B2 R' B' D2 B R'"
2701556,61734523222331,7,15415,"R2 B R B' R D B2 D2 R' B' D"
2712319,62134572321323,7,10614,"R B' R D R' B2 D2 B D' R2 D'"
2713375,62135471122121,6,13782,"R B2 R2 B' D' B R2 D' B D B2"
2713646,62135472132131,7,7829,"R B D R2 D' R' D2 B D2 B' D2"
2713862,62135473122131,8,8918,"R B R B' D2 R2 D R' D R2 D2"
2713870,62135473123121,7,16356,"R D R B' D B' D R2 D' B2 R"
2713880,62135473131131,7,9745,"R B2 R2 B' D B' R2 D R' D' B2"
2713888,62135473132121,8,8741,"R B2 D2 R2 D B D B' R B' R2"
2713973,62135473232231,8,7618,"R B2 R D2 B2 R' B D' R2 B2 D2"
2714029,62135473322321,6,10202,"R B2 D2 R' D' B R' D2 B D' R2"
2714678,62135743222331,7,8216,"R B R' B' R D' R2 B2 D' B' R2"
2714728,62135743312223,5,29615,"R2 B R2 B2 D2 R' B' D R' B R2"
2719702,62147353123121,8,9842,"R B2 D' R' B' D2 R B' D2 B' R2"
2719720,62147353132121,8,8254,"R B R B2 D' R B' D B' R' D2"
2723491,62154733321121,7,6241,"R B D' R' D B2 D R2 B' R2 B"
2723853,62157342132212,7,11575,"R B R2 B R D' B2 D' R' B2 D"
2726363,62173543232132,7,9692,"R B2 D R B2 R B2 D2 R B' D2"
2726498,62174351122133,6,14976,"R B R2 D2 B R2 B R D' B D'"
2727840,62174533311212,7,13217,"R B D' R2 B' R B D' R2 B2 D2"
2732787,62317453112111,7,10170,"R B D B2 D B' D' R D' R2 B"
2732952,62317453312211,7,13137,"R D' R2 D' B R2 B D2 R B D2"
2739349,62351743112123,7,21374,"R2 D R' B R2 D R' B' D' B2 D'"
2743152,62371453311311,8,8544,"R B D' B' D R B' D R2 D' R"
2744889,62374511322311,7,6928,"R B R' B2 D' B D R' D B2 R2"
2745187,62374513112321,6,14376,"R B' R2 B' R' D' R D2 B D' B2"
2745342,62374513312112,7,8111,"R B R B2 D R' D B2 D B' D2"
2753030,62435172211133,5,23344,"R D R' D2 B2 D R B D' R2 B"
2753111,62435172311132,7,15917,"R D B R2 B2 R D R D' B2 D'"
2753554,62435711222222,7,11566,"R B R' D R' B R2 B2 R D R"
2758456,62453713311122,6,26807,"R B' D B2 R' B D B' R B2 R2"
2761112,62471532232133,6,12414,"R B R B2 R B D2 B' R' B2 D"
2763115,62475131322323,7,10819,"R B R' D B2 R' B2 R' D B' D'"
2769179,62531472321233,7,15712,"R B D' B D R2 D2 B' D' R D2"
2775384,62543711211113,7,9960,"R B2 D' B' R' D2 B D' R2 D' R2"
2775465,62543711311112,6,18153,"R B R D2 B' R B' R D' R' B2"
2778656,62571432321233,7,18031,"R B' D' B2 D B' R2 D B2 D' R2"
2789769,62735143223213,7,10969,"R B' D2 B' R' B2 R' B D R2 B2"
2801563,63125741112323,5,29192,"R2 B R' B D R2 B2 D' R2 D B"
2802092,63125743131233,5,13581,"R B R' B D' R B2 R2 B R B"
2802111,63125743133312,5,15742,"R B D2 B D' R' B D' R2 B R'"
2803734,63142571111111,6,28055,"R B R' D' B R2 B R B' R2 B2"
2803804,63142571132321,6,25460,"R2 B' D2 R B D2 B R2 B D' B2"
2804230,63142573112123,6,29522,"R2 B' R2 D B R2 B R2 B D' R2"
2812903,63172452312323,7,12012,"R B R B R D2 R B' R D2 B2"
2812908,63172452313211,6,59124,"R2 B' R B R' D2 R' D' R' B D2"
2815139,63174522332132,7,7045,"R B R2 D' R2 D B2 R' D R B'"
2824922,63247511123132,6,14158,"R B D' B D' B' D' R B2 D B'"
2826896,63251743133231,7,13976,"R D R' B2 D R' D R D' B2 D'"
2845455,63452711311313,7,8055,"R B2 D2 R2 B R B' R2 D B' R"
2845768,63452712333221,8,7694,"R B2 R B D' B2 D B D2 B2 R'"
2848493,63471522123131,7,14143,"R B' R' B' R D2 R' D2 R' D R"
2848655,63471522323132,7,13758,"R D2 B' R B' R' B D2 B D B"
2848673,63471522332132,8,9075,"R B' R' D' B R2 B' D2 B' D R"
2849957,63472512123332,7,9763,"R B R B2 R' D B2 R' B2 R B'"
2853251,63512743313333,5,22750,"R B D' B R B2 D2 R' D2 R2 B'"
2860689,63541271212211,7,20395,"R2 B D B' R B R2 B2 D' B' R"
2863304,63542713121333,4,25926,"R B' R B2 R D' R B' R' D2 B2"
2868905,63574212123131,6,12337,"R B R2 D2 R B' D' R2 D' R D'"
2869041,63574212313211,7,16786,"R D' R B R B2 R D' B' R B'"
2870424,63712542221111,6,12455,"R B R' B D B2 D2 R' B' R D2"
2871092,63714252123131,7,12193,"R B2 R' B2 R B' R D' B2 D B"
2871547,63714521112323,6,18014,"R B D2 R' D' R' B R' B R' B2"
2872001,63714522332132,8,8135,"R B R D2 R' D R2 B' R2 B D2"
2874607,63721541233322,8,9516,"R B D' R2 D' R' D' B D2 R' D"
2875692,63724153121213,5,37349,"R D B R2 D2 B D' R D' R D'"
2876650,63725141112323,7,15211,"R D R2 B' R B R2 D2 B R' D'"
2876788,63725141233121,7,11004,"R B R' B D' B D2 R B' D' B'"
2876924,63725142123131,7,16013,"R D B D2 B2 D B R D' R2 D'"
2877005,63725142223133,5,24814,"R D R' B2 D2 B R B R' D2 B"
2877156,63725143122113,7,11325,"R B2 D' R2 D R2 B' D B2 D2 B'"
2877171,63725143123313,6,23886,"R2 B2 D2 B' D R' D2 B' R D' B2"
2878459,63741252222323,7,12917,"R B2 D B2 D' R D' R B' R' D"
2879111,63741522123131,7,14588,"R B R D2 R B R2 B' R' D2 B"
2880427,63742511232221,7,8480,"R B R2 D2 B' D B' R' D2 B2 R"
2881533,63745123122212,5,13024,"R B R2 D' B R2 B' D' R2 B2 D"
2882824,63751242221321,6,13918,"R B' D B R' B2 D2 B D' B2 D'"
2883723,63751423122311,7,10226,"R B D' R B' R B' D2 B D2 R'"
2883924,63752141111111,7,19472,"R D R' D B' D R2 D2 R D' R'"
2883963,63752141122211,7,16538,"R B' R2 D R' B' R B R' B D2"
2883972,63752141123213,7,11483,"R B R' B2 R' D B2 D2 B' D2 R"
2884394,63752142332132,7,13517,"R B R D2 R' D' R2 B D2 B' D2"
2884459,63752143123223,7,8951,"R B D R2 B2 R' B' R' D R2 D2"
2884507,63752143212323,8,7469,"R B R B2 R2 B D R' D B' R'"
2884537,63752143223123,8,9619,"R B' R2 B D B2 R2 D2 B D' R'"
2884782,63752411223212,8,8479,"R B R D' B2 D' B D R D2 R2"
2884890,63752411333213,8,13758,"R2 B2 R' B R D' R2 B2 R B2 R"
2885074,63752412312323,6,22958,"R D B2 R2 D B' R B' R2 B D'"
2885094,63752412322112,7,9647,"R B D B' D2 B' R D R D2 R2"
2885130,63752412333113,8,13398,"R2 B2 R' D R D' R2 B2 R D2 R"
2886634,63754213122122,8,11510,"R B R' B D' B2 D B D2 R' D"
2888358,64125371131313,6,18167,"R B' D2 B R' D R' B2 R' B R'"
2899308,64157321133212,7,25598,"R2 D R2 B2 D' R' D B' R B2 R"
2909117,64231572311132,7,10643,"R B D R2 B' R' D2 R B R2 B"
2916022,64257131113223,7,12251,"R B D B2 R2 D' B R' B' D2 R2"
2918784,64271533221212,5,14268,"R B2 D' R2 B D' R' B D' R D'"
2920468,64275131212223,6,18098,"R B D2 R2 B' R' D B' D R2 D"
2920546,64275131312123,7,13080,"R B R' D R' D B2 R D' R' D'"
2920700,64275132211133,6,19287,"R D B' D2 R2 D B R B' R2 D"
2920763,64275132232133,6,25419,"R D R B2 R2 B D R B' D2 B'"
2920995,64275133231112,7,15900,"R B2 D' B2 D R2 B' R D2 R2 D'"
2921034,64275133312211,8,9735,"R B D2 R' B D B2 R2 D R' B'"
2921120,64275311112332,7,10302,"R B2 R2 B R' B2 D R2 D B2 D2"
2921224,64275311222222,6,18093,"R B R D2 B2 R' B D' B' R2 D2"
2921763,64275313312211,7,15677,"R B D2 B2 R2 D' B' R B' R D2"
2926451,64321572111131,8,8444,"R D2 B' R B R D2 R D' B' D"
2926514,64321572132131,8,11859,"R B' R2 B R D2 B2 R B D R2"
2926613,64321572311132,6,24452,"R B' R2 B D R2 B2 D R B R2"
2928910,64325713121222,5,32884,"R2 B D' B R' D' R D2 R B R'"
2930888,64351272132131,8,8895,"R B D2 R' D2 R B2 D' B D B'"
2934651,64357212313211,5,39875,"R B D B2 D R2 D B' R2 D2 B'"
2934853,64357213231322,6,23342,"R D2 B R2 B' R B' D R' B' D'"
2934885,64357213312211,7,21448,"R D R' B' D' B2 R2 D' B R' D"
2948169,64531271212211,7,19380,"R2 B R2 B2 D R' D' B D2 R B"
2948384,64531272132131,7,10539,"R B D R2 D' R D2 B' R2 B D2"
2948600,64531273122131,7,7958,"R B R B' D2 R2 D R' D' R2 D2"
2948608,64531273123121,8,9976,"R D R B' D B' D R2 D' B2 R'"
2948730,64531273311311,7,10797,"R B R D' R D B2 D2 R' D' R"
2948736,64531273312211,7,8373,"R B R B' R D2 R' D R' D R2"
2953948,64572131122223,7,9949,"R B R' D2 B D' B' R' D B2 D'"
2958777,64713253112111,8,8071,"R B D R' B2 D' R B' D' R B2"
2974335,65123471112311,8,11841,"R B R' D' R' D2 B2 R' B R' B"
2974478,65123471233232,8,6949,"R B R' B D R2 D R' D' B' D2"
2974740,65123472312311,7,10977,"R B2 R B R' D2 R B D2 B2 R'"
2978784,65132471212112,5,12733,"R B D' R D' R' B R2 D' B' R'"
2978811,65132471222111,8,7318,"R B R' B D' B' D B2 R' D' R'"
2978836,65132471231321,5,18560,"R B' D2 R D2 R' B R' D2 R' B"
2978902,65132471323121,7,10914,"R B' D' B D2 B R' B' R D2 R2"
2978996,65132472131231,8,8326,"R B R B' D2 B' D B R D2 R2"
2979032,65132472212231,8,14021,"R2 B2 R B R2 B' D2 B D' B' R2"
2979097,65132472233321,6,25157,"R D B2 R2 D R' B R' B2 R D'"
2979188,65132473111331,5,13629,"R B' R2 B R B2 D' B2 R B R'"
2979366,65132473313312,8,7856,"R B R B2 R B' D B2 D R2 B"
2979393,65132473323311,8,7520,"R B R2 D B2 D B' R D2 R B"
2979556,65132741223323,7,7123,"R B R' D' R B' D B2 R2 D' B'"
2980034,65132743222331,7,11860,"R D B' D' B' R D2 B' R B2 R'"
2981039,65134721233232,8,6938,"R B2 D' R2 D R B2 D2 R' B' R2"
2986857,65147321232113,4,25546,"R B' D R2 B' R B D' R D2 R2"
2988242,65172431132333,5,21586,"R B2 R B R2 B D' R' B2 D2 R'"
2990648,65174232123131,6,11831,"R B R2 D2 B R' B D' B2 D B'"
2990679,65174232133313,5,28231,"R B R B' D2 R' B D R B2 R2"
2990814,65174232323312,8,11597,"R B2 R' B D2 R' B' D' B2 R D"
2991054,65174233323212,8,11711,"R B2 R' D B2 R' B' D' R2 B D"
2991063,65174233331213,5,31054,"R B D R' B2 D' R D R B2 R2"
2991513,65174322313211,6,10333,"R B R B2 R B2 R B' D2 R2 B'"
2991700,65174323223123,8,9118,"R B2 D' B' D2 B R2 D' R D R2"
2992545,65213741111111,6,21726,"R B D' R2 D B' R D' R2 D2 B2"
3000564,65241371111111,6,41295,"R B2 R B' D R D2 B' R D R2"
3003028,65243712121322,8,10027,"R B2 R D2 R2 D B2 R D2 R2 B2"
3005171,65271341332331,7,10580,"R B R2 D2 B R' B D' B R' B'"
3006050,65271432231233,7,10914,"R B R B' D R' D R2 D B D"
3007854,65274131111111,7,16695,"R B' R D' B2 D B2 R' D B D"
3008022,65274131311313,7,8073,"R B R D' R B2 R' D2 B R' B"
3008028,65274131312213,7,14176,"R B2 R B' R D R2 B' R D R"
3008150,65274132123332,7,12873,"R B D R' D R' B D2 B' D2 R"
3008407,65274133132223,7,8259,"R B2 R B2 R2 D R B D' R2 D'"
3008491,65274133232321,7,8111,"R B D' R D' B R2 B2 R B' R'"
3008515,65274133312223,7,24757,"R B R D' R2 B R D' R D2 R"
3011177,65314272311132,7,10983,"R B R B' R2 B' D' R B2 R2 D'"
3011196,65314272313211,7,16939,"R D' R B' R' D R2 D B D B'"
3013930,65321472111122,7,13282,"R B D B2 D' B R2 D' R2 D B'"
3030597,65417321232113,6,15916,"R B D R2 B2 D R D2 B2 R' B'"
3031066,65417323223123,8,7774,"R B D2 B' R B' D2 R B2 R' D2"
3031084,65417323232123,6,12709,"R B D' B2 D B' R B D2 R2 B2"
3034051,65423713321322,5,21472,"R B R2 D2 B2 D' R D' R B2 R'"
3037651,65432173232321,7,12740,"R B' R2 D' B R B R2 B D' B'"
3039996,65471231132213,7,14913,"R B2 R B R' B R2 D' R B R'"
3048562,65714323223123,8,8416,"R B2 R D' R2 B' R' D' R2 D' R"
3050817,65723143321313,5,13207,"R B R2 B R' B' D B' D2 R B'"
3055474,65732411333123,8,11657,"R2 B D2 R2 B2 D R D' B D' R"
3059709,65742311212313,6,13943,"R B2 R' B2 R' B R2 D B2 D B2"
3066981,67132541133311,7,15297,"R D' R2 B2 R' B2 D B2 D2 B D'"
3074757,67145323133312,6,19348,"R B2 R2 B D' B2 R B2 R B2 R2"
3078539,67154233323332,7,10583,"R B D' B R2 B2 D' R D' R' D"
3082934,67215343333133,5,18451,"R B R2 B D2 B' D R' D' B2 R2"
3084606,67231541323112,6,23381,"R D' B2 R D' B R' B' D' R B2"
3085093,67231543323122,7,13492,"R D' R2 B D' B D' R' D' R D2"
3086569,67234513332122,7,7097,"R B R2 B2 D R' D B' D B D2"
3091147,67245131313323,7,11284,"R B D R2 D' R' D2 B D' B' R'"
3091704,67245311112311,7,20793,"R D R' D B R2 B R2 D2 B D"
3091766,67245311133233,7,9374,"R B D' R' D2 R' D' B2 R D2 R'"
3096119,67254311131133,7,15467,"R2 B D2 B' D2 R D' R2 D B D'"
3096711,67254313311113,6,14545,"R B R' D R2 D' B D' R B D2"
3097195,67312452233321,6,17041,"R B D2 B' D B2 R' B' R2 B R'"
3097552,67312541121221,8,8252,"R B D R' B2 R' B R2 D R' B"
3097872,67312542221111,8,9357,"R B' R' D2 R B' R2 D R2 D' R2"
3101167,67321451111123,7,17480,"R B R' B R' D' B2 R2 D' B R"
3101181,67321451112311,6,13923,"R B D' R B2 R' B R' D' B R2"
3101259,67321451212211,7,24908,"R2 B R' D' R D R' B R2 B' R"
3101330,67321451311133,7,13141,"R B D' B' R D' R B2 D' R' D2"
3101410,67321452111122,7,13130,"R B R D' R D' B D2 B' D2 R'"
3101676,67321453113311,7,17326,"R B2 R' D' R' D B2 D B2 D' R2"
3102284,67321542232133,7,14249,"R B D B2 R' B' R2 B D R2 D"
3105907,67341252222323,8,7669,"R B D2 R2 B' R B R' B R2 D"
3108087,67342512222113,8,8460,"R B R' B R B' D2 R D' B R'"
3108827,67345122223133,6,19665,"R D B' R2 D2 R D B R' B2 D"
3108845,67345122232133,6,22680,"R D R D2 R2 D R D B' R2 B'"
3109186,67345211111123,7,11788,"R B R' B R' D' B2 R2 D' B R'"
3109187,67345211111132,6,20160,"R B2 R2 D2 B D' B' D R' D R2"
3109199,67345211112233,7,15626,"R B2 R2 B' R B D' B2 R2 D' B"
3109210,67345211113322,7,15419,"R B D' B' D R2 D B' D R2 D'"
3109267,67345211211122,6,18327,"R B2 R2 D2 R' D R D2 R2 B2 R'"
3109349,67345211311133,6,12828,"R B2 R B' R2 B' R2 D B2 D' B"
3109429,67345212111122,6,12400,"R B R D' R D' B D2 B' D2 R"
3109673,67345213111133,6,21174,"R B2 D2 R2 B' R D' R D2 B' R"
3112830,67354121111111,5,23344,"R B R B2 R B R2 B R B R'"
3113650,67354211212121,8,8470,"R B R' B2 R D' B2 R D B D2"
3113739,67354211313113,8,9462,"R2 B2 R' D B D' R2 B2 R B2 R"
3113793,67354211333111,8,9159,"R2 B2 R' B D B' R2 D2 R D2 R"
3113806,67354212111221,8,6224,"R B2 R' B R2 D' B' R' D2 B D"
3113896,67354212212222,7,14681,"R B D R2 D B D B' R2 D' R2"
3113966,67354212311132,5,18441,"R B D2 R2 B R' B R' D2 R B'"
3114051,67354213111313,8,9966,"R B' D R B2 D' B2 R D R2 D'"
3114105,67354213131311,8,9222,"R B' R D B2 R' D2 B D B2 D'"
3114128,67354213211132,5,23155,"R B2 R' D' R D2 B' D' R' B R2"
3114233,67354213313333,7,15458,"R B D R2 D B2 D B' R' B R2"
3114838,67412353132121,8,9909,"R D2 R' B2 R' D B' R2 D2 R' D"
3115003,67412353332221,8,10095,"R B D' B2 R2 B D2 B R2 D R"
3115073,67412531131133,7,10001,"R B D2 B2 R B' R' B D2 R D"
3126177,67435121332112,8,7192,"R B D2 R' D2 R' B D' B2 R2 B"
3126484,67435123123121,8,7936,"R B D2 R' D2 R' D R' D2 B2 D"
3130277,67452313321232,6,19160,"R B2 R D2 R2 B R' B' R B' R"
3149908,71234563231322,7,16094,"R B2 D B' R D B' R2 D2 B D"
3163369,71263541333222,7,15667,"R2 B' R2 D B D2 B R2 B R' B2"
3163582,71263542323123,6,18197,"R2 B' D2 R B R2 B D2 B R' D2"
3165136,71264533131323,7,14694,"R B R2 B R2 B' R D2 B' D2 B"
3165190,71264533221323,7,11570,"R B R2 D B' R2 D2 R B' R' D2"
3165214,71264533231223,7,16136,"R B' D R2 D' R D' R D R' B2"
3165216,71264533231313,6,18591,"R B D2 B' D2 B D' R2 D' R D2"
3169779,71326451211311,7,11590,"R B2 R' D' B' R D2 B R' D B'"
3170242,71326453132121,8,9129,"R B2 R' B2 R' B R' B2 D2 B' D"
3171147,71326543333313,5,18396,"R B2 R2 B R2 B2 D2 B R2 B2 D'"
3172916,71345262132131,8,8437,"R D B2 R' D2 R' D B' D2 R2 D"
3180408,71362453113311,7,16705,"R B R' D' R D R' B R2 B' R"
3184251,71365423331312,5,13394,"R B2 R2 D2 B' D2 B' D' B R' B'"
3184862,71423563213232,8,7679,"R B R' D2 R' D R2 B' D2 B R'"
3185591,71423653213232,8,8130,"R B' R' D' R B2 D' B R2 B' D"
3187848,71426353312211,6,18339,"R B2 R D R2 D' R' B2 D B R"
3188641,71426533333223,6,15398,"R B2 R' D B' D B2 D2 R2 B' D'"
3188797,71432561232323,7,12538,"R B' R B2 R' D2 B R' D' B' R"
3188858,71432561323232,7,9333,"R B R D' B2 R B2 R' D B' D"
3188893,71432562111221,7,9700,"R B2 R' D' B' R D2 B' R2 B R2"
3189279,71432563232213,7,11625,"R B2 D B R2 D2 B D' R B2 R'"
3189339,71432563323113,7,14009,"R B D2 R' B R2 D R' D' B' D"
3189340,71432563323122,7,18303,"R B2 D R B2 D2 R B' D B2 D'"
3189357,71432563332113,7,9536,"R B R2 D' B R2 D B' D' B' R"
3190307,71435261322233,6,19375,"R B2 R' D R' B R' D R' B2 R2"
3190465,71435262222122,6,16165,"R B R D' B2 R' B R' D R' D'"
3190672,71435263211123,7,13500,"R B2 R B' R B' R B' D' B2 D2"
3190753,71435263311122,5,22520,"R B2 R B' D B' R D' R' B2 R2"
3190826,71435263333133,5,19070,"R B2 R2 B' R D2 B' D2 B R2 D'"
3190828,71435263333223,7,11529,"R B2 R2 B' D R2 B' D2 B D2 R'"
3191561,71435623333331,8,10116,"R D2 R2 B2 D' B' D B' R2 B D'"
3192282,71436253333112,8,7584,"R D' B R' B R2 D R' D' B' D2"
3193610,71452363213232,8,6676,"R B2 D R' B D B' R2 D2 B R"
3194111,71452632222131,7,16232,"R D R' B R' D R' D2 R B2 D'"
3194842,71453262222221,5,17203,"R B2 R' D B D R' D2 B D' B'"
3195856,71453623311122,7,24343,"R D B2 D' B D' R B2 R' D2 R"
3196870,71456321322323,7,11237,"R B2 R D R' B2 D2 R D2 R' B'"
3196912,71456322111221,7,9990,"R B2 R' D' B' R' D2 B D2 B' R2"
3198148,71462531113322,6,22102,"R D B' R2 D R' D' B' D2 B2 R"
3198369,71462532111212,8,7779,"R B D R' D2 B D' B2 R2 D R'"
3198393,71462532121112,6,13179,"R B2 R B R2 D' B2 R D B R'"
3198613,71462533111223,8,10994,"R D2 B' D R2 D2 R' D R2 B' R2"
3198717,71462533221113,6,15496,"R B2 D' B D2 B2 D' R D2 B' R2"
3200287,71463523331222,6,13464,"R B D2 R2 B' R B' D' B2 R2 D"
3202314,71523463131311,6,16746,"R B2 R B' R2 B' D B2 R B' R2"
3202395,71523463231313,7,16484,"R B2 R2 D' B D' B' D R B' D"
3202476,71523463331312,5,18952,"R B2 R2 D' R B' R' D R B' R"
3206744,71532463221332,7,9084,"R B R D2 R D' R B' D B D"
3207883,71534262122222,8,12941,"R D R D2 B2 R D' R B' R D'"
3211801,71542633132322,8,8283,"R B R2 D' R2 D R2 B' D B R'"
3212948,71543622111131,8,9640,"R B R D2 B2 D' R' B2 R' D2 R"
3213190,71543623111121,7,10676,"R B2 R' B R2 B R2 B2 D' R D'"
3214137,71546233331213,5,21251,"R B D R' B2 R D' R D R' B2"
3214542,71546322231212,8,9708,"R B R' B R' D B2 D R' D B'"
3216155,71562433123232,8,8747,"R B D B' D2 B' D R2 B R' B"
3216946,71563243221221,7,11138,"R B D' B2 R D' R D R' B2 R'"
3223496,71625433213133,8,14555,"R2 B D B' D B' R B' R B2 D"
3229851,71643252231212,5,15844,"R B D2 B2 R' B R' D' B R B'"
3230904,71643523331213,4,35209,"R B D2 B' D2 B' R D R' B D2"
3237177,72134562312212,7,15113,"R B2 D' R2 B D' R B' D B' D"
3240608,72136541322233,8,9098,"R B D2 R' D2 B D' R' B D' R2"
3241745,72143563222331,8,8988,"R B D' R' D R D' B R2 B' D"
3241890,72143651121113,6,11644,"R B R' D' R2 D' B2 D R' B' R'"
3241917,72143651131112,6,12622,"R B D' B' D2 B' D2 B D' B' R'"
3241962,72143651213111,7,8193,"R B R2 B' D B' D R2 B2 D2 B"
3242034,72143651312111,6,14474,"R B R B2 D2 B D B' R2 D2 B"
3242112,72143652111311,8,8539,"R B R D2 B' R D' B' D2 R B'"
3242352,72143653111211,7,14275,"R B R2 B R D' R B D B2 R'"
3243478,72145631233223,8,6768,"R B R' B' D R2 D R' D' B D"
3243956,72145633232231,8,7140,"R B R' D' R D2 R B' D' B D"
3243982,72145633312223,5,27232,"R D2 B R' D B R2 D' R D B2"
3244441,72146352232223,7,11647,"R B R2 B' R2 B R' D R B' D2"
3250165,72163452122222,6,17625,"R D R2 B' D B D R2 D2 B' R"
3250398,72163453121213,7,13091,"R B2 R2 D' B D' B' D R2 B' D'"
3250425,72163453131212,6,21562,"R D R2 D2 R' B' D2 R D2 R' D2"
3250448,72163453133333,7,9029,"R B2 R2 D' R B' R' D R2 B' R'"
3250592,72163453331333,7,12711,"R D R2 D2 R' B' R2 D R2 D' R2"
3251880,72164353131113,7,15281,"R B2 R D R' B D' B2 D' B R'"
3253553,72165431113331,8,9464,"R B R' B D' R2 B2 D R B R'"
3253770,72165432111113,7,12788,"R B2 R2 B R B' D' B D' B' R"
3253771,72165432111122,6,18603,"R D2 R' B2 R B' R' B D2 R D2"
3253851,72165432211112,8,7555,"R B2 R' D2 R D' R' D B2 R D2"
3253983,72165432323312,7,10486,"R B D2 B' R B' R2 D2 B' R' B2"
3254013,72165433111112,7,10767,"R B R2 B' D B D R' D R' D2"
3254048,72165433121333,6,18160,"R B2 R2 D2 R D' B2 R B D2 R2"
3254126,72165433221233,8,9812,"R B2 R' B R' B2 D2 B' R' B2 R'"
3254173,72165433233323,6,23113,"R B' R B R' B2 D R2 D R' D"
3254206,72165433321223,7,9590,"R B R' D2 B2 R B' R' B D' B"
3254232,72165433331213,6,19261,"R B D' B2 R2 D' R D R B2 D2"
3260817,72345611111111,6,15635,"R B' R2 B' R' D' R D2 B D' B"
3260889,72345611133113,8,7517,"R B R B2 D' R2 D R2 D2 B' D"
3260929,72345611221223,8,6566,"R B R D2 B' R B2 R' D R2 D2"
3260938,72345611222222,6,15872,"R B R' B2 R' D' B2 D B' D2 B2"
3261041,72345611331332,8,6972,"R B2 D' B' D B' R D2 B' R B'"
3261096,72345612122111,8,8228,"R B2 D R' B2 D' R B R' D B"
3261284,72345612331331,8,7490,"R B R B' R2 D R' D2 R B2 R2"
3261415,72345613221221,8,5507,"R B D2 B R2 B' R2 B' D B D2"
3261545,72345613333331,7,12490,"R B' D' R D' B' R B2 D' B2 D"
3265936,72356141112323,6,13400,"R B R' D2 R B' R B R2 D2 B'"
3266064,72356141232113,7,9358,"R B R' B' D R2 D R D2 R2 B'"
3266488,72356143211123,6,14489,"R B R D2 R2 B2 R' B' D B' D"
3268016,72361453232333,7,10631,"R B R B2 D' R D' B' R2 D B'"
3268589,72361542333233,7,19612,"R2 B D R' D R B2 R2 D' R' B"
3271386,72365412222212,6,16250,"R B R2 B R D2 R' D' R2 B D'"
3271542,72365413121312,7,12776,"R D' R2 B R B2 R' D' B2 D' B'"
3271566,72365413131212,7,9804,"R B R2 D2 R' B' D' B D2 R' D"
3271733,72365413331333,6,21640,"R B2 R D' B D2 B' D2 R D' B'"
3278310,72435163333313,8,15852,"R D' B D' R2 D' B' D' B R2 D"
3290128,72513641232323,6,10115,"R B R2 B' D2 R2 B R' B' R2 B'"
3290137,72513641233322,7,11822,"R B' R2 B R' D B2 R' D2 R D2"
3292591,72516342313223,6,17793,"R B2 R B R2 B' D' B2 R B R"
3294302,72531463321232,7,17065,"R B' R2 D B2 D' R2 D' B' D B2"
3295648,72534163211123,7,12887,"R B2 R D B2 D' R' B2 D B D"
3298728,72541631111213,7,9969,"R B D2 B' D B2 D B2 D2 R' B"
3298731,72541631111312,7,11867,"R B' R B R2 D' R D' B D2 B'"
3298736,72541631112131,7,11481,"R B2 R2 D2 B R' B R' D2 R B"
3298744,72541631113121,7,10768,"R B2 D2 R' D B R2 B2 D R B"
3299022,72541632131111,7,9288,"R B R D' R2 D R' B D' B2 R"
3299238,72541633121111,7,12675,"R D R D' R2 D B' D B' D2 R"
3299859,72543162311111,7,9651,"R B R2 B D' B D' B R2 D' R"
3300021,72543163211111,7,9649,"R B2 R' B2 R' D R' B2 D2 B' R"
3300295,72543611221223,7,10962,"R B R D' R2 B2 R' B' R D2 B'"
3300313,72543611223221,8,10345,"R B D' B D' R2 B2 R D B D2"
3300407,72543611331332,8,12285,"R B' D B R' B R2 D2 B' R B2"
3300416,72543611332331,8,9940,"R B2 R D B D2 R B' D2 B' R"
3300650,72543612331331,8,9493,"R B R2 B2 R' B R2 D R2 D2 R"
3300737,72543613132232,7,12517,"R D R' D R' B R2 D2 B2 R B'"
3300745,72543613133222,7,10045,"R B R' D B' D R2 B2 D2 R B'"
3300781,72543613221221,8,10493,"R B2 R2 B D2 R' B D2 B2 D' R'"
3300801,72543613223312,8,10943,"R B' R' B2 R D2 R' B D2 B D'"
3300873,72543613322312,7,13770,"R B' D' B2 D B2 D' R D2 R D'"
3301848,72546311323112,7,9281,"R B2 R D R2 D2 R' B R2 D' R'"
3302337,72546313323212,7,17679,"R B2 R' B' R' D' R2 B R2 B' R2"
3302797,72561342313223,7,9864,"R D' B2 D' B D2 B R2 D R D2"
3303442,72561432213122,7,18060,"R B' R D2 R2 B' D B' D' B R2"
3303698,72561433221233,8,9753,"R B D R2 B2 R' D B' D' R2 B"
3303752,72561433311233,7,24280,"R D2 R2 D R' D R' B R' D B2"
3303776,72561433321133,7,15709,"R B2 R2 B D' R B' D R' D B2"
3303778,72561433321223,7,16697,"R B2 R2 B' D2 R' D R2 D2 R' D'"
3304560,72563411111213,7,9457,"R B R' D2 R' B2 D R' B' D R'"
3304563,72563411111312,7,9402,"R B R' B2 R' B D B2 R' B R"
3304568,72563411112131,8,13331,"R D2 R' D R D B' D B' R2 D"
3304576,72563411113121,8,9932,"R B2 R' D B R B' D R' B2 D"
3304854,72563412131111,8,8707,"R B R2 B' R D2 R B2 R2 D' B'"
3305070,72563413121111,8,8570,"R B R D' B2 R B' D R' B D2"
3318261,72643513212311,5,21595,"R B D' B R2 B' R B' D' B D2"
3318263,72643513212332,8,7368,"R B2 R' B' D' R D2 R D2 R' D2"
3326258,73125463133132,7,10907,"R B R' B2 D B' R B D' B2 D'"
3332525,73146522113231,6,12537,"R B D B D2 B D B2 D2 R' D'"
3349686,73246153312211,7,9463,"R B D R2 D2 B2 D' R' D B' R"
3371524,73456123231322,7,15697,"R B R D B' D2 B R' B R' B'"
3380337,73516243323113,8,4948,"R B R B2 R2 D' B D' R2 B2 D'"
3380357,73516243332131,7,9210,"R B D B2 R2 D R' D R' B R'"
3385911,73541262321212,5,23263,"R B R B2 R B R B2 D' R B"
3387611,73542163321133,8,9261,"R B2 R2 B D2 B2 R2 B D2 B2 R'"
3388213,73542613132121,8,7597,"R B D R' B2 D2 B R' B' D2 B2"
3388219,73542613132322,7,7284,"R B R B2 R' D B2 R' B2 R B2"
3394177,73564213321322,8,9913,"R B2 R B2 D' B' D R' B R' B"
3395698,73614251112323,7,11573,"R B D B2 D B' D' R D' R2 D'"
3397156,73615241112323,7,15841,"R B' R B2 D2 R2 B R' B R' D"
3397165,73615241113322,6,18683,"R B' R D2 B2 R2 D B' R B' R"
3397511,73615242223133,5,22090,"R B2 D' R D R B2 R2 D' B D"
3397677,73615243123313,5,18629,"R B2 R2 B' D R2 B' D2 B R2 D'"
3397731,73615243213313,7,11349,"R B2 R2 B' R B2 D' B2 D B2 R'"
3397848,73615243331312,5,18569,"R B2 R2 B' D B2 R' D2 R B2 D'"
3397857,73615243332311,7,11274,"R B2 R2 B' R D2 B' D2 B D2 R'"
3397894,73615421113322,7,11251,"R B D2 R2 B2 R' D' B' R D2 B'"
3398457,73615423213211,8,11557,"R D2 R' D R B D' R2 B R' B'"
3398597,73615423333331,7,9851,"R B2 R' B D B R' D2 B R' D'"
3401300,73624513121132,5,25486,"R D2 B' D2 R D' B R' B R' D"
3401498,73624513332131,8,11770,"R D2 B' D2 R D' R D' B D' B"
3401530,73625141112323,7,11475,"R B R2 B' R2 D2 B D B' D R2"
3402030,73625143121213,5,31988,"R B R B2 D2 R D' B R' B D'"
3402240,73625143333313,8,10591,"R B R' B D2 B R2 D' B R' D'"
3402610,73625412222323,6,12624,"R B D2 B2 R B' R2 D B R2 D2"
3405159,73642511111111,6,13836,"R B2 R' D' R D2 B' D' R D' R2"
3405182,73642511113232,5,18823,"R B' D' B2 R D R2 D' R' B2 R'"
3405184,73642511113322,6,22780,"R D R' B2 D R' B' R' B2 R2 D"
3405775,73642513223222,8,11276,"R D2 B' D B2 D2 B' R D2 B' D2"
3405909,73645121113211,8,10100,"R B D2 R' B' D2 B' D' R2 B D"
3406254,73645122222311,6,12058,"R B D B D R' D2 B D2 B R2"
3406743,73645211223113,8,7322,"R B R D' B2 D B' D2 R D' R"
3406752,73645211231111,8,9640,"R B' D R2 D' R D' B R2 D2 B2"
3406806,73645211321111,6,9388,"R B R2 B R' B D R2 B' D R'"
3406842,73645211332112,6,16207,"R B D2 R D' R D2 R2 B' R B2"
3407117,73645213112231,8,8639,"R B D2 R' D R D2 B R B' D'"
3407337,73645213333112,6,14703,"R B2 D B' D B R2 D' B D' R'"
3407371,73651241113322,7,8864,"R B2 R' D2 B2 R' D R D' B2 D"
3410106,73652413211312,7,8720,"R B R' B R' B D' B2 D B2 R'"
3410242,73652413331321,7,10131,"R B2 D B2 D B R2 D' B D' R2"
3410506,73654122111122,7,17809,"R D' R2 B R2 B' R' D2 B2 R B'"
3410613,73654122221111,7,11006,"R B R2 B R' B R' D' B2 R B'"
3410993,73654211111132,7,13082,"R B R2 B' R2 D2 B D B' D R"
3412417,74123563323221,7,10479,"R B R B' D2 B' R B2 D R' B"
3412891,74123652322121,7,12364,"R B D2 B2 D' R D2 B R2 B2 R'"
3413003,74123653132232,8,13314,"R D2 R2 D B' R B' R B' R B2"
3413009,74123653133132,7,13586,"R B2 R2 B' R2 D' R D2 R2 D' R'"
3413011,74123653133222,7,15733,"R B2 R2 B R' B R' D B' R B2"
3413012,74123653133231,8,9516,"R B R D2 B2 D' B R' D' R2 B"
3414093,74125631313311,7,9015,"R B R2 B D2 R2 B R' B' R B2"
3414178,74125632121121,6,15272,"R B2 R' B D' B R2 D' B' D B'"
3414186,74125632122111,8,7869,"R B R' B2 D2 B' R' D2 R D2 B'"
3414204,74125632131111,7,16178,"R B R D' R2 D R' B D' B2 R'"
3414347,74125632321332,8,7562,"R B R2 D2 R B2 R' D B R2 D'"
3414420,74125633121111,6,15759,"R D R D' R2 D B' D B' D2 R'"
3414452,74125633131233,6,17678,"R B R' D2 R' B' D2 B R' D2 R2"
3414461,74125633132232,8,5822,"R B R B2 D' R B2 R' D B2 D2"
3414469,74125633133222,8,7742,"R B D2 B D2 B' D2 B' D R D2"
3414471,74125633133312,7,14077,"R D R' D2 R' B' R2 B R' D2 R2"
3414625,74125633332323,6,15812,"R B2 D' B' D2 R B R2 B2 R' D'"
3415114,74126352333122,7,15452,"R D' R B D2 B2 R2 D' R' B R2"
3416288,74132561321231,5,18799,"R B' D' R2 B D R2 D' R' D2 R'"
3416365,74132562121121,5,13403,"R B2 D B2 D R B D R2 D B'"
3416373,74132562122111,8,7619,"R B D2 R' B' D' B2 R D' B2 D"
3416638,74132563131221,8,11249,"R D2 B' R B2 R2 B' D R2 B' D2"
3416643,74132563132112,7,10647,"R B2 D' R B2 R2 B' R D2 B' D2"
3420181,74136522322121,7,11318,"R B R' D B2 R D' R2 D' R B'"
3421022,74152363132232,8,9454,"R B R2 D B D2 B2 R' B' D' B2"
3421028,74152363133132,8,6346,"R B R2 B' D2 B R' D2 R' D R2"
3421030,74152363133222,7,12644,"R B' R B2 R' D B' R B D' B2"
3421031,74152363133231,7,10659,"R B R2 B2 R' B2 D' R' B2 R' B'"
3424393,74156322122123,6,11784,"R B R' B R B2 R D' R2 B R2"
3424399,74156322122321,8,7381,"R B D R2 B' R2 D B D2 B D'"
3424540,74156322313223,8,10449,"R B2 R B R2 B' D' B2 R B R'"
3424670,74156323132331,7,9119,"R B R' D2 B' D B R D2 R2 D"
3424672,74156323133123,8,6573,"R B D2 R2 B D' R D B' R2 B'"
3426328,74163251121122,6,11908,"R B2 D2 B D2 B D' B D2 B' R"
3426555,74163252112211,7,9375,"R B D2 R' B D' B2 R D R2 D2"
3426597,74163252131111,7,19466,"R B2 D2 R2 D' B' R B' R2 B D"
3426813,74163253121111,6,14753,"R B' R D R2 B' R' B D2 B' R'"
3426848,74163253131332,6,16009,"R B R' B2 D2 R' D B D B2 R2"
3426860,74163253133132,8,7522,"R B D' R2 B2 D R' D' B D' B"
3426861,74163253133213,8,8765,"R B2 R2 D2 R B' D2 R B R2 D2"
3426863,74163253133231,8,5372,"R B2 R' B D' R2 B2 R' D' B2 D'"
3427018,74163253332323,7,14268,"R B D2 B' D B R D' R D' R2"
3427788,74165231121212,7,18781,"R B D2 B D B' D B' R' B2 R2"
3427818,74165231131313,7,24002,"R B R' D R' B' R2 B' R' B2 R2"
3427849,74165231212121,8,9486,"R B R2 B D R' D B' R' B2 R2"
3427940,74165231313131,8,6507,"R B D2 R B' R2 B' D R' B R2"
3428004,74165232111212,8,6758,"R B D' B2 R' B R2 B R' B' D2"
3428028,74165232121112,7,17710,"R B R2 B R D' R B' R' B2 R2"
3428031,74165232121211,8,6551,"R B R' D2 B' R D2 R D' B' D2"
3428250,74165233111313,8,10210,"R B2 R2 B' R D' R D' R' D2 R'"
3428298,74165233131113,7,24023,"R B R2 B2 R' D' B2 D' R' B D'"
3428304,74165233131311,8,10366,"R B2 R2 B' R B' R D' R' B2 R'"
3428305,74165233131323,8,10663,"R B R' B D' R' B2 R' D' B2 D2"
3428313,74165233132313,5,36214,"R B2 R2 B' R' D2 R' D' R D' R"
3428385,74165233231313,5,36499,"R B2 R2 B' R' B2 R' B' D B' R"
3430397,74213652323132,8,8384,"R B R' D B R' D B' D2 B2 R"
3439185,74251633111313,5,23399,"R B R' D R B' R2 B' R2 B R"
3441802,74256311321222,7,20009,"R2 B R2 D2 B' D' R D' R D2 R"
3442100,74256313111232,7,19352,"R2 D R2 B2 D' B' D B' R D2 R"
3446465,74265312333233,8,10344,"R B D2 B' D2 R D' R2 D B D'"
3447926,74312652333332,8,8548,"R B R2 B2 D B' D B' D R B2"
3451736,74321563311131,7,12172,"R B D2 R' D2 R D2 B' D B D'"
3452461,74321653233323,7,13038,"R D R B' D2 B R' D B' R2 D"
3453091,74325163131323,7,12852,"R B R D' B2 D B' R B D' B2"
3453628,74325612221222,7,13614,"R B R2 B2 R' D' R2 B D2 B' R2"
3453792,74325613121312,6,12913,"R B' R' B D2 B2 D R' B' R D2"
3453816,74325613131212,6,23518,"R B R2 B2 R' D' B2 R D2 R' B2"
3453839,74325613133333,7,16703,"R B D2 R' D R B R2 B2 D' B"
3460331,74361253112132,8,9220,"R D2 B R' B R B2 D' B R D2"
3460406,74361253211231,8,7092,"R B R B' D' B D' R' D R2 D"
3463510,74365211121221,7,10244,"R B2 R' B D' R2 B2 R B' D R2"
3463578,74365211213111,7,12366,"R B R2 B' D B R2 B2 D B' R2"
3463650,74365211312111,7,12204,"R B R B2 D2 B D B' D2 B' R2"
3463659,74365211313113,8,5729,"R B2 R' D B D' R2 B2 R B2 R"
3463713,74365211333111,8,5468,"R B2 R' B D B' R2 D2 R D2 R"
3463728,74365212111311,7,12466,"R B R2 B2 D B D' B R2 B R2"
3463846,74365212222323,7,9684,"R B R' D R' B2 R' D B D R2"
3463964,74365212333332,7,10253,"R B R2 B D2 B' D2 B D' R' B2"
3463968,74365213111211,7,13132,"R B D2 B2 R B R' B D2 B R2"
3464000,74365213121333,7,9713,"R B R2 B' D' B2 D' B R B2 D2"
3464411,74512361322233,7,12199,"R D R' B' D B2 D B R2 B2 D'"
3464635,74512362313223,8,9035,"R B R B' D2 B' R' B D2 R' D2"
3466183,74513263121222,5,23189,"R2 B R D' B D' B R' D R2 B"
3469674,74521632222212,6,29049,"R B' D2 R B D2 B' D' B2 D' R'"
3469827,74521633121213,7,13104,"R D2 R' B2 D R B2 R2 B' R' D2"
3469830,74521633121312,7,18382,"R D R2 B' D' R2 D B R2 B D'"
3469877,74521633133333,7,13407,"R D2 R' D2 B R B2 R2 B' D' R2"
3470037,74521633333313,5,29100,"R D R2 B' D' B2 D B R2 B R'"
3470796,74523611121113,7,8380,"R B R' D' R2 D' B2 D R' B' R"
3470823,74523611131112,6,15278,"R B D' B' D2 B' D2 B D' B' R"
3470868,74523611213111,6,10864,"R B D2 B2 D B' R D2 R2 D R'"
3470940,74523611312111,6,11683,"R B R2 B2 R D' B D2 B2 D R'"
3471018,74523612111311,6,14850,"R B R' D2 B' D B' R' D2 B R"
3471258,74523613111211,7,9680,"R B R D' B2 D B' R' B D' B2"
3474949,74532163123223,8,8430,"R B2 R' D R' D B2 D2 R2 B' R'"
3477334,74561231111222,7,13146,"R B D2 B D' R D2 B' R D R'"
3477573,74561232111113,7,17269,"R B2 R D' R D R2 B2 R B D2"
3477681,74561232221111,8,10585,"R B' R2 B' R D2 B2 R B' D2 R"
3477816,74561233111112,7,11548,"R B2 D' R' B2 D B D2 B2 D' R'"
3477875,74561233131233,7,10822,"R B D' R2 B D B2 D R2 D2 B"
3477976,74561233233323,6,16854,"R D R B' D2 B R' D B' R2 D'"
3477983,74561233311233,8,6752,"R B R' B2 R' D2 R B2 R D R2"
3478007,74561233321133,7,13323,"R B R2 B D2 B' D2 B' R D R2"
3478011,74561233321313,6,17591,"R D R' B2 R' B' R2 B D' R2 D2"
3481127,74563211232332,6,14814,"R B D2 R B2 D' B' D' B2 D' B'"
3499033,74653213133222,8,8422,"R B D' R2 B D' R D B' R2 B'"
3504218,75132463233233,7,8486,"R B R2 D2 B' R D' R' B2 D2 R"
3510033,75143263231313,7,11220,"R B2 R2 D2 B' D2 B' R' B R' B'"
3511808,75146321323331,7,12157,"R B2 D2 B' R D' R2 B' R B' R2"
3517796,75213642223133,7,19378,"R B D2 B' R B' R D2 R' B2 R"
3521638,75231463211123,7,13180,"R D B2 D' R B' D B2 D' R2 D"
3522731,75234161322233,7,6320,"R B D R' B2 D B2 D' B R' D'"
3522879,75234162221111,7,13445,"R D B2 D' B' D2 R B' R B R'"
3524576,75236143213232,7,12544,"R B R' B R2 B' D R B R' B'"
3526540,75241632222323,7,15800,"R B D2 B2 R B' R2 D B D2 R2"
3527233,75243162211322,6,24770,"R2 B2 R B2 R2 B R2 D' R2 D2 B"
3527654,75243611113232,7,9564,"R B2 R B' R2 D R B D2 R' B2"
3528221,75243613213232,7,9902,"R B D2 B' D' B2 R B' D R D'"
3528600,75246131333312,8,10460,"R B' R' B D2 R' B R' D' B2 D'"
3529089,75246311111111,5,30924,"R2 D R' D B D2 R' D R B2 R'"
3529671,75246313212311,8,7418,"R B D' R D2 B' D' B D' R2 D2"
3529749,75246313312211,7,15409,"R B2 R D R2 D' R' B2 D B R'"
3529808,75246313332332,7,9457,"R B2 R2 D R' D B' R2 B R2 D2"
3530840,75261432123233,7,14818,"R B' R2 D B2 D' R' B2 D2 R B'"
3533009,75264132121232,8,10008,"R B2 R' D R' B' R D B2 D B2"
3533111,75264132223331,8,13002,"R B R B D2 R' B R' B' R2 B2"
3533169,75264132321212,8,8112,"R B' R B' R2 B D2 R D' R2 D"
3533255,75264133121333,5,26459,"R B R D2 R B D' R B2 D B2"
3533439,75264133331213,5,17955,"R B R2 D2 B D' B R B' R2 B'"
3533590,75264311223122,7,12516,"R B2 R2 B R2 B D2 R' D B2 D2"
3534084,75264313231112,7,13475,"R B2 D2 R' D' B R' B2 D2 R D"
3534914,75312463333133,5,31011,"R B R2 B' D2 B' D B R' B R2"
3536455,75314621133221,7,9640,"R B R B' R' D' B R D' R B2"
3536562,75314621313212,7,20944,"R' B D B' D2 B R' B R B2 D2"
3536884,75314623113122,7,10027,"R B2 R' D2 R' D B2 R B2 R D2"
3537248,75316241231231,7,10602,"R D R B' R B' R D2 R D R"
3538728,75321461311112,8,6550,"R B2 D' B R D R2 D R' D' B'"
3539116,75321463132121,7,11447,"R B2 R' B D2 B D2 B2 R' D R'"
3546173,75346122133133,7,11320,"R B R' D' R B R' D2 B2 D B2"
3546658,75346211133122,6,12546,"R B2 R B2 D2 R' D B' D2 R2 B2"
3546672,75346211211311,7,12590,"R D B' R D' B D2 B2 D R' D'"
3546750,75346211311211,8,8965,"R B R2 B D' R' B R' B' D2 B"
3547043,75346212323333,7,11042,"R B' R2 B R B2 D2 R2 B R' D'"
3547082,75346213112132,8,8387,"R B R' B2 R D R' B D' R D2"
3547135,75346213132121,6,12853,"R B D R' B2 D2 B R' B D2 B2"
3547141,75346213132322,6,16413,"R B R B2 R' D' B2 R D2 R' B2"
3547297,75346213332122,7,9727,"R B2 R2 B' D R' D2 B R' B' R2"
3552551,75412631223332,7,9863,"R B R D2 B R' D R2 D R' B2"
3555966,75416323232213,6,14660,"R B R2 B' D2 B D' B R B' D2"
3560997,75431263133213,7,11842,"R D2 R2 B2 D' R' D B' R2 B R'"
3566559,75462132123212,7,18605,"R B' R D2 R2 B' D B' D' B R"
3571190,75613243131332,7,14933,"R D2 R' B R B R' D2 B R' B'"
3571203,75613243133213,8,7564,"R B2 R' B R D R' D2 B D' R'"
3581542,75634123323122,8,8559,"R B D2 B' D2 B R' B R B' R2"
3583665,75641323232111,6,12191,"R B2 R' D2 R' B R2 D B2 D R2"
3584112,75642132213311,8,9175,"R B R' B R' D' B2 R' D2 R' D2"
3587326,76123453233323,7,9738,"R B D R' B2 D R' B R' B R2"
3590318,76125343333133,5,15451,"R B2 R B2 D' B' R B' D R' B"
3597189,76143252131312,6,14115,"R B D2 B2 D R B D' R2 D' B"
3597241,76143252221222,8,10172,"R B2 R B' R B2 R' D2 B D' R'"
3597429,76143253131212,6,20824,"R B2 R D' R B2 R' D2 B D' B'"
3597596,76143253331333,6,16033,"R B R' D2 B R2 B' D R' D2 R'"
3597612,76143253333313,7,16406,"R D' R2 B R D2 R' D' R2 D' B'"
3598371,76145231121113,6,12390,"R B R2 B2 R' D B2 R' D' B2 R"
3598380,76145231122112,7,17650,"R2 B2 R' B D2 R' B' D' B2 R D"
3598398,76145231131112,6,12864,"R B D2 B2 D' B D2 R' B' D2 R"
3598452,76145231221112,7,17728,"R2 B2 R' D B2 R' B' D' R2 B D"
3598514,76145231311331,7,9765,"R B R' B D' R2 D' R B R D2"
3598640,76145232123332,6,13170,"R B R2 B R2 B' D2 B R' D' B2"
3598743,76145232233213,7,21045,"R B' R2 B D' B2 R D B D' R"
3598809,76145232331313,7,12245,"R B R2 B' R' D2 R' B D B2 R2"
3598815,76145232332213,7,22170,"R B' D2 B D' R2 B D R B' R"
3598905,76145233133213,7,12665,"R B D2 B' D' B2 D' R D B2 R2"
3598982,76145233232333,7,8908,"R B R2 B2 D R D' B D2 B D2"
3604167,76154323333112,7,13262,"R B2 D2 R' B' R D' B2 R2 D R"
3605492,76213543213133,6,14416,"R B2 D R2 D B R2 D' B R' D2"
3605561,76213543311332,6,13488,"R B D' B R' B R' D2 R B2 D'"
3607232,76215341231231,9,5277,"R B R D' R B2 D' R2 D B R2"
3608543,76215433333133,5,15364,"R B R' D2 B D' B R B' R2 B'"
3608595,76231451123111,7,11264,"R B2 D' B R' D' R D2 R D B'"
3616598,76245311121131,8,6710,"R B D' B D2 B' R D R2 B2 D2"
3616624,76245311131121,8,6310,"R B R' B D' R B2 R2 B R' D'"
3616674,76245311213312,8,9388,"R B D' R' D R2 D B' R B2 R'"
3616877,76245312132131,7,13919,"R B2 R2 B' R2 B R D' B2 R D'"
3617092,76245313122122,8,9054,"R B D B' R2 D R B' D B2 D"
3617101,76245313123121,7,13713,"R B2 R D2 R2 B R D R' D2 R'"
3618803,76253141123132,8,8824,"R B D R' B2 R D' B R D2 B2"
3618845,76253141211332,7,9290,"R B R' B D B D' R2 B D B'"
3620175,76253413322312,7,11314,"R B2 R D2 R2 D B2 R D2 R2 B"
3620869,76254133311323,6,28215,"R2 B D2 R2 B' R' D B' D R2 D"
3621510,76254313211111,7,23094,"R2 B D2 B2 R2 D' B' R B' R D2"
3622005,76312452212111,8,13123,"R2 B D' B' D R B' D R2 D' R"
3622239,76312453211111,6,13638,"R B R' B R2 B' D B' D' B R2"
3622326,76312453311311,8,8433,"R B2 R' B' R' D R2 D R2 D' R2"
3622836,76312542321212,8,7788,"R B D B' R2 D B' D2 R2 B R'"
3622843,76312542322121,8,8312,"R B2 D B2 D R' D B2 D B R"
3623089,76312543322222,8,10967,"R D2 B' R D2 R2 D' R D2 B' R2"
3624597,76315241112113,8,9118,"R B' R D2 R' D R' B R2 D2 B2"
3624606,76315241113112,6,9841,"R B D2 B D' R B R2 D' B R'"
3624714,76315241223113,6,15808,"R B R2 D R' B R2 B2 D' R B2"
3624787,76315241322122,7,9417,"R B D2 R' B2 R D B2 D' R2 D"
3624801,76315241323313,6,14343,"R B2 D B' R D R2 B' D B' R'"
3624813,76315241332112,8,7538,"R B D B' D2 B R' B2 D B' R"
3625160,76315243211231,8,7085,"R B R2 B R2 D B D' R B' R'"
3625288,76315243323323,6,9924,"R B2 D R' D B R2 D' B R' D'"
3626326,76321452122123,8,9982,"R B D R' B2 D2 B D B R' B2"
3626332,76321452122321,7,10454,"R B2 R B D B2 R B' R2 B' D"
3626333,76321452122333,7,12368,"R B R2 B2 R' B D2 R D2 R2 D"
3626341,76321452123323,6,16229,"R B' D R B2 R B' D2 R2 B R'"
3626384,76321452212231,7,15478,"R B R2 D2 B2 R B D' R D' B'"
3626389,76321452213122,7,11453,"R B D B' D2 R2 D R B R' B2"
3626687,76321453233131,8,9932,"R B2 R2 B R2 D' B R2 B2 R' D'"
3626699,76321453311233,7,13906,"R D R' B R' B R2 D2 B2 R B'"
3626718,76321453313312,7,17382,"R B' R' D2 R B2 R' D R2 D R'"
3626723,76321453321133,7,11104,"R B R' D' R B D2 B2 R2 B R'"
3626745,76321453323311,8,11498,"R B' D' R2 D B2 D' B D2 B R'"
3627099,76321542211112,7,22169,"R D B D' R B' D B2 D' B2 R'"
3627342,76321543211111,7,17576,"R B R D' B2 R2 B D' B' R2 B2"
3627425,76321543311131,7,12801,"R B D B2 D' B R2 D' R2 D B2"
3627518,76324151112233,7,6617,"R B D B' D2 R B2 R' D R' D'"
3627520,76324151112323,5,17602,"R B2 R B D' R2 B2 D R2 D' B'"
3628198,76324153323122,8,9854,"R B2 R' B' D' R' D2 B R2 B' D2"
3629694,76325411111213,8,9447,"R B2 R2 B D' R D B' R B R"
3629697,76325411111312,6,30401,"R D2 R2 B' R' D B' D2 B D' B2"
3629702,76325411112131,7,9576,"R B R2 B' R D B D' B R' B2"
3629710,76325411113121,6,14328,"R B2 R2 B D B' D' B R' B' R"
3629728,76325411122121,8,7279,"R B2 R' B2 R B' D' B D2 R B2"
3629913,76325411331311,7,10361,"R B' D R' B2 D B R2 D' R D'"
3629944,76325412112121,7,13103,"R D2 R' B2 R D' B' D B2 R B2"
3630072,76325412231212,6,20114,"R B2 D2 B D B2 D B R2 B' R"
3630173,76325412333233,7,14625,"R B2 D2 B R2 B D' R B2 R' B"
3630298,76325413222223,6,13990,"R B2 R2 D R B2 R D' B' D2 R"
3630423,76341251111213,6,15136,"R B D' R D R B' R2 B R' B2"
3630426,76341251111312,7,13152,"R D B' R D R D' B2 D R' B2"
3630431,76341251112131,6,23723,"R B2 D' B' R2 D B D2 B2 D' R'"
3630439,76341251113121,8,10011,"R B2 R B' R D R2 B2 R D B2"
3630529,76341251221121,7,10271,"R B' R2 B' D B2 R2 D B' D2 R"
3630588,76341251311313,7,11202,"R B2 R B2 R2 D' R D R' B2 R"
3630813,76341252232313,7,10041,"R B D B' R B2 R' B2 D B' D"
3630878,76341252323333,8,7272,"R B2 R' D B' D R2 B' R' B D'"
3631017,76341253221212,6,13772,"R B' R' B D' R' B D2 R' B2 R"
3631061,76341253233131,8,8054,"R B R2 B R2 B' D2 B' D B R2"
3632612,76342511111231,6,9229,"R B R B' D2 R B2 R' D R' D"
3632614,76342511111321,8,9570,"R B' D B2 D' B2 R B' D' R' D"
3632814,76342511323112,8,8210,"R B D2 R' B R' B D R B' R2"
3632998,76342512232223,7,12021,"R B2 D R D2 B2 R D' R D2 R'"
3633192,76342513213112,8,11960,"R2 B R B2 D R' D B2 D B' D2"
3633291,76342513322111,8,11509,"R2 B R' B2 D' B D R' D B2 R2"
3633301,76342513323122,7,8554,"R B2 R' B' D' R D2 B' D2 B D2"
3633303,76342513323212,7,9955,"R B2 R' B' R' D R2 B' D2 B R2"
3633660,76345122211112,7,16839,"R D B D' R B' D B2 D' B2 R"
3633661,76345122211121,7,10643,"R B2 R2 B' R' D B2 R' D B D2"
3633684,76345122213311,6,13978,"R B R' B R' D' B2 R' D2 R' D'"
3633741,76345122311111,7,12309,"R B2 D2 R2 D R D B' R D' R2"
3633903,76345123211111,7,13116,"R B R D' B2 R2 B D' B R2 B2"
3633984,76345123311113,7,10924,"R B2 R2 B' R D' R2 B R' B' D2"
3633986,76345123311131,7,12974,"R B D B2 D' B' R2 D B2 D' B2"
3633996,76345123312211,6,13923,"R B R B' R B' D' B2 R2 D' R"
3635539,76351421112323,5,19006,"R B' R2 B D' R B2 D' B2 D R2"
3635548,76351421113322,7,6220,"R B R2 B' R2 D2 B D' B' D2 B'"
3636203,76351423321232,7,10859,"R B R2 B' D' B2 R B' R D R'"
3637740,76354121121212,8,6966,"R B2 R' B R2 B D R' B' D B2"
3637747,76354121122121,8,6562,"R B R B2 D' R2 B D R2 D R'"
3637878,76354121311313,7,10840,"R B R D2 B' R B D' B D' R'"
3637892,76354121313131,8,9493,"R B D R B D' R' B D2 R' D"
3637956,76354122111212,8,12003,"R B' R D' R2 D R2 B D' R2 D"
3637963,76354122112121,7,11525,"R B D' R B R2 B R' D2 B D2"
3638047,76354122212222,5,28665,"R B R2 D2 B R' B R B' D2 B'"
3638278,76354123211123,7,12961,"R B2 R D B2 D' R' B2 D B D'"
3638279,76354123211132,8,13343,"R B R' D R2 B' D' B R' D2 R2"
3638384,76354123313333,5,29154,"R B2 R2 D B' D B' R2 B D2 R2"
3638788,76354212213323,7,10751,"R B D2 B D R2 B D2 B D2 B"
3638858,76354212312233,6,20864,"R B2 R D' R D R2 B' R B R"
3638869,76354212313322,6,22163,"R B' R B2 D' B' D B' R2 B D'"
3638924,76354212333332,7,10791,"R B2 R' B R' D2 B2 R' B' R2 D'"
3639046,76354213222223,7,11016,"R B2 R D2 R2 B D R D' R2 D'"
3639100,76354213312223,7,10111,"R B R B' R2 D B D' R B2 R"
3643597,76421351131121,7,10126,"R B R B' D2 B' R' B' R D2 B'"
3657255,76512343213313,6,20925,"R D2 B' R2 D R' B R' B D' B"
3657381,76512343332311,7,14435,"R D2 B' R2 D R' D R' B D' R"
3660325,76514321112323,6,13868,"R B D B2 D B' D' R D' R2 D2"
3660453,76514321232113,6,15131,"R B D' R' D R2 D B' R B2 R2"
3662405,76521433232333,7,10058,"R B R' B2 D' B R' D' R2 B D"
3663842,76523413223231,7,11285,"R B2 D R' D R D2 B' R B R2"
3665389,76524313331222,7,13062,"R B2 R D2 R2 D B2 R' D2 R2 B"
3670086,76541232131213,7,16586,"R D' B2 D' R B D R2 D2 R B"
3670141,76541232221222,7,15993,"R B R2 B2 R' D' R2 B D2 B' D2"
3670302,76541233121213,5,24610,"R B R2 D' R D B R2 B2 D' B"
3670496,76541233331333,6,18907,"R B D2 B2 D' B' R2 D B2 D' B2"
3670512,76541233333313,6,13963,"R B' D' R D2 R2 D R' B' D R2"
3673431,76543211111111,6,24795,"R2 D' R B R B2 R D' B' R B'"
3673521,76543211212112,6,24027,"R B' D B2 R B2 R' B D' B2 D2"
3673561,76543211223221,8,8726,"R B2 R' D R' B2 D2 B' D' B2 D'"
3673664,76543211332331,8,6137,"R B2 R' B D2 R' D' B' D R' D'"
3673673,76543211333333,8,9481,"R B2 D' R B D' B D' B2 D' B"
3673744,76543212132323,7,9369,"R B D' R D' B2 R2 D R B D'"
3673795,76543212222221,7,11193,"R B2 R2 D2 R D' R2 B R B2 D2"
3673884,76543212323213,7,9018,"R B D2 R' B R' D2 B D B2 D2"
3673937,76543213113131,8,8411,"R B2 R2 D B R2 B D' B' R2 D"
