rank,state,p,o,expected_length,solution_length,expected_h,root_heuristic,expected_nodes,search_nodes,instructions_retired,status
275,12345672121232,0,275,11,11,6,6,15443,15443,1152883,PASS
291,12345672123212,0,291,11,11,6,6,15106,15106,1128086,PASS
435,12345672321212,0,435,11,11,9,9,7489,7489,558945,PASS
547,12345673131323,0,547,11,11,7,7,18592,18592,1387650,PASS
555,12345673132313,0,555,11,11,7,7,21656,21656,1616262,PASS
627,12345673231313,0,627,11,11,8,8,8143,8143,607850,PASS
729,12345761111111,1,0,11,11,7,7,90053,90053,6723650,PASS
1463,12346571111231,2,5,11,11,9,9,5858,5858,437447,PASS
2207,12346751113133,3,20,11,11,7,7,23216,23216,1733567,PASS
2928,12347561112212,4,12,11,11,7,7,16240,16240,1212265,PASS
3645,12347651111111,5,0,11,11,6,6,114384,114384,8540856,PASS
3681,12347651122112,5,36,11,11,6,6,12885,12885,961785,PASS
3723,12347651133311,5,78,11,11,6,6,15301,15301,1141936,PASS
3892,12347652111221,5,247,11,11,6,6,10682,10682,797526,PASS
3938,12347652123233,5,293,11,11,7,7,11843,11843,884287,PASS
3941,12347652123332,5,296,11,11,7,7,15596,15596,1164314,PASS
4019,12347652223232,5,374,11,11,7,7,9305,9305,694595,PASS
4133,12347653111133,5,488,11,11,6,6,14749,14749,1100965,PASS
4198,12347653132223,5,553,11,11,7,7,10472,10472,781444,PASS
4201,12347653132322,5,556,11,11,7,7,10198,10198,761299,PASS
4363,12347653332323,5,718,11,11,6,6,12900,12900,962579,PASS
4374,12354671111111,6,0,11,11,7,7,93911,93911,7012193,PASS
5119,12354761112323,7,16,11,11,5,5,80757,80757,6029368,PASS
5373,12354762121112,7,270,11,11,7,7,12112,12112,904260,PASS
5376,12354762121211,7,273,11,11,7,7,13366,13366,997754,PASS
5509,12354762311123,7,406,11,11,7,7,10798,10798,806002,PASS
5645,12354763131131,7,542,11,11,8,8,10174,10174,759479,PASS
5661,12354763133111,7,558,11,11,8,8,9620,9620,718010,PASS
5671,12354763211123,7,568,11,11,6,6,12752,12752,951971,PASS
5852,12356471113133,8,20,11,11,7,7,16622,16622,1241044,PASS
6635,12356741133131,9,74,11,11,7,7,9819,9819,732911,PASS
6743,12356741313131,9,182,11,11,8,8,8314,8314,620827,PASS
7067,12356743113131,9,506,11,11,7,7,10508,10508,783902,PASS
7294,12357461111222,10,4,11,11,7,7,16798,16798,1254089,PASS
7316,12357461113331,10,26,11,11,7,7,18709,18709,1397142,PASS
7614,12357462211112,10,324,11,11,7,7,14591,14591,1089430,PASS
8045,12357641113331,11,26,11,11,7,7,20654,20654,1542094,PASS
8760,12364571112212,12,12,11,11,7,7,21846,21846,1630680,PASS
9489,12364751112212,13,12,11,11,7,7,16154,16154,1205793,PASS
9497,12364751113133,13,20,11,11,7,7,18020,18020,1345554,PASS
10127,12364753311131,13,650,11,11,7,7,14043,14043,1048444,PASS
10206,12365471111111,14,0,11,11,6,6,95798,95798,7152836,PASS
10288,12365471211122,14,82,11,11,6,6,14590,14590,1089236,PASS
10386,12365471313113,14,180,11,11,6,6,10354,10354,772956,PASS
10580,12365472223232,14,374,11,11,7,7,9340,9340,697212,PASS
10643,12365472321233,14,437,11,11,7,7,12233,12233,913374,PASS
10842,12365473232312,14,636,11,11,7,7,9463,9463,706582,PASS
10924,12365473332323,14,718,11,11,6,6,12021,12021,896924,PASS
10961,12365741113331,15,26,11,11,7,7,17350,17350,1295239,PASS
11717,12367451123333,16,53,11,11,7,7,9502,9502,709225,PASS
11731,12367451132222,16,67,11,11,7,7,9355,9355,697872,PASS
11771,12367451213333,16,107,11,11,7,7,10465,10465,781181,PASS
11839,12367451312222,16,175,11,11,7,7,12322,12322,919803,PASS
11933,12367452113333,16,269,11,11,7,7,12573,12573,938922,PASS
12163,12367453112222,16,499,11,11,7,7,10397,10397,775912,PASS
12405,12367541112212,17,12,11,11,7,7,22129,22129,1651612,PASS
12419,12367541113331,17,26,11,11,7,7,30866,30866,2304048,PASS
12611,12367541331131,17,218,11,11,6,6,15195,15195,1133608,PASS
13152,12374561121212,18,30,11,11,8,8,8235,8235,614890,PASS
13206,12374561211212,18,84,11,11,7,7,10206,10206,761661,PASS
13368,12374562111212,18,246,11,11,8,8,10750,10750,802962,PASS
13855,12374651111222,19,4,11,11,7,7,16981,16981,1267820,PASS
14584,12375461111222,20,4,11,11,7,7,20641,20641,1540921,PASS
15327,12375641113112,21,18,11,11,9,9,7775,7775,580488,PASS
16042,12376451111222,22,4,11,11,7,7,21333,21333,1592373,PASS
16058,12376451113133,22,20,11,11,7,7,22919,22919,1710617,PASS
16149,12376451221211,22,111,11,11,6,6,16073,16073,1199424,PASS
16783,12376541112323,23,16,11,11,5,5,67573,67573,5044517,PASS
16916,12376541232233,23,149,11,11,7,7,20333,20333,1517872,PASS
16970,12376541322233,23,203,11,11,8,8,10472,10472,781471,PASS
17042,12376542121232,23,275,11,11,6,6,12528,12528,935444,PASS
17058,12376542123212,23,291,11,11,6,6,11705,11705,874000,PASS
17327,12376543133132,23,560,11,11,8,8,7475,7475,557759,PASS
17330,12376543133231,23,563,11,11,8,8,7393,7393,551716,PASS
24127,12456731132321,33,70,11,11,7,7,21392,21392,1596374,PASS
24214,12456731233223,33,157,11,11,6,6,12905,12905,963269,PASS
24676,12456733223321,33,619,11,11,7,7,6939,6939,517790,PASS
27113,12463751231231,37,140,11,11,8,8,9132,9132,681445,PASS
29215,12467351131121,40,55,11,11,7,7,12315,12315,919426,PASS
29302,12467351231321,40,142,11,11,6,6,11233,11233,838369,PASS
30682,12473561132123,42,64,11,11,6,6,14547,14547,1085850,PASS
37195,12536741112323,51,16,11,11,6,6,12899,12899,963170,PASS
38133,12537461332112,52,225,11,11,8,8,7785,7785,580831,PASS
39366,12543671111111,54,0,11,11,6,6,15998,15998,1193986,PASS
39450,12543671211212,54,84,11,11,8,8,10142,10142,757176,PASS
39582,12543671331113,54,216,11,11,6,6,21406,21406,1597777,PASS
39637,12543672121121,54,271,11,11,8,8,8072,8072,602597,PASS
39806,12543672321332,54,440,11,11,8,8,8766,8766,654310,PASS
39812,12543672322232,54,446,11,11,8,8,8545,8545,637623,PASS
39830,12543672331232,54,464,11,11,8,8,8760,8760,653872,PASS
39860,12543673111331,54,494,11,11,8,8,7598,7598,567039,PASS
39967,12543673221323,54,601,11,11,6,6,14752,14752,1101303,PASS
39991,12543673231223,54,625,11,11,8,8,7949,7949,593557,PASS
40012,12543673233323,54,646,11,11,6,6,15247,15247,1138121,PASS
40940,12546371221331,56,116,11,11,8,8,7154,7154,533636,PASS
44040,12563472131213,60,300,11,11,7,7,10040,10040,749522,PASS
44283,12563473131212,60,543,11,11,7,7,10812,10812,807117,PASS
46621,12564733323122,63,694,11,11,8,8,8220,8220,613759,PASS
48023,12567433232333,65,638,11,11,7,7,11496,11496,858269,PASS
51610,12576343212221,70,580,11,11,7,7,11836,11836,883407,PASS
55467,12637451132111,76,63,11,11,6,6,15112,15112,1127949,PASS
55629,12637451332112,76,225,11,11,8,8,7146,7146,533392,PASS
57058,12643571321321,78,196,11,11,8,8,7663,7663,572128,PASS
58375,12645371131121,80,55,11,11,7,7,12329,12329,920498,PASS
66800,12673542331133,91,461,11,11,8,8,9385,9385,700535,PASS
70000,12734561112323,96,16,11,11,6,6,13082,13082,976712,PASS
70187,12734561322233,96,203,11,11,6,6,17251,17251,1287381,PASS
70411,12734562313223,96,427,11,11,7,7,9246,9246,690094,PASS
76545,12745631111111,105,0,11,11,6,6,39578,39578,2954854,PASS
76789,12745632111122,105,244,11,11,7,7,10025,10025,748430,PASS
76881,12745632212213,105,336,11,11,7,7,15612,15612,1164810,PASS
76909,12745632222221,105,364,11,11,7,7,10613,10613,792278,PASS
76935,12745632232211,105,390,11,11,8,8,8285,8285,618087,PASS
77087,12745633131131,105,542,11,11,7,7,11769,11769,878265,PASS
77217,12745633313312,105,672,11,11,8,8,8879,8879,662912,PASS
77219,12745633313333,105,674,11,11,6,6,18119,18119,1352732,PASS
77244,12745633323311,105,699,11,11,7,7,10515,10515,784894,PASS
79117,12753462231323,108,385,11,11,8,8,8026,8026,599122,PASS
83552,12763452322232,114,446,11,11,8,8,8615,8615,642805,PASS
87027,12765432121313,119,276,11,11,7,7,8589,8589,641050,PASS
87114,12765432222212,119,363,11,11,6,6,29040,29040,2168838,PASS
87267,12765433121213,119,516,11,11,6,6,13472,13472,1004898,PASS
87461,12765433331333,119,710,11,11,8,8,9776,9776,729743,PASS
87669,13245671321111,120,189,11,11,7,7,19681,19681,1469181,PASS
88938,13246571111111,122,0,11,11,5,5,19057,19057,1422124,PASS
88952,13246571112233,122,14,11,11,7,7,14955,14955,1116799,PASS
88961,13246571113232,122,23,11,11,8,8,11527,11527,860225,PASS
89378,13246572321332,122,440,11,11,7,7,8955,8955,668379,PASS
89402,13246572331232,122,464,11,11,8,8,7541,7541,562842,PASS
89537,13246573221233,122,599,11,11,8,8,7904,7904,590423,PASS
89617,13246573321223,122,679,11,11,6,6,12155,12155,907160,PASS
89985,13246752133211,123,318,11,11,7,7,15515,15515,1158306,PASS
90974,13247563212131,124,578,11,11,7,7,11038,11038,824170,PASS
92786,13254761322233,127,203,11,11,6,6,18025,18025,1345577,PASS
92797,13254761323322,127,214,11,11,6,6,14670,14670,1095148,PASS
93020,13254762321233,127,437,11,11,7,7,10652,10652,795266,PASS
93277,13254763323122,127,694,11,11,8,8,10545,10545,787222,PASS
95513,13257641112233,131,14,11,11,7,7,15505,15505,1157947,PASS
98431,13265741112323,135,16,11,11,6,6,17014,17014,1269894,PASS
98718,13265742131312,135,303,11,11,7,7,15114,15114,1128224,PASS
99183,13267451122211,136,39,11,11,6,6,17243,17243,1286762,PASS
99308,13267451311133,136,164,11,11,6,6,14290,14290,1066306,PASS
99875,13267541111132,137,2,11,11,7,7,16487,16487,1230822,PASS
100020,13267541232212,137,147,11,11,7,7,11685,11685,871991,PASS
101347,13274651112323,139,16,11,11,6,6,15245,15245,1137817,PASS
102074,13275461112233,140,14,11,11,7,7,16763,16763,1251915,PASS
102648,13275463213211,140,588,11,11,7,7,9724,9724,725604,PASS
102803,13275641112233,141,14,11,11,7,7,17478,17478,1304873,PASS
102805,13275641112323,141,16,11,11,6,6,18571,18571,1386173,PASS
103094,13275642131333,141,305,11,11,7,7,10380,10380,774452,PASS
103369,13275643212221,141,580,11,11,7,7,11682,11682,872090,PASS
103539,13276451113211,142,21,11,11,7,7,17598,17598,1314095,PASS
103673,13276451233133,142,155,11,11,7,7,13953,13953,1041373,PASS
104320,13276541133122,143,73,11,11,8,8,10850,10850,810270,PASS
104352,13276541213312,143,105,11,11,8,8,13993,13993,1044867,PASS
104437,13276541321123,143,190,11,11,7,7,11820,11820,882145,PASS
104451,13276541322311,143,204,11,11,7,7,16497,16497,1231677,PASS
104454,13276541323112,143,207,11,11,6,6,13108,13108,978704,PASS
104461,13276541323322,143,214,11,11,6,6,13459,13459,1004582,PASS
104703,13276542323312,143,456,11,11,7,7,10156,10156,758061,PASS
104941,13276543323122,143,694,11,11,8,8,9255,9255,691037,PASS
113724,13462571111111,156,0,11,11,6,6,59468,59468,4439163,PASS
114072,13462572213311,156,348,11,11,7,7,8616,8616,643064,PASS
125469,13527461211113,172,81,11,11,7,7,12131,12131,905111,PASS
126986,13542671231231,174,140,11,11,8,8,8037,8037,600131,PASS
128406,13546271213213,176,102,11,11,8,8,6913,6913,515849,PASS
128444,13546271231231,176,140,11,11,7,7,12227,12227,912898,PASS
128500,13546271321321,176,196,11,11,8,8,7572,7572,565171,PASS
136361,13572641122133,187,38,11,11,5,5,53972,53972,4028978,PASS
138684,13576241312213,190,174,11,11,5,5,26965,26965,2012448,PASS
138706,13576241321321,190,196,11,11,8,8,7845,7845,585786,PASS
143109,13627451332112,196,225,11,11,8,8,7798,7798,581782,PASS
144454,13642571221223,198,112,11,11,8,8,9499,9499,708793,PASS
144472,13642571223221,198,130,11,11,7,7,10668,10668,796320,PASS
144940,13642573221221,198,598,11,11,7,7,12725,12725,949718,PASS
145916,13645271221331,200,116,11,11,7,7,7820,7820,583415,PASS
147987,13647521111111,203,0,11,11,6,6,39110,39110,2919575,PASS
156022,13675241112323,214,16,11,11,5,5,39714,39714,2964256,PASS
156471,13675242331313,214,465,11,11,8,8,7522,7522,561398,PASS
160121,13725642332132,219,470,11,11,8,8,10264,10264,766207,PASS
167965,13754262123323,230,295,11,11,7,7,19263,19263,1437446,PASS
170782,13762451321321,234,196,11,11,8,8,6097,6097,455145,PASS
172131,13764251211311,236,87,11,11,8,8,7741,7741,577879,PASS
172499,13764252323231,236,455,11,11,7,7,9273,9273,692068,PASS
174504,13765422121211,239,273,11,11,7,7,10904,10904,813898,PASS
184492,14263751131121,253,55,11,11,8,8,8998,8998,671638,PASS
186820,14267351321321,256,196,11,11,8,8,6561,6561,489618,PASS
190963,14275633323122,261,694,11,11,8,8,8941,8941,667205,PASS
192456,14325671111111,264,0,11,11,6,6,46827,46827,3496420,PASS
192709,14325672112121,264,253,11,11,6,6,12906,12906,963292,PASS
192841,14325672231323,264,385,11,11,7,7,13011,13011,971103,PASS
192910,14325672323222,264,454,11,11,8,8,9417,9417,702781,PASS
192992,14325673123232,264,536,11,11,7,7,10205,10205,761725,PASS
193094,14325673232333,264,638,11,11,7,7,9752,9752,728089,PASS
193106,14325673311131,264,650,11,11,6,6,23761,23761,1774079,PASS
196401,14327652131213,269,300,11,11,7,7,16507,16507,1232331,PASS
196617,14327653121213,269,516,11,11,7,7,9582,9582,715011,PASS
197163,14352672212111,270,333,11,11,6,6,12407,12407,926216,PASS
199033,14356721112323,273,16,11,11,6,6,13529,13529,1009552,PASS
199220,14356721322233,273,203,11,11,6,6,23429,23429,1749036,PASS
204566,14367252322232,280,446,11,11,7,7,8711,8711,650025,PASS
205497,14367523311113,281,648,11,11,6,6,20681,20681,1544258,PASS
210228,14523672121313,288,276,11,11,6,6,20896,20896,1559674,PASS
210471,14523673121312,288,519,11,11,7,7,16515,16515,1232980,PASS
213630,14527631121311,293,33,11,11,7,7,14744,14744,1100348,PASS
213654,14527631131211,293,57,11,11,7,7,14409,14409,1075311,PASS
213675,14527631133311,293,78,11,11,8,8,8973,8973,669915,PASS
213680,14527631211131,293,83,11,11,7,7,16111,16111,1202583,PASS
213760,14527631311121,293,163,11,11,7,7,16259,16259,1213461,PASS
213879,14527632122213,293,282,11,11,7,7,10849,10849,809827,PASS
213930,14527632212111,293,333,11,11,7,7,10779,10779,804304,PASS
214082,14527632333332,293,485,11,11,8,8,8758,8758,653534,PASS
214153,14527633132322,293,556,11,11,7,7,11181,11181,834900,PASS
214256,14527633312133,293,659,11,11,8,8,7192,7192,536910,PASS
216438,14536273311311,296,654,11,11,7,7,12047,12047,898993,PASS
218356,14537622231323,299,385,11,11,8,8,9499,9499,708907,PASS
220612,14563272323222,302,454,11,11,7,7,8948,8948,667851,PASS
221790,14567231312213,304,174,11,11,5,5,38211,38211,2852984,PASS
221806,14567231321123,304,190,11,11,7,7,12574,12574,938343,PASS
224766,14573261333111,308,234,11,11,7,7,14713,14713,1098294,PASS
229635,14625731111111,315,0,11,11,6,6,73069,73069,5455650,PASS
229690,14625731131121,315,55,11,11,7,7,14998,14998,1119616,PASS
229838,14625731322233,315,203,11,11,6,6,23136,23136,1726674,PASS
229888,14625732112121,315,253,11,11,7,7,11496,11496,857557,PASS
229903,14625732113321,315,268,11,11,7,7,11726,11726,875197,PASS
229984,14625732213323,315,349,11,11,6,6,19689,19689,1470003,PASS
230031,14625732233111,315,396,11,11,7,7,11071,11071,826392,PASS
230193,14625733133111,315,558,11,11,7,7,10923,10923,814878,PASS
231822,14632571111111,318,0,11,11,6,6,37647,37647,2809769,PASS
232013,14632571321132,318,191,11,11,6,6,16528,16528,1233371,PASS
237608,14652733321331,325,683,11,11,7,7,9077,9077,677160,PASS
242028,14673251111111,332,0,11,11,6,6,73683,73683,5501027,PASS
245676,14723651111213,337,3,11,11,6,6,14082,14082,1050873,PASS
245679,14723651111312,337,6,11,11,7,7,18839,18839,1406225,PASS
245684,14723651112131,337,11,11,11,7,7,18917,18917,1412276,PASS
245692,14723651113121,337,19,11,11,6,6,13374,13374,998213,PASS
245757,14723651211212,337,84,11,11,6,6,14621,14621,1090818,PASS
246115,14723652322121,337,442,11,11,8,8,7030,7030,524842,PASS
246137,14723652331232,337,464,11,11,8,8,8219,8219,613580,PASS
246307,14723653232222,337,634,11,11,8,8,8165,8165,609723,PASS
246339,14723653313111,337,666,11,11,6,6,10875,10875,811889,PASS
246354,14723653321313,337,681,11,11,6,6,23096,23096,1724029,PASS
246402,14725361111111,338,0,11,11,6,6,17164,17164,1280702,PASS
246403,14725361111123,338,1,11,11,7,7,10950,10950,817031,PASS
246608,14725361322332,338,206,11,11,7,7,13264,13264,990570,PASS
246727,14725362211121,338,325,11,11,7,7,11783,11783,879005,PASS
246972,14725363211213,338,570,11,11,7,7,11309,11309,844154,PASS
246988,14725363213121,338,586,11,11,6,6,9567,9567,713919,PASS
247017,14725363223213,338,615,11,11,7,7,9058,9058,676138,PASS
247050,14725363311113,338,648,11,11,6,6,14512,14512,1083563,PASS
248716,14726531223122,341,127,11,11,8,8,10491,10491,782941,PASS
248734,14726531232122,341,145,11,11,6,6,20153,20153,1504178,PASS
248748,14726531233313,341,159,11,11,6,6,17370,17370,1296431,PASS
248829,14726531333312,341,240,11,11,8,8,8938,8938,667156,PASS
248982,14726532232313,341,393,11,11,7,7,11283,11283,842106,PASS
249283,14726533323122,341,694,11,11,8,8,9182,9182,685363,PASS
251613,14735621221112,345,108,11,11,7,7,9985,9985,744579,PASS
251631,14735621223113,345,126,11,11,8,8,8142,8142,607528,PASS
251639,14735621223332,345,134,11,11,7,7,17276,17276,1289355,PASS
251658,14735621233112,345,153,11,11,6,6,16396,16396,1223743,PASS
251712,14735621323112,345,207,11,11,6,6,17530,17530,1309007,PASS
251730,14735621332112,345,225,11,11,8,8,7818,7818,583367,PASS
251739,14735621333111,345,234,11,11,7,7,9610,9610,716750,PASS
251743,14735621333222,345,238,11,11,7,7,10101,10101,753864,PASS
252236,14736251111132,346,2,11,11,6,6,10794,10794,805108,PASS
252251,14736251112332,346,17,11,11,7,7,9969,9969,744205,PASS
252841,14736253222223,346,607,11,11,7,7,9529,9529,711293,PASS
253030,14736521132222,347,67,11,11,6,6,12514,12514,933777,PASS
253037,14736521133131,347,74,11,11,7,7,8369,8369,624450,PASS
253047,14736521211212,347,84,11,11,7,7,8100,8100,604559,PASS
253070,14736521213333,347,107,11,11,6,6,12420,12420,926952,PASS
253077,14736521221313,347,114,11,11,8,8,7565,7565,564769,PASS
253157,14736521321231,347,194,11,11,8,8,14884,14884,1111394,PASS
253166,14736521322233,347,203,11,11,8,8,9731,9731,726033,PASS
253189,14736521332121,347,226,11,11,8,8,9190,9190,686264,PASS
253462,14736523112222,347,499,11,11,8,8,8007,8007,597689,PASS
253469,14736523113131,347,506,11,11,8,8,7398,7398,552323,PASS
254296,14752363222121,348,604,11,11,7,7,9065,9065,676628,PASS
254326,14752363232222,348,634,11,11,8,8,8633,8633,644474,PASS
254333,14752363233131,348,641,11,11,8,8,9100,9100,679424,PASS
254421,14752631111111,349,0,11,11,6,6,21089,21089,1573970,PASS
254436,14752631112311,349,15,11,11,7,7,13152,13152,981610,PASS
254632,14752631323223,349,211,11,11,7,7,13421,13421,1001915,PASS
254891,14752632332132,349,470,11,11,8,8,8248,8248,615807,PASS
255010,14752633213223,349,589,11,11,8,8,10378,10378,774564,PASS
255028,14752633222223,349,607,11,11,6,6,14451,14451,1078766,PASS
255034,14752633223123,349,613,11,11,7,7,14732,14732,1099824,PASS
255038,14752633223231,349,617,11,11,6,6,10674,10674,796452,PASS
255258,14753261221112,350,108,11,11,7,7,11630,11630,868028,PASS
255357,14753261323112,350,207,11,11,6,6,26439,26439,1972857,PASS
255384,14753261333111,350,234,11,11,7,7,12013,12013,896657,PASS
258182,14762351221331,354,116,11,11,7,7,11099,11099,828201,PASS
258260,14762351321231,354,194,11,11,6,6,12937,12937,965640,PASS
258286,14762351331221,354,220,11,11,7,7,10038,10038,749044,PASS
259636,14763251221223,356,112,11,11,8,8,13086,13086,977082,PASS
259647,14763251222312,356,123,11,11,7,7,9134,9134,681441,PASS
259757,14763251332331,356,233,11,11,8,8,10361,10361,773623,PASS
259759,14763251333123,356,235,11,11,7,7,7954,7954,593581,PASS
259966,14763252322121,356,442,11,11,7,7,11283,11283,842136,PASS
260078,14763253132232,356,554,11,11,8,8,9455,9455,705741,PASS
260084,14763253133132,356,560,11,11,7,7,11183,11183,835016,PASS
260086,14763253133222,356,562,11,11,8,8,12071,12071,900847,PASS
260087,14763253133231,356,563,11,11,8,8,10060,10060,750634,PASS
260122,14763253221221,356,598,11,11,7,7,11737,11737,876015,PASS
260127,14763253222112,356,603,11,11,7,7,8718,8718,649972,PASS
260274,14763521113211,357,21,11,11,6,6,10926,10926,815592,PASS
260275,14763521113223,357,22,11,11,7,7,10102,10102,753929,PASS
260864,14763523222331,357,611,11,11,7,7,11736,11736,876022,PASS
260985,14765231111213,358,3,11,11,7,7,19469,19469,1453138,PASS
260988,14765231111312,358,6,11,11,6,6,14983,14983,1118327,PASS
260993,14765231112131,358,11,11,11,6,6,14460,14460,1079285,PASS
261001,14765231113121,358,19,11,11,7,7,16260,16260,1213882,PASS
261056,14765231133131,358,74,11,11,6,6,14894,14894,1111309,PASS
261309,14765232211211,358,327,11,11,7,7,8814,8814,657582,PASS
261376,14765232232322,358,394,11,11,7,7,8934,8934,666629,PASS
261447,14765232331313,358,465,11,11,8,8,8498,8498,634497,PASS
261488,14765233113131,358,506,11,11,8,8,7577,7577,565506,PASS
261683,14765233323332,358,701,11,11,8,8,9120,9120,680422,PASS
263898,15236471111111,362,0,11,11,6,6,43707,43707,3262669,PASS
264520,15236473231121,362,622,11,11,7,7,15529,15529,1158762,PASS
267034,15243671331221,366,220,11,11,7,7,9355,9355,698057,PASS
268496,15246371331332,368,224,11,11,7,7,11049,11049,824480,PASS
268505,15246371332331,368,233,11,11,8,8,9560,9560,713595,PASS
268739,15246372331331,368,467,11,11,8,8,6017,6017,448772,PASS
274959,15267431223113,377,126,11,11,8,8,7908,7908,590237,PASS
276307,15273641112323,379,16,11,11,5,5,42028,42028,3137084,PASS
280446,15324673113311,384,510,11,11,8,8,12034,12034,898675,PASS
284397,15342671211311,390,87,11,11,7,7,9794,9794,731244,PASS
285964,15346271321321,392,196,11,11,8,8,7449,7449,555801,PASS
292410,15367421211113,401,81,11,11,6,6,15541,15541,1159677,PASS
292455,15367421223113,401,126,11,11,8,8,7275,7275,542972,PASS
292897,15367423211123,401,568,11,11,6,6,17038,17038,1272214,PASS
298890,15426371111111,410,0,11,11,6,6,17852,17852,1332260,PASS
298904,15426371112233,410,14,11,11,7,7,10143,10143,756698,PASS
307818,15463271313113,422,180,11,11,7,7,14215,14215,1060896,PASS
317406,15624732123212,435,291,11,11,8,8,11985,11985,894422,PASS
317436,15624732133313,435,321,11,11,7,7,15307,15307,1142906,PASS
317600,15624732333332,435,485,11,11,8,8,5512,5512,411279,PASS
318699,15627431223113,437,126,11,11,7,7,9511,9511,709742,PASS
318771,15627431322113,437,198,11,11,8,8,8266,8266,616762,PASS
318798,15627431332112,437,225,11,11,7,7,9650,9650,720063,PASS
321785,15634722123332,441,296,11,11,6,6,20696,20696,1545260,PASS
321926,15634722321233,441,437,11,11,7,7,9479,9479,707250,PASS
323515,15637423211123,443,568,11,11,4,4,22690,22690,1693411,PASS
323676,15642371111111,444,0,11,11,6,6,21704,21704,1619896,PASS
324024,15642372213311,444,348,11,11,6,6,19730,19730,1472965,PASS
324062,15642372231332,444,386,11,11,8,8,8254,8254,616121,PASS
324142,15642372331322,444,466,11,11,8,8,7915,7915,590926,PASS
324258,15642373212311,444,582,11,11,5,5,16688,16688,1245324,PASS
324277,15642373221323,444,601,11,11,5,5,12796,12796,955119,PASS
324301,15642373231223,444,625,11,11,8,8,8660,8660,646812,PASS
325250,15643271221331,446,116,11,11,8,8,7359,7359,549245,PASS
325354,15643271331221,446,220,11,11,8,8,7659,7659,571604,PASS
325746,15643273223111,446,612,11,11,7,7,10335,10335,771423,PASS
327182,15647233213232,448,590,11,11,8,8,8328,8328,621667,PASS
328073,15672341113232,450,23,11,11,6,6,13150,13150,981589,PASS
328257,15672341323112,450,207,11,11,8,8,8326,8326,621046,PASS
328506,15672342323312,450,456,11,11,7,7,8583,8583,640526,PASS
328640,15672343213232,450,590,11,11,7,7,10194,10194,761010,PASS
329438,15672433312133,451,659,11,11,8,8,9094,9094,678870,PASS
334217,15724362212132,458,335,11,11,8,8,9291,9291,693410,PASS
334611,15724631111111,459,0,11,11,6,6,65833,65833,4915341,PASS
334698,15724631211311,459,87,11,11,7,7,14379,14379,1073078,PASS
334814,15724631322233,459,203,11,11,6,6,24200,24200,1806064,PASS
334904,15724632123233,459,293,11,11,6,6,22897,22897,1709455,PASS
335038,15724632313223,459,427,11,11,7,7,14940,14940,1115249,PASS
335066,15724632323231,459,455,11,11,7,7,13014,13014,971240,PASS
335069,15724632323333,459,458,11,11,6,6,13440,13440,1003349,PASS
335167,15724633132322,459,556,11,11,7,7,9299,9299,694585,PASS
339448,15734622331223,465,463,11,11,7,7,8436,8436,629751,PASS
344817,15746321111111,473,0,11,11,6,6,33402,33402,2493672,PASS
345027,15746321323211,473,210,11,11,6,6,15096,15096,1126488,PASS
345240,15746322313112,473,423,11,11,6,6,12915,12915,964116,PASS
345828,15762342122213,474,282,11,11,5,5,26337,26337,1965966,PASS
347004,15763241111111,476,0,11,11,6,6,71721,71721,5354117,PASS
347456,15763242323132,476,452,11,11,7,7,8783,8783,655648,PASS
354359,16243571132132,486,65,11,11,8,8,6588,6588,491452,PASS
354434,16243571231231,486,140,11,11,7,7,9723,9723,725895,PASS
354490,16243571321321,486,196,11,11,8,8,6706,6706,500286,PASS
355892,16245371231231,488,140,11,11,8,8,9606,9606,717277,PASS
361516,16254733312223,495,661,11,11,6,6,21827,21827,1629002,PASS
362376,16257431132111,497,63,11,11,7,7,11117,11117,829738,PASS
362926,16257433223123,497,613,11,11,8,8,9013,9013,672411,PASS
363809,16273541122133,499,38,11,11,5,5,28774,28774,2147507,PASS
363967,16273541321321,499,196,11,11,8,8,8864,8864,661592,PASS
366132,16275341312213,502,174,11,11,5,5,49674,49674,3707406,PASS
366484,16275343122221,502,526,11,11,7,7,11854,11854,884388,PASS
370970,16327453232333,508,638,11,11,7,7,10099,10099,753802,PASS
372010,16342571331221,510,220,11,11,8,8,6652,6652,496102,PASS
373248,16345271111111,512,0,11,11,6,6,24954,24954,1863291,PASS
373322,16345271133131,512,74,11,11,8,8,9518,9518,710506,PASS
373365,16345271222111,512,117,11,11,6,6,23544,23544,1757366,PASS
373694,16345272322232,512,446,11,11,7,7,9158,9158,683475,PASS
373728,16345272333212,512,480,11,11,7,7,8592,8592,641162,PASS
373777,16345273122323,512,529,11,11,6,6,11724,11724,874945,PASS
373894,16345273233323,512,646,11,11,6,6,17726,17726,1323541,PASS
375009,16347252131312,514,303,11,11,7,7,18275,18275,1364313,PASS
375225,16347253121312,514,519,11,11,8,8,12346,12346,921333,PASS
379935,16357421223113,521,126,11,11,8,8,7978,7978,595152,PASS
382741,16374521112323,525,16,11,11,6,6,13466,13466,1004934,PASS
383293,16374523211123,525,568,11,11,6,6,14919,14919,1113888,PASS
385165,16423572112121,528,253,11,11,8,8,8578,8578,640022,PASS
388644,16427531211311,533,87,11,11,7,7,12240,12240,913447,PASS
388699,16427531231321,533,142,11,11,5,5,33919,33919,2532618,PASS
389039,16427532333233,533,482,11,11,7,7,15774,15774,1177796,PASS
395118,16453271111111,542,0,11,11,6,6,74239,74239,5541579,PASS
395199,16453271211113,542,81,11,11,6,6,13061,13061,974292,PASS
395363,16453272111131,542,245,11,11,7,7,8505,8505,634559,PASS
401505,16475233132313,550,555,11,11,7,7,11241,11241,839191,PASS
403126,16523473332323,552,718,11,11,7,7,9531,9531,711563,PASS
403149,16523741112212,553,12,11,11,8,8,7896,7896,589164,PASS
404607,16524731112212,555,12,11,11,6,6,20007,20007,1493378,PASS
404609,16524731112233,555,14,11,11,8,8,10421,10421,777509,PASS
404615,16524731113133,555,20,11,11,6,6,18262,18262,1363454,PASS
405324,16527341111111,556,0,11,11,6,6,16437,16437,1226585,PASS
406106,16527431123333,557,53,11,11,6,6,22315,22315,1665904,PASS
406172,16527431222132,557,119,11,11,7,7,23205,23205,1732998,PASS
406228,16527431312222,557,175,11,11,6,6,24608,24608,1837170,PASS
406290,16527431333213,557,237,11,11,7,7,18886,18886,1409762,PASS
406322,16527432113333,557,269,11,11,7,7,15326,15326,1143919,PASS
406384,16527432211322,557,331,11,11,9,9,10307,10307,769575,PASS
406432,16527432231122,557,379,11,11,9,9,8650,8650,645545,PASS
406439,16527432231332,557,386,11,11,8,8,8923,8923,666098,PASS
406519,16527432331322,557,466,11,11,8,8,9505,9505,709750,PASS
406530,16527432333113,557,477,11,11,8,8,10779,10779,804426,PASS
406712,16527433312133,557,659,11,11,8,8,8665,8665,646843,PASS
406786,16532471111222,558,4,11,11,6,6,19370,19370,1446175,PASS
408240,16534271111111,560,0,11,11,6,6,26269,26269,1961207,PASS
408242,16534271111132,560,2,11,11,6,6,9526,9526,710526,PASS
408807,16534273211111,560,567,11,11,7,7,9975,9975,744382,PASS
409537,16534723211123,561,568,11,11,4,4,27899,27899,2082524,PASS
410431,16537421111222,563,4,11,11,7,7,8204,8204,612237,PASS
410452,16537421113322,563,25,11,11,6,6,15835,15835,1182076,PASS
410453,16537421113331,563,26,11,11,7,7,8290,8290,618441,PASS
410553,16537421223113,563,126,11,11,8,8,8089,8089,603661,PASS
410580,16537421233112,563,153,11,11,6,6,17721,17721,1322862,PASS
410652,16537421332112,563,225,11,11,8,8,7935,7935,592104,PASS
411272,16542371221331,564,116,11,11,7,7,8837,8837,659564,PASS
411376,16542371331221,564,220,11,11,7,7,10724,10724,800143,PASS
411416,16542372112331,564,260,11,11,7,7,9743,9743,726918,PASS
412726,16543271221223,566,112,11,11,8,8,13335,13335,995659,PASS
412744,16543271223221,566,130,11,11,7,7,14908,14908,1112701,PASS
412838,16543271331332,566,224,11,11,7,7,15628,15628,1166049,PASS
412847,16543271332331,566,233,11,11,8,8,10215,10215,762757,PASS
413081,16543272331331,566,467,11,11,8,8,7602,7602,567319,PASS
413212,16543273221221,566,598,11,11,7,7,13180,13180,983928,PASS
413343,16543721111111,567,0,11,11,6,6,24406,24406,1822147,PASS
413364,16543721113211,567,21,11,11,6,6,9756,9756,728067,PASS
414790,16547233332323,568,718,11,11,6,6,11679,11679,871832,PASS
414827,16547321113331,569,26,11,11,6,6,22846,22846,1704731,PASS
416259,16572431111111,571,0,11,11,6,6,19656,19656,1467140,PASS
416848,16572433213223,571,589,11,11,8,8,10146,10146,757438,PASS
417034,16573241123123,572,46,11,11,7,7,12359,12359,922573,PASS
417165,16573241312312,572,177,11,11,7,7,10503,10503,784256,PASS
418466,16574231113133,574,20,11,11,8,8,7875,7875,587782,PASS
419942,16723451122133,576,38,11,11,5,5,32756,32756,2445248,PASS
420108,16723451322311,576,204,11,11,7,7,10530,10530,785651,PASS
423582,16725431121311,581,33,11,11,7,7,13412,13412,1000977,PASS
423606,16725431131211,581,57,11,11,7,7,14141,14141,1055282,PASS
423631,16725431211122,581,82,11,11,8,8,9357,9357,698186,PASS
423632,16725431211131,581,83,11,11,7,7,17495,17495,1305879,PASS
423712,16725431311121,581,163,11,11,7,7,13001,13001,970335,PASS
423874,16725432211121,581,325,11,11,8,8,9840,9840,734543,PASS
423940,16725432232223,581,391,11,11,8,8,9170,9170,684678,PASS
424059,16725433113311,581,510,11,11,7,7,9457,9457,706110,PASS
424074,16725433122212,581,525,11,11,7,7,10210,10210,762128,PASS
424274,16725433333232,581,725,11,11,7,7,9138,9138,682352,PASS
427476,16735242122213,586,282,11,11,5,5,15049,15049,1123640,PASS
429045,16742352232313,588,393,11,11,7,7,10159,10159,758119,PASS
430564,16743252323222,590,454,11,11,7,7,8950,8950,668079,PASS
431844,16745232121313,592,276,11,11,6,6,20647,20647,1541064,PASS
431851,16745232122222,592,283,11,11,7,7,13829,13829,1032341,PASS
432084,16745233121213,592,516,11,11,6,6,13227,13227,987284,PASS
432294,16745233333313,592,726,11,11,7,7,17015,17015,1270316,PASS
434592,16753241221112,596,108,11,11,7,7,14813,14813,1105750,PASS
444690,17246351111111,610,0,11,11,6,6,58286,58286,4351132,PASS
454659,17265433111313,623,492,11,11,6,6,22578,22578,1685109,PASS
454984,17324561211323,624,88,11,11,7,7,11867,11867,885441,PASS
455048,17324561232332,624,152,11,11,6,6,10005,10005,746726,PASS
458145,17326452212111,628,333,11,11,8,8,13180,13180,983811,PASS
466656,17356241212313,640,96,11,11,6,6,12185,12185,909857,PASS
466892,17356242211331,640,332,11,11,7,7,12070,12070,901055,PASS
468105,17362451211311,642,87,11,11,7,7,10056,10056,750455,PASS
468160,17362451231321,642,142,11,11,6,6,11076,11076,826110,PASS
468366,17362452213311,642,348,11,11,7,7,13182,13182,984121,PASS
469616,17364251231231,644,140,11,11,8,8,9614,9614,717510,PASS
473711,17423653213232,649,590,11,11,8,8,8283,8283,618225,PASS
474615,17425631122112,651,36,11,11,6,6,17621,17621,1315578,PASS
474705,17425631223113,651,126,11,11,7,7,10024,10024,747900,PASS
474759,17425631313113,651,180,11,11,6,6,17423,17423,1300686,PASS
474777,17425631322113,651,198,11,11,8,8,7400,7400,552296,PASS
474785,17425631322332,651,206,11,11,6,6,16720,16720,1247914,PASS
474786,17425631323112,651,207,11,11,6,6,15952,15952,1190539,PASS
474790,17425631323223,651,211,11,11,6,6,13504,13504,1007472,PASS
474804,17425631332112,651,225,11,11,7,7,9970,9970,743804,PASS
476051,17426531112233,653,14,11,11,8,8,9407,9407,701919,PASS
476067,17426531121212,653,30,11,11,8,8,9226,9226,688439,PASS
476106,17426531132312,653,69,11,11,7,7,15900,15900,1187134,PASS
476137,17426531213123,653,100,11,11,7,7,15836,15836,1182666,PASS
476167,17426531223221,653,130,11,11,8,8,6208,6208,463448,PASS
476186,17426531232233,653,149,11,11,5,5,24289,24289,1812128,PASS
476219,17426531313131,653,182,11,11,8,8,10382,10382,775174,PASS
476261,17426531331332,653,224,11,11,8,8,6584,6584,491307,PASS
476310,17426532121211,653,273,11,11,8,8,7737,7737,577773,PASS
476504,17426532331331,653,467,11,11,8,8,7361,7361,549325,PASS
479279,17435622211133,657,326,11,11,6,6,21783,21783,1625887,PASS
479521,17435623211123,657,568,11,11,5,5,26263,26263,1960466,PASS
480623,17436521323232,659,212,11,11,7,7,18298,18298,1365140,PASS
481730,17452363213232,660,590,11,11,7,7,10724,10724,800450,PASS
481826,17452363322132,660,686,11,11,7,7,7314,7314,545918,PASS
482459,17452633213232,661,590,11,11,7,7,10656,10656,794484,PASS
482924,17453262211133,662,326,11,11,8,8,10263,10263,766388,PASS
485862,17462352213311,666,348,11,11,6,6,20148,20148,1504107,PASS
487008,17463251122112,668,36,11,11,7,7,12434,12434,928274,PASS
487088,17463251221331,668,116,11,11,8,8,6630,6630,494874,PASS
487152,17463251313113,668,180,11,11,7,7,11818,11818,882133,PASS
487166,17463251321231,668,194,11,11,6,6,22120,22120,1650682,PASS
487179,17463251323112,668,207,11,11,6,6,26232,26232,1957676,PASS
487192,17463251331221,668,220,11,11,8,8,6952,6952,518837,PASS
493588,17526431131121,677,55,11,11,7,7,11935,11935,890860,PASS
493675,17526431231321,677,142,11,11,5,5,34177,34177,2551707,PASS
493826,17526432123233,677,293,11,11,6,6,23451,23451,1751027,PASS
500094,17543261111111,686,0,11,11,6,6,76180,76180,5687464,PASS
500157,17543261132111,686,63,11,11,6,6,12731,12731,950325,PASS
516861,17642531111111,709,0,11,11,6,6,17510,17510,1306894,PASS
516875,17642531112233,709,14,11,11,7,7,12466,12466,930540,PASS
517521,17642533312211,709,660,11,11,8,8,9020,9020,672986,PASS
517626,17643251122112,710,36,11,11,7,7,14681,14681,1095588,PASS
524880,21345671111111,720,0,11,11,7,7,26498,26498,1978590,PASS
525985,21345762223322,721,376,11,11,8,8,13658,13658,1019579,PASS
526030,21345762312323,721,421,11,11,6,6,16514,16514,1232814,PASS
526036,21345762313223,721,427,11,11,6,6,22157,22157,1654261,PASS
526325,21345763332233,721,716,11,11,7,7,15517,15517,1157815,PASS
527497,21346752313322,723,430,11,11,7,7,19720,19720,1472210,PASS
528217,21347562312323,724,421,11,11,6,6,20512,20512,1530974,PASS
529290,21354671122112,726,36,11,11,7,7,10818,10818,807548,PASS
529314,21354671131313,726,60,11,11,8,8,10537,10537,786132,PASS
529362,21354671221112,726,108,11,11,8,8,6653,6653,496656,PASS
529660,21354672311123,726,406,11,11,7,7,18294,18294,1365089,PASS
529661,21354672311132,726,407,11,11,7,7,16294,16294,1216417,PASS
529680,21354672313211,726,426,11,11,6,6,46211,46211,3450339,PASS
529794,21354673131113,726,540,11,11,8,8,7593,7593,566408,PASS
529997,21354761112233,727,14,11,11,6,6,16928,16928,1263295,PASS
529998,21354761112311,727,15,11,11,7,7,10989,10989,820307,PASS
530004,21354761113211,727,21,11,11,7,7,14997,14997,1119415,PASS
530008,21354761113322,727,25,11,11,6,6,15258,15258,1138666,PASS
530022,21354761122211,727,39,11,11,7,7,12792,12792,955016,PASS
530061,21354761133311,727,78,11,11,7,7,14281,14281,1065847,PASS
530331,21354762213311,727,348,11,11,6,6,18214,18214,1359517,PASS
530643,21354763312211,727,660,11,11,6,6,18871,18871,1408844,PASS
532575,21357462311111,730,405,11,11,7,7,17855,17855,1332217,PASS
532763,21357463213331,730,593,11,11,6,6,11956,11956,892309,PASS
533252,21357642221132,731,353,11,11,7,7,14139,14139,1055349,PASS
534762,21364752311111,733,405,11,11,7,7,14592,14592,1088774,PASS
534936,21364753212212,733,579,11,11,6,6,10687,10687,797579,PASS
536172,21365742221312,735,357,11,11,5,5,11746,11746,876302,PASS
536236,21365742312323,735,421,11,11,6,6,16103,16103,1201981,PASS
536714,21367451311331,736,170,11,11,8,8,7203,7203,537773,PASS
536796,21367452112112,736,252,11,11,8,8,6936,6936,518154,PASS
539452,21374653333121,739,721,11,11,8,8,9634,9634,719403,PASS
539879,21375462312233,740,419,11,11,7,7,14771,14771,1102739,PASS
540183,21375463333211,740,723,11,11,7,7,14383,14383,1073184,PASS
541648,21376541111123,743,1,11,11,7,7,8397,8397,626662,PASS
541662,21376541112311,743,15,11,11,7,7,11333,11333,845828,PASS
541686,21376541122211,743,39,11,11,7,7,12812,12812,956392,PASS
541703,21376541131133,743,56,11,11,7,7,12519,12519,934174,PASS
550585,21457631321123,755,190,11,11,7,7,18241,18241,1361393,PASS
556206,21473563331312,762,708,11,11,5,5,14719,14719,1098589,PASS
562421,21536742222131,771,362,11,11,7,7,12569,12569,937899,PASS
587959,21654372231323,806,385,11,11,7,7,14839,14839,1107888,PASS
587977,21654372233321,806,403,11,11,7,7,9548,9548,712313,PASS
588286,21654373332122,806,712,11,11,7,7,11696,11696,873036,PASS
588289,21654373332221,806,715,11,11,7,7,9178,9178,684952,PASS
595883,21734652123131,817,290,11,11,7,7,9144,9144,682829,PASS
615566,23147562123131,844,290,11,11,4,4,25766,25766,1923687,PASS
616021,23147651112323,845,16,11,11,6,6,10708,10708,799063,PASS
616426,23147652312323,845,421,11,11,6,6,10917,10917,814848,PASS
618311,23156471222132,848,119,11,11,8,8,8411,8411,627955,PASS
618428,23156471333132,848,236,11,11,7,7,8801,8801,656930,PASS
618893,23156473323332,848,701,11,11,8,8,7475,7475,557847,PASS
619793,23157461231333,850,143,11,11,7,7,10994,10994,820683,PASS
619948,23157462131123,850,298,11,11,7,7,17021,17021,1270585,PASS
621695,23164573213133,852,587,11,11,7,7,11547,11547,862404,PASS
622140,23164752131312,853,303,11,11,5,5,33650,33650,2511870,PASS
622563,23164753333313,853,726,11,11,7,7,12329,12329,920119,PASS
622566,23165471111111,854,0,11,11,6,6,13407,13407,1000406,PASS
622730,23165471311133,854,164,11,11,6,6,15562,15562,1161361,PASS
622739,23165471312132,854,173,11,11,7,7,10915,10915,814945,PASS
622810,23165472111122,854,244,11,11,6,6,15108,15108,1127956,PASS
622817,23165472111332,854,251,11,11,7,7,9908,9908,739261,PASS
622880,23165472132332,854,314,11,11,8,8,10462,10462,780690,PASS
622971,23165472311111,854,405,11,11,7,7,10062,10062,751097,PASS
623209,23165473233221,854,643,11,11,8,8,11567,11567,863237,PASS
623311,23165741112323,855,16,11,11,6,6,14750,14750,1101098,PASS
623436,23165741231312,855,141,11,11,7,7,11460,11460,855537,PASS
623585,23165742123131,855,290,11,11,4,4,24668,24668,1841982,PASS
623599,23165742131321,855,304,11,11,8,8,17654,17654,1317536,PASS
623600,23165742131333,855,305,11,11,4,4,40163,40163,2997429,PASS
623716,23165742312323,855,421,11,11,6,6,16238,16238,1212676,PASS
624003,23165743331312,855,708,11,11,7,7,15272,15272,1139925,PASS
624913,23167541233322,857,160,11,11,7,7,10960,10960,817867,PASS
625054,23167542131222,857,301,11,11,6,6,21722,21722,1621595,PASS
626501,23174652123131,859,290,11,11,4,4,23778,23778,1775495,PASS
627511,23175463211222,860,571,11,11,7,7,12159,12159,907726,PASS
628708,23176452132221,862,310,11,11,7,7,12639,12639,943434,PASS
629114,23176453332233,862,716,11,11,7,7,13011,13011,970964,PASS
632316,23416752121211,867,273,11,11,7,7,15602,15602,1164319,PASS
633403,23417563232123,868,631,11,11,7,7,10421,10421,777983,PASS
636272,23456173212332,872,584,11,11,7,7,8827,8827,658689,PASS
636328,23456173233122,872,640,11,11,8,8,7859,7859,586847,PASS
637001,23456713212332,873,584,11,11,8,8,8127,8127,606904,PASS
644706,23475162121112,884,270,11,11,6,6,16524,16524,1233371,PASS
650573,23517462131333,892,305,11,11,7,7,14089,14089,1051779,PASS
664522,23576412233321,911,403,11,11,7,7,8920,8920,665282,PASS
664540,23576412312323,911,421,11,11,7,7,8629,8629,643962,PASS
676782,23657142121112,928,270,11,11,6,6,21082,21082,1573755,PASS
678257,23671452122333,930,287,11,11,6,6,21610,21610,1613151,PASS
680065,23674153232321,932,637,11,11,8,8,8196,8196,611951,PASS
691156,23751461132123,948,64,11,11,6,6,11990,11990,894945,PASS
691594,23751463112321,948,502,11,11,7,7,15569,15569,1162525,PASS
694619,23756143222331,952,611,11,11,7,7,8227,8227,613624,PASS
694860,23756411222312,953,123,11,11,7,7,11330,11330,845329,PASS
695340,23756413222112,953,603,11,11,8,8,10180,10180,759642,PASS
695355,23756413223312,953,618,11,11,7,7,10547,10547,787209,PASS
695427,23756413322312,953,690,11,11,8,8,7075,7075,527797,PASS
704651,24153672321233,966,437,11,11,7,7,11317,11317,844689,PASS
707313,24157361313212,970,183,11,11,6,6,12648,12648,943927,PASS
707580,24157362323111,970,450,11,11,7,7,16255,16255,1213308,PASS
712058,24167353132232,976,554,11,11,7,7,14045,14045,1048444,PASS
714146,24173652323231,979,455,11,11,7,7,8540,8540,637359,PASS
717990,24315673311311,984,654,11,11,7,7,23426,23426,1748048,PASS
718108,24315761122322,985,43,11,11,7,7,10951,10951,817753,PASS
718414,24315762213323,985,349,11,11,5,5,45698,45698,3412199,PASS
721803,24351671212211,990,93,11,11,7,7,15559,15559,1161452,PASS
722198,24351673111133,990,488,11,11,6,6,20335,20335,1517990,PASS
722364,24351673311311,990,654,11,11,7,7,23699,23699,1769249,PASS
722440,24351761111123,991,1,11,11,8,8,14639,14639,1092761,PASS
722534,24351761212232,991,95,11,11,6,6,12972,12972,968338,PASS
729936,24367511323112,1001,207,11,11,8,8,12519,12519,934608,PASS
730216,24367513111121,1001,487,11,11,8,8,7963,7963,594645,PASS
734464,24376512222122,1007,361,11,11,7,7,13954,13954,1041718,PASS
737415,24516732233111,1011,396,11,11,7,7,15263,15263,1139811,PASS
739738,24531673123121,1014,532,11,11,7,7,8551,8551,637953,PASS
742019,24536713231232,1017,626,11,11,7,7,8465,8465,631748,PASS
743479,24537613231322,1019,628,11,11,7,7,13232,13232,987347,PASS
743825,24561372111131,1020,245,11,11,6,6,15640,15640,1167580,PASS
745797,24563711121212,1023,30,11,11,7,7,15761,15761,1176235,PASS
746042,24563712121232,1023,275,11,11,6,6,17565,17565,1310735,PASS
746284,24563713121222,1023,517,11,11,5,5,26032,26032,1943110,PASS
748308,24571362221213,1026,354,11,11,4,4,27391,27391,2044888,PASS
748713,24571631121212,1027,30,11,11,7,7,13328,13328,994876,PASS
753803,24615371112332,1034,17,11,11,7,7,10964,10964,818463,PASS
754134,24615372213311,1034,348,11,11,7,7,16864,16864,1258824,PASS
754557,24615731122313,1035,42,11,11,6,6,19018,19018,1419555,PASS
754586,24615731132333,1035,71,11,11,7,7,21252,21252,1586307,PASS
754765,24615732111323,1035,250,11,11,8,8,13625,13625,1017011,PASS
754863,24615732213311,1035,348,11,11,6,6,21773,21773,1624494,PASS
754918,24615732233321,1035,403,11,11,6,6,16616,16616,1240173,PASS
755026,24615733113323,1035,511,11,11,7,7,20541,20541,1533855,PASS
755164,24615733311122,1035,649,11,11,6,6,19386,19386,1447304,PASS
756376,24617532233321,1037,403,11,11,6,6,19156,19156,1429432,PASS
760754,24637512311132,1043,407,11,11,4,4,25376,25376,1894965,PASS
761827,24651731113223,1045,22,11,11,8,8,9756,9756,728153,PASS
762047,24651731333333,1045,242,11,11,7,7,8858,8858,661050,PASS
771938,24715363311332,1058,656,11,11,7,7,11378,11378,849199,PASS
772011,24715631111111,1059,0,11,11,6,6,13726,13726,1024253,PASS
772048,24715631122121,1059,37,11,11,7,7,10067,10067,751651,PASS
772049,24715631122133,1059,38,11,11,6,6,23895,23895,1783762,PASS
772438,24715632313223,1059,427,11,11,6,6,17685,17685,1319505,PASS
772506,24715633112111,1059,495,11,11,7,7,7914,7914,590608,PASS
772553,24715633131131,1059,542,11,11,7,7,10314,10314,769773,PASS
773924,24716532323231,1061,455,11,11,7,7,17904,17904,1336355,PASS
774198,24731561111111,1062,0,11,11,6,6,56124,56124,4190809,PASS
774608,24731562311231,1062,410,11,11,7,7,16894,16894,1260783,PASS
778211,24736512222332,1067,368,11,11,7,7,17219,17219,1285355,PASS
778928,24751362221231,1068,356,11,11,7,7,14804,14804,1105071,PASS
779004,24751362321113,1068,432,11,11,7,7,19202,19202,1432840,PASS
783787,24761531221223,1075,112,11,11,8,8,10993,10993,820170,PASS
784404,24763151111111,1076,0,11,11,6,6,17448,17448,1302302,PASS
787194,24765313222112,1079,603,11,11,7,7,12036,12036,898778,PASS
787723,25134672233321,1080,403,11,11,7,7,13271,13271,990737,PASS
787741,25134672312323,1080,421,11,11,7,7,12527,12527,934848,PASS
787746,25134672313211,1080,426,11,11,6,6,37853,37853,2826560,PASS
790236,25137461111111,1084,0,11,11,6,6,30378,30378,2267733,PASS
790324,25137461211323,1084,88,11,11,6,6,15213,15213,1135654,PASS
796813,25163741112323,1093,16,11,11,5,5,21730,21730,1622199,PASS
805308,25314673111313,1104,492,11,11,6,6,29971,29971,2237292,PASS
805310,25314673111331,1104,494,11,11,7,7,22779,22779,1700319,PASS
805362,25314673131311,1104,546,11,11,7,7,23418,23418,1747885,PASS
809700,25341673113311,1110,510,11,11,7,7,27206,27206,2031654,PASS
810346,25341762313223,1111,427,11,11,7,7,14052,14052,1048630,PASS
815432,25364172311231,1118,410,11,11,8,8,19962,19962,1490304,PASS
815639,25364173223231,1118,617,11,11,7,7,9424,9424,703119,PASS
817291,25367411211122,1121,82,11,11,7,7,11840,11840,884131,PASS
822762,25413672323111,1128,450,11,11,8,8,20133,20133,1502559,PASS
823558,25413763121222,1129,517,11,11,5,5,14448,14448,1078047,PASS
829041,25436711311313,1137,168,11,11,7,7,10973,10973,818770,PASS
829162,25436712123122,1137,289,11,11,7,7,10307,10307,768990,PASS
829169,25436712123332,1137,296,11,11,7,7,14921,14921,1113771,PASS
829180,25436712132122,1137,307,11,11,8,8,10584,10584,789566,PASS
829328,25436712323231,1137,455,11,11,7,7,9894,9894,738813,PASS
829510,25436713232321,1137,637,11,11,8,8,7386,7386,551116,PASS
829585,25436713332122,1137,712,11,11,7,7,14661,14661,1094637,PASS
833831,25463713212332,1143,584,11,11,9,9,5445,5445,406570,PASS
835886,25471362323132,1146,452,11,11,6,6,15469,15469,1154247,PASS
836337,25471631312213,1147,174,11,11,7,7,15255,15255,1139122,PASS
845002,25631741212121,1159,91,11,11,7,7,16688,16688,1244795,PASS
847049,25634713321232,1161,680,11,11,8,8,11076,11076,826472,PASS
848657,25641371213132,1164,101,11,11,7,7,9773,9773,729529,PASS
859781,25714632123131,1179,290,11,11,7,7,16525,16525,1233930,PASS
859868,25714632223331,1179,377,11,11,7,7,17718,17718,1322021,PASS
859917,25714632313211,1179,426,11,11,6,6,39954,39954,2982826,PASS
860012,25714633121333,1179,521,11,11,5,5,19931,19931,1487700,PASS
861043,25716431212223,1181,94,11,11,5,5,21647,21647,1616195,PASS
861564,25716433223213,1181,615,11,11,8,8,9455,9455,706355,PASS
862797,25731642232211,1183,390,11,11,6,6,23990,23990,1790692,PASS
863487,25734162221111,1184,351,11,11,7,7,11456,11456,855060,PASS
864376,25734613113323,1185,511,11,11,7,7,17414,17414,1300484,PASS
864595,25736141111123,1186,1,11,11,6,6,12257,12257,914783,PASS
864752,25736141233232,1186,158,11,11,7,7,16615,16615,1239821,PASS
865395,25736411133113,1187,72,11,11,8,8,9231,9231,688945,PASS
865465,25736411231321,1187,142,11,11,8,8,11515,11515,860150,PASS
865518,25736411321312,1187,195,11,11,8,8,6259,6259,467052,PASS
865539,25736411331113,1187,216,11,11,7,7,9247,9247,689950,PASS
865854,25736413123112,1187,531,11,11,7,7,9191,9191,686027,PASS
866196,25741361232113,1188,144,11,11,7,7,18142,18142,1354421,PASS
867148,25741632222323,1189,367,11,11,7,7,15103,15103,1127001,PASS
867202,25741632312323,1189,421,11,11,7,7,9470,9470,706602,PASS
868397,25743611233232,1191,158,11,11,7,7,9184,9184,685057,PASS
872255,25763142223133,1196,371,11,11,7,7,24387,24387,1820638,PASS
872845,25763411332322,1197,232,11,11,7,7,10107,10107,754511,PASS
877297,26135742132221,1203,310,11,11,8,8,10731,10731,800689,PASS
877336,26135742213323,1203,349,11,11,5,5,26372,26372,1968661,PASS
877461,26135742332312,1203,474,11,11,8,8,10365,10365,773507,PASS
883585,26153471122121,1212,37,11,11,7,7,11126,11126,830564,PASS
884090,26153473131131,1212,542,11,11,7,7,15979,15979,1193023,PASS
884098,26153473132121,1212,550,11,11,7,7,9781,9781,730204,PASS
885477,26154372332213,1214,471,11,11,6,6,26394,26394,1969648,PASS
892028,26175432331133,1223,461,11,11,7,7,12710,12710,948889,PASS
895305,26317451212211,1228,93,11,11,7,7,26279,26279,1962159,PASS
898983,26345711223113,1233,126,11,11,8,8,7471,7471,557616,PASS
905913,26371453112111,1242,495,11,11,7,7,11704,11704,873819,PASS
912184,26415731322323,1251,205,11,11,7,7,11765,11765,877755,PASS
912253,26415732121223,1251,274,11,11,5,5,11902,11902,887802,PASS
912382,26415732233321,1251,403,11,11,6,6,16031,16031,1196320,PASS
916714,26435712222122,1257,361,11,11,4,4,36177,36177,2700483,PASS
916756,26435712233321,1257,403,11,11,6,6,15782,15782,1178683,PASS
916760,26435712311132,1257,407,11,11,4,4,23900,23900,1784663,PASS
916801,26435712322322,1257,448,11,11,8,8,17663,17663,1318407,PASS
917002,26435713311122,1257,649,11,11,6,6,21063,21063,1572615,PASS
917075,26435713333133,1257,722,11,11,7,7,12607,12607,940736,PASS
918096,26437512122312,1259,285,11,11,6,6,21731,21731,1622102,PASS
920324,26453172211133,1262,326,11,11,7,7,23889,23889,1783036,PASS
920969,26453711333333,1263,242,11,11,8,8,7742,7742,577763,PASS
927325,26513471122121,1272,37,11,11,7,7,13298,13298,992676,PASS
930930,26517343333313,1276,726,11,11,4,4,18016,18016,1344443,PASS
934575,26534713333313,1281,726,11,11,7,7,18676,18676,1394319,PASS
937494,26543171111111,1286,0,11,11,6,6,16987,16987,1268154,PASS
937539,26543171123111,1286,45,11,11,7,7,9599,9599,716659,PASS
940228,26547313131323,1289,547,11,11,7,7,12584,12584,939296,PASS
943305,26573413331312,1293,708,11,11,5,5,13685,13685,1021416,PASS
947063,26714531212133,1299,92,11,11,6,6,19968,19968,1490872,PASS
947243,26714532121133,1299,272,11,11,7,7,14031,14031,1047076,PASS
949057,26715433231322,1301,628,11,11,8,8,10371,10371,774046,PASS
953676,26741351232113,1308,144,11,11,7,7,11940,11940,891000,PASS
955994,26743512121232,1311,275,11,11,6,6,21156,21156,1579059,PASS
962336,27134561131133,1320,56,11,11,6,6,17948,17948,1339903,PASS
973622,27154632311132,1335,407,11,11,7,7,9708,9708,724254,PASS
980931,27314652313211,1345,426,11,11,6,6,66653,66653,4977718,PASS
996978,27365412321212,1367,435,11,11,7,7,15593,15593,1163573,PASS
999270,27415363131113,1370,540,11,11,7,7,12363,12363,922600,PASS
999914,27415632323231,1371,455,11,11,7,7,15690,15690,1171410,PASS
1000141,27415633321322,1371,682,11,11,7,7,16900,16900,1261870,PASS
1001237,27416532133232,1373,320,11,11,8,8,7164,7164,534632,PASS
1001597,27416533321232,1373,680,11,11,8,8,13286,13286,991900,PASS
1004116,27435612122222,1377,283,11,11,5,5,32861,32861,2453796,PASS
1007523,27453161123111,1382,45,11,11,7,7,9946,9946,742470,PASS
1007541,27453161132111,1382,63,11,11,8,8,10346,10346,771956,PASS
1009489,27456133132223,1384,553,11,11,7,7,12775,12775,953896,PASS
1017684,27516341111111,1396,0,11,11,6,6,17913,17913,1337514,PASS
1020600,27534161111111,1400,0,11,11,6,6,24289,24289,1813233,PASS
1020601,27534161111123,1400,1,11,11,6,6,13381,13381,998623,PASS
1021005,27534162311111,1400,405,11,11,7,7,9074,9074,676943,PASS
1021736,27534612311132,1401,407,11,11,4,4,24516,24516,1830724,PASS
1023261,27536412332312,1403,474,11,11,7,7,12297,12297,917651,PASS
1025704,27543611111123,1407,1,11,11,7,7,12592,12592,939917,PASS
1025705,27543611111132,1407,2,11,11,7,7,9937,9937,741651,PASS
1027540,27546312231122,1409,379,11,11,6,6,20999,20999,1566864,PASS
1033715,27613543333133,1417,722,11,11,5,5,13946,13946,1041060,PASS
1034378,27614353311332,1418,656,11,11,7,7,11968,11968,893275,PASS
1036088,27615431312333,1421,179,11,11,7,7,13290,13290,991815,PASS
1036177,27615432113321,1421,268,11,11,7,7,19597,19597,1463191,PASS
1036578,27615433313213,1421,669,11,11,7,7,10153,10153,758088,PASS
1038881,27634511131133,1425,56,11,11,7,7,9085,9085,677854,PASS
1039228,27634512233321,1425,403,11,11,6,6,11130,11130,830869,PASS
1043852,27643513311233,1431,653,11,11,7,7,14182,14182,1058589,PASS
1052607,31246753312211,1443,660,11,11,7,7,18647,18647,1392133,PASS
1053428,31247651113232,1445,23,11,11,8,8,10963,10963,818677,PASS
1053617,31247651323232,1445,212,11,11,8,8,8779,8779,654915,PASS
1055731,31256471231222,1448,139,11,11,6,6,10224,10224,763019,PASS
1057414,31257462222221,1450,364,11,11,5,5,17067,17067,1273167,PASS
1057470,31257462312311,1450,420,11,11,7,7,13678,13678,1021120,PASS
1058428,31257643311122,1451,649,11,11,6,6,16346,16346,1220119,PASS
1058790,31264572122213,1452,282,11,11,5,5,18244,18244,1361668,PASS
1059063,31264573132313,1452,555,11,11,8,8,6332,6332,472331,PASS
1059115,31264573222223,1452,607,11,11,8,8,7404,7404,552440,PASS
1059544,31264752132122,1453,307,11,11,8,8,9888,9888,738074,PASS
1059661,31264752313121,1453,424,11,11,5,5,21177,21177,1580687,PASS
1059966,31265471111111,1454,0,11,11,6,6,16182,16182,1207681,PASS
1060002,31265471122112,1454,36,11,11,7,7,8571,8571,640063,PASS
1060004,31265471122133,1454,38,11,11,7,7,13961,13961,1042215,PASS
1060140,31265471312213,1454,174,11,11,7,7,13362,13362,997236,PASS
1060146,31265471313113,1454,180,11,11,7,7,7989,7989,596415,PASS
1060155,31265471321111,1454,189,11,11,7,7,9591,9591,715735,PASS
1060369,31265472233321,1454,403,11,11,6,6,25458,25458,1899834,PASS
1060385,31265472312233,1454,419,11,11,6,6,24127,24127,1801091,PASS
1060856,31265741233331,1455,161,11,11,6,6,13849,13849,1033932,PASS
1062518,31267542222233,1457,365,11,11,7,7,12750,12750,951791,PASS
1062578,31267542313133,1457,425,11,11,6,6,22626,22626,1689169,PASS
1064354,31275461112233,1460,14,11,11,8,8,12156,12156,907645,PASS
1064543,31275461322233,1460,203,11,11,6,6,22262,22262,1661739,PASS
1064658,31275462133211,1460,318,11,11,7,7,14314,14314,1068621,PASS
1064712,31275462223211,1460,372,11,11,8,8,9654,9654,720662,PASS
1064748,31275462311213,1460,408,11,11,7,7,14536,14536,1084998,PASS
1064757,31275462312212,1460,417,11,11,6,6,20171,20171,1505958,PASS
1064989,31275463311122,1460,649,11,11,6,6,19089,19089,1424943,PASS
1066120,31276452133322,1462,322,11,11,7,7,10461,10461,780680,PASS
1066227,31276452313313,1462,429,11,11,7,7,12574,12574,938641,PASS
1071840,31452671323211,1470,210,11,11,7,7,10505,10505,783716,PASS
1071860,31452671332232,1470,230,11,11,7,7,9314,9314,695347,PASS
1072079,31452672322331,1470,449,11,11,7,7,10363,10363,773221,PASS
1074064,31456722111221,1473,247,11,11,7,7,12799,12799,955323,PASS
1076733,31462751111111,1477,0,11,11,6,6,33383,33383,2491684,PASS
1076758,31462751113322,1477,25,11,11,7,7,11125,11125,830557,PASS
1082039,31475261322233,1484,203,11,11,7,7,13820,13820,1031574,PASS
1082301,31475262331313,1484,465,11,11,7,7,11821,11821,882566,PASS
1082317,31475262333221,1484,481,11,11,8,8,9984,9984,745269,PASS
1085464,31524673332122,1488,712,11,11,8,8,12684,12684,946449,PASS
1089109,31527643332122,1493,712,11,11,8,8,7247,7247,540904,PASS
1095291,31564272212111,1502,333,11,11,7,7,20076,20076,1498384,PASS
1095306,31564272213311,1502,348,11,11,7,7,8871,8871,662073,PASS
1095468,31564273113311,1502,510,11,11,7,7,11124,11124,830436,PASS
1097912,31572461122133,1506,38,11,11,5,5,25770,25770,1923413,PASS
1102991,31624751112233,1513,14,11,11,7,7,9912,9912,739453,PASS
1103637,31624753312211,1513,660,11,11,6,6,16819,16819,1255357,PASS
1105523,31627452221333,1516,359,11,11,7,7,13355,13355,996666,PASS
1112884,31654272313322,1526,430,11,11,7,7,13828,13828,1031760,PASS
1130896,31754621331122,1551,217,11,11,6,6,16526,16526,1233748,PASS
1136224,31765242322121,1558,442,11,11,8,8,11945,11945,891413,PASS
1137240,32145671111111,1560,0,11,11,6,6,63492,63492,4740834,PASS
1137293,32145671123333,1560,53,11,11,8,8,7721,7721,576267,PASS
1137307,32145671132222,1560,67,11,11,8,8,8963,8963,668645,PASS
1137348,32145671221112,1560,108,11,11,7,7,12032,12032,898257,PASS
1137482,32145671333333,1560,242,11,11,7,7,11831,11831,882928,PASS
1137509,32145672113333,1560,269,11,11,8,8,7051,7051,526349,PASS
1137577,32145672212222,1560,337,11,11,7,7,9807,9807,732412,PASS
1137739,32145673112222,1560,499,11,11,8,8,7510,7510,560480,PASS
1137888,32145673311113,1560,648,11,11,8,8,9776,9776,729995,PASS
1139578,32146751232323,1563,151,11,11,6,6,20109,20109,1501689,PASS
1139818,32146752232223,1563,391,11,11,6,6,23648,23648,1765174,PASS
1140583,32147562313223,1564,427,11,11,8,8,8564,8564,639071,PASS
1140638,32147562333233,1564,482,11,11,6,6,26481,26481,1977169,PASS
1140938,32147651123333,1565,53,11,11,8,8,10072,10072,751868,PASS
1140952,32147651132222,1565,67,11,11,8,8,8833,8833,659029,PASS
1140992,32147651213333,1565,107,11,11,8,8,10032,10032,749018,PASS
1141060,32147651312222,1565,175,11,11,8,8,9050,9050,675452,PASS
1141154,32147652113333,1565,269,11,11,8,8,8713,8713,650208,PASS
1141271,32147652231332,1565,386,11,11,8,8,10462,10462,780920,PASS
1141284,32147652233213,1565,399,11,11,7,7,22333,22333,1667506,PASS
1141351,32147652331322,1565,466,11,11,7,7,21357,21357,1593983,PASS
1141356,32147652332213,1565,471,11,11,6,6,25268,25268,1886479,PASS
1141384,32147653112222,1565,499,11,11,8,8,8929,8929,666351,PASS
1143072,32156471111111,1568,0,11,11,6,6,45735,45735,3415272,PASS
1143093,32156471113211,1568,21,11,11,7,7,7884,7884,588673,PASS
1143224,32156471232332,1568,152,11,11,8,8,8101,8101,604776,PASS
1143494,32156472312332,1568,422,11,11,8,8,6429,6429,479611,PASS
1143542,32156472332132,1568,470,11,11,7,7,9999,9999,746133,PASS
1143547,32156472332321,1568,475,11,11,6,6,14162,14162,1057204,PASS
1143557,32156472333332,1568,485,11,11,6,6,20397,20397,1522563,PASS
1143685,32156473223123,1568,613,11,11,8,8,7799,7799,582182,PASS
1143817,32156741112323,1569,16,11,11,5,5,48639,48639,3631171,PASS
1144207,32156742311123,1569,406,11,11,5,5,17796,17796,1328235,PASS
1144228,32156742313223,1569,427,11,11,8,8,10839,10839,808991,PASS
1144280,32156742333131,1569,479,11,11,7,7,13434,13434,1002660,PASS
1145410,32157641232323,1571,151,11,11,6,6,19231,19231,1436369,PASS
1145644,32157642231323,1571,385,11,11,7,7,10681,10681,796944,PASS
1145988,32164571111111,1572,0,11,11,6,6,47165,47165,3520768,PASS
1145993,32164571111231,1572,5,11,11,8,8,8510,8510,635230,PASS
1146139,32164571232323,1572,151,11,11,6,6,19261,19261,1438528,PASS
1146379,32164572232223,1572,391,11,11,6,6,21342,21342,1592887,PASS
1146381,32164572232313,1572,393,11,11,6,6,14618,14618,1091155,PASS
1146391,32164572233321,1572,403,11,11,7,7,18135,18135,1353807,PASS
1146409,32164572312323,1572,421,11,11,6,6,22093,22093,1649097,PASS
1146684,32164573323212,1572,696,11,11,7,7,10599,10599,791072,PASS
1148175,32165741111111,1575,0,11,11,6,6,50370,50370,3761046,PASS
1148177,32165741111132,1575,2,11,11,7,7,7961,7961,594302,PASS
1148332,32165741233223,1575,157,11,11,8,8,9736,9736,726843,PASS
1148499,32165742211112,1575,324,11,11,7,7,11234,11234,838519,PASS
1148634,32165742331112,1575,459,11,11,6,6,16839,16839,1257105,PASS
1148825,32165743311131,1575,650,11,11,7,7,9561,9561,714026,PASS
1148904,32167451111111,1576,0,11,11,6,6,51899,51899,3874905,PASS
1149011,32167451213333,1576,107,11,11,8,8,8397,8397,626597,PASS
1149025,32167451222222,1576,121,11,11,7,7,11389,11389,849664,PASS
1149079,32167451312222,1576,175,11,11,8,8,6548,6548,489040,PASS
1149138,32167451333111,1576,234,11,11,7,7,10452,10452,780132,PASS
1149229,32167452211121,1576,325,11,11,8,8,9467,9467,706833,PASS
1149513,32167453222313,1576,609,11,11,7,7,9019,9019,673333,PASS
1149578,32167453313333,1576,674,11,11,7,7,10867,10867,811290,PASS
1149584,32167453321232,1576,680,11,11,7,7,9963,9963,743696,PASS
1150378,32174561112323,1578,16,11,11,5,5,42337,42337,3160575,PASS
1150506,32174561232113,1578,144,11,11,5,5,21479,21479,1603347,PASS
1150511,32174561232233,1578,149,11,11,5,5,24580,24580,1834690,PASS
1150743,32174562231212,1578,381,11,11,7,7,14675,14675,1095950,PASS
1151513,32174652312332,1579,422,11,11,8,8,6399,6399,477383,PASS
1151561,32174652332132,1579,470,11,11,7,7,9815,9815,732343,PASS
1151820,32175461111111,1580,0,11,11,6,6,47874,47874,3574463,PASS
1151838,32175461113112,1580,18,11,11,8,8,8504,8504,634690,PASS
1151928,32175461221112,1580,108,11,11,7,7,9591,9591,715937,PASS
1152054,32175461333111,1580,234,11,11,7,7,9855,9855,735559,PASS
1152216,32175462233111,1580,396,11,11,6,6,19777,19777,1476680,PASS
1152241,32175462312323,1580,421,11,11,6,6,27724,27724,2069455,PASS
1157440,32416753121222,1587,517,11,11,7,7,16216,16216,1210815,PASS
1157920,32417562113321,1588,268,11,11,6,6,16940,16940,1264393,PASS
1158689,32417652132131,1589,308,11,11,8,8,9031,9031,673914,PASS
1158931,32417653132121,1589,550,11,11,8,8,8368,8368,624759,PASS
1160299,32451762331121,1591,460,11,11,6,6,10250,10250,764984,PASS
1161152,32456173212332,1592,584,11,11,8,8,6868,6868,512639,PASS
1161452,32456711233133,1593,155,11,11,8,8,16276,16276,1214826,PASS
1165195,32465172112121,1598,253,11,11,6,6,14622,14622,1091370,PASS
1165250,32465172132131,1598,308,11,11,7,7,13761,13761,1026846,PASS
1165258,32465172133121,1598,316,11,11,8,8,9003,9003,672093,PASS
1165417,32465172332321,1598,475,11,11,7,7,14206,14206,1060489,PASS
1165474,32465173123121,1598,532,11,11,7,7,8498,8498,634160,PASS
1165492,32465173132121,1598,550,11,11,8,8,8749,8749,652822,PASS
1165500,32465173133111,1598,558,11,11,7,7,9233,9233,689149,PASS
1165585,32465173233221,1598,643,11,11,8,8,8884,8884,662893,PASS
1169467,32475161232323,1604,151,11,11,7,7,13347,13347,996296,PASS
1170022,32475163331222,1604,706,11,11,8,8,8519,8519,635615,PASS
1172138,32476513232231,1607,635,11,11,7,7,8008,8008,597577,PASS
1175694,32517463131311,1612,546,11,11,7,7,19445,19445,1451113,PASS
1179489,32546713323212,1617,696,11,11,8,8,8058,8058,601786,PASS
1180278,32547611121113,1619,27,11,11,8,8,9278,9278,692358,PASS
1180305,32547611131112,1619,54,11,11,7,7,14097,14097,1052606,PASS
1180350,32547611213111,1619,99,11,11,6,6,13673,13673,1020745,PASS
1180422,32547611312111,1619,171,11,11,7,7,10189,10189,760690,PASS
1180500,32547612111311,1619,249,11,11,6,6,11170,11170,833683,PASS
1180740,32547613111211,1619,489,11,11,6,6,11764,11764,877771,PASS
1181000,32561471113133,1620,20,11,11,8,8,11830,11830,883000,PASS
1181013,32561471121311,1620,33,11,11,7,7,12207,12207,911590,PASS
1181019,32561471122211,1620,39,11,11,6,6,15489,15489,1155781,PASS
1181037,32561471131211,1620,57,11,11,7,7,11075,11075,826831,PASS
1181063,32561471211131,1620,83,11,11,7,7,20185,20185,1507271,PASS
1181143,32561471311121,1620,163,11,11,7,7,10300,10300,769020,PASS
1181301,32561472133313,1620,321,11,11,6,6,18010,18010,1344582,PASS
1181323,32561472213122,1620,343,11,11,7,7,13520,13520,1009168,PASS
1181587,32561473222223,1620,607,11,11,8,8,6709,6709,500648,PASS
1181676,32561473323212,1620,696,11,11,6,6,12611,12611,941193,PASS
1184908,32567412122222,1625,283,11,11,6,6,13383,13383,998704,PASS
1184928,32567412131312,1625,303,11,11,7,7,15658,15658,1169021,PASS
1184988,32567412222212,1625,363,11,11,6,6,28419,28419,2121935,PASS
1185168,32567413131212,1625,543,11,11,6,6,16201,16201,1209521,PASS
1185191,32567413133333,1625,566,11,11,7,7,11218,11218,836862,PASS
1188697,32576142313223,1630,427,11,11,7,7,10911,10911,814176,PASS
1191898,32615473332122,1634,712,11,11,8,8,9832,9832,733915,PASS
1197334,32647152133121,1642,316,11,11,8,8,13020,13020,972211,PASS
1197568,32647153132121,1642,550,11,11,8,8,7911,7911,590110,PASS
1198229,32647512333233,1643,482,11,11,8,8,13648,13648,1018468,PASS
1201908,32657143121213,1648,516,11,11,4,4,21614,21614,1613351,PASS
1202367,32657412111212,1649,246,11,11,7,7,9965,9965,743811,PASS
1203387,32671453123313,1650,537,11,11,5,5,21380,21380,1595708,PASS
1204577,32674152113333,1652,269,11,11,8,8,11976,11976,893854,PASS
1208423,32714652332132,1657,470,11,11,8,8,7818,7818,583307,PASS
1210431,32716452123212,1660,291,11,11,6,6,18669,18669,1393676,PASS
1212360,32741651121311,1663,33,11,11,7,7,16722,16722,1248836,PASS
1212384,32741651131211,1663,57,11,11,7,7,11592,11592,865104,PASS
1212410,32741651211131,1663,83,11,11,7,7,17200,17200,1284390,PASS
1212490,32741651311121,1663,163,11,11,7,7,10495,10495,783371,PASS
1212570,32741652111113,1663,243,11,11,7,7,12308,12308,918587,PASS
1212813,32741653111112,1663,486,11,11,7,7,14672,14672,1095165,PASS
1213919,32745611223332,1665,134,11,11,6,6,13623,13623,1016941,PASS
1214215,32745612313322,1665,430,11,11,5,5,33283,33283,2484555,PASS
1214234,32745612322331,1665,449,11,11,7,7,9898,9898,738878,PASS
1217381,32751643321232,1669,680,11,11,8,8,8613,8613,643386,PASS
1217998,32754163211123,1670,568,11,11,6,6,12358,12358,922550,PASS
1219042,32756141233121,1672,154,11,11,7,7,10680,10680,797179,PASS
1220622,32761452121313,1674,276,11,11,8,8,9530,9530,711669,PASS
1220629,32761452122222,1674,283,11,11,6,6,11290,11290,842421,PASS
1220709,32761452222212,1674,363,11,11,7,7,8680,8680,647528,PASS
1220865,32761453121312,1674,519,11,11,7,7,19055,19055,1422415,PASS
1220912,32761453133333,1674,566,11,11,6,6,11085,11085,827090,PASS
1224004,32765411112221,1679,13,11,11,7,7,10634,10634,793753,PASS
1224018,32765411121113,1679,27,11,11,8,8,8792,8792,656168,PASS
1224045,32765411131112,1679,54,11,11,7,7,13797,13797,1029852,PASS
1224063,32765411133113,1679,72,11,11,8,8,9323,9323,695941,PASS
1224207,32765411331113,1679,216,11,11,8,8,8819,8819,657937,PASS
1224348,32765412221312,1679,357,11,11,8,8,8265,8265,617024,PASS
1224445,32765412323222,1679,454,11,11,7,7,17615,17615,1315024,PASS
1224516,32765413122212,1679,525,11,11,6,6,15944,15944,1189957,PASS
1224609,32765413223312,1679,618,11,11,8,8,5909,5909,440981,PASS
1224616,32765413231223,1679,625,11,11,8,8,8615,8615,643010,PASS
1224681,32765413322312,1679,690,11,11,8,8,8204,8204,612444,PASS
1225020,34125672131213,1680,300,11,11,5,5,27402,27402,2045113,PASS
1225023,34125672131312,1680,303,11,11,6,6,17515,17515,1307504,PASS
1225075,34125672221222,1680,355,11,11,7,7,13065,13065,974959,PASS
1225286,34125673133333,1680,566,11,11,8,8,10406,10406,776788,PASS
1228392,34127651121113,1685,27,11,11,7,7,9915,9915,739982,PASS
1228419,34127651131112,1685,54,11,11,6,6,13012,13012,971268,PASS
1228464,34127651213111,1685,99,11,11,7,7,14253,14253,1063983,PASS
1228536,34127651312111,1685,171,11,11,8,8,8867,8867,661525,PASS
1228614,34127652111311,1685,249,11,11,6,6,15005,15005,1119587,PASS
1228854,34127653111211,1685,489,11,11,7,7,8470,8470,631827,PASS
1234506,34162752132212,1693,309,11,11,5,5,28859,28859,2153476,PASS
1234938,34165271112212,1694,12,11,11,8,8,11497,11497,857960,PASS
1234959,34165271121311,1694,33,11,11,7,7,11539,11539,861310,PASS
1234983,34165271131211,1694,57,11,11,7,7,17008,17008,1270417,PASS
1235009,34165271211131,1694,83,11,11,7,7,15087,15087,1126594,PASS
1235089,34165271311121,1694,163,11,11,7,7,12186,12186,909679,PASS
1235090,34165271311133,1694,164,11,11,6,6,13954,13954,1041367,PASS
1235384,34165272323333,1694,458,11,11,6,6,21706,21706,1620159,PASS
1235490,34165273133312,1694,564,11,11,6,6,18140,18140,1354229,PASS
1235536,34165273222322,1694,610,11,11,7,7,9222,9222,688377,PASS
1235576,34165273311131,1694,650,11,11,8,8,6560,6560,489904,PASS
1236733,34167252213323,1696,349,11,11,5,5,16876,16876,1259196,PASS
1238156,34172562132332,1698,314,11,11,8,8,13263,13263,989664,PASS
1238273,34172562313331,1698,431,11,11,7,7,12586,12586,939663,PASS
1239980,34175263321232,1700,680,11,11,8,8,8199,8199,612007,PASS
1244017,34216572213122,1706,343,11,11,6,6,23138,23138,1727352,PASS
1251272,34261572132131,1716,308,11,11,7,7,9803,9803,731688,PASS
1251280,34261572133121,1716,316,11,11,7,7,8057,8057,601153,PASS
1251496,34261573123121,1716,532,11,11,8,8,8859,8859,661129,PASS
1253486,34265712212132,1719,335,11,11,6,6,17377,17377,1297285,PASS
1256970,34275161312213,1724,174,11,11,5,5,25426,25426,1897903,PASS
1257055,34275162112322,1724,259,11,11,6,6,16144,16144,1205007,PASS
1257142,34275162213221,1724,346,11,11,6,6,16601,16601,1238858,PASS
1261170,34516271111111,1730,0,11,11,6,6,18440,18440,1376265,PASS
1261592,34516272312332,1730,422,11,11,7,7,11578,11578,864012,PASS
1262326,34516722313223,1731,427,11,11,7,7,18989,18989,1417465,PASS
1263742,34517622231323,1733,385,11,11,8,8,12048,12048,899226,PASS
1264460,34521672223232,1734,374,11,11,7,7,12878,12878,961433,PASS
1266909,34526713232312,1737,636,11,11,6,6,15604,15604,1164849,PASS
1268062,34527612211322,1739,331,11,11,7,7,22906,22906,1709648,PASS
1268110,34527612231122,1739,379,11,11,7,7,20944,20944,1563533,PASS
1268117,34527612231332,1739,386,11,11,8,8,14246,14246,1063042,PASS
1268197,34527612331322,1739,466,11,11,8,8,11535,11535,860923,PASS
1268390,34527613312133,1739,659,11,11,7,7,9512,9512,709816,PASS
1268740,34561272122123,1740,280,11,11,8,8,9853,9853,735442,PASS
1268746,34561272122321,1740,286,11,11,7,7,18576,18576,1386970,PASS
1268796,34561272212213,1740,336,11,11,7,7,19594,19594,1462310,PASS
1268803,34561272213122,1740,343,11,11,6,6,15468,15468,1154330,PASS
1268850,34561272232211,1740,390,11,11,7,7,18931,18931,1413175,PASS
1269059,34561273221233,1740,599,11,11,7,7,9680,9680,722582,PASS
1269101,34561273233131,1740,641,11,11,8,8,10455,10455,780654,PASS
1269113,34561273311233,1740,653,11,11,7,7,13356,13356,996843,PASS
1269133,34561273313321,1740,673,11,11,7,7,12833,12833,957666,PASS
1269137,34561273321133,1740,677,11,11,6,6,16606,16606,1239556,PASS
1269139,34561273321223,1740,679,11,11,8,8,9709,9709,724758,PASS
1269189,34561721111111,1741,0,11,11,6,6,19175,19175,1431171,PASS
1270107,34562171321111,1742,189,11,11,8,8,10111,10111,754862,PASS
1270112,34562171321231,1742,194,11,11,6,6,13158,13158,982204,PASS
1270311,34562172232313,1742,393,11,11,8,8,10884,10884,812329,PASS
1272479,34567212223232,1745,374,11,11,7,7,21402,21402,1598045,PASS
1280370,34617252111212,1756,246,11,11,7,7,12019,12019,897747,PASS
1280415,34617252123212,1756,291,11,11,5,5,23797,23797,1777354,PASS
1280433,34617252132212,1756,309,11,11,5,5,17110,17110,1276782,PASS
1281212,34617522221333,1757,359,11,11,7,7,12303,12303,917917,PASS
1281890,34621572132131,1758,308,11,11,8,8,8982,8982,670414,PASS
1283286,34625172111212,1760,246,11,11,7,7,13055,13055,974997,PASS
1285620,34627512232313,1763,393,11,11,7,7,14056,14056,1049315,PASS
1286001,34651271123111,1764,45,11,11,8,8,10360,10360,773447,PASS
1286426,34651272332132,1764,470,11,11,8,8,6463,6463,482267,PASS
1294336,34675212222122,1775,361,11,11,5,5,30557,30557,2280616,PASS
1296514,34715262221123,1778,352,11,11,7,7,14054,14054,1048747,PASS
1298721,34716522223211,1781,372,11,11,5,5,23704,23704,1769388,PASS
1300083,34721652121313,1783,276,11,11,6,6,28051,28051,2093665,PASS
1300107,34721652131213,1783,300,11,11,6,6,11930,11930,890438,PASS
1300162,34721652221222,1783,355,11,11,7,7,17802,17802,1329034,PASS
1300170,34721652222212,1783,363,11,11,8,8,12006,12006,896002,PASS
1300533,34721653333313,1783,726,11,11,7,7,9767,9767,728993,PASS
1301358,34725611212211,1785,93,11,11,7,7,11604,11604,866320,PASS
1301508,34725612111113,1785,243,11,11,7,7,8790,8790,655545,PASS
1301542,34725612121322,1785,277,11,11,6,6,33492,33492,2500123,PASS
1301646,34725612231212,1785,381,11,11,6,6,31568,31568,2356059,PASS
1301651,34725612231332,1785,386,11,11,8,8,10090,10090,752686,PASS
1301711,34725612322232,1785,446,11,11,6,6,13745,13745,1026085,PASS
1301731,34725612331322,1785,466,11,11,8,8,10562,10562,787931,PASS
1301751,34725613111112,1785,486,11,11,7,7,10136,10136,756572,PASS
1301753,34725613111133,1785,488,11,11,7,7,11640,11640,868973,PASS
1301818,34725613132223,1785,553,11,11,6,6,12439,12439,927905,PASS
1301913,34725613311113,1785,648,11,11,7,7,11344,11344,847088,PASS
1308280,34761252323222,1794,454,11,11,7,7,9427,9427,704068,PASS
1314534,35126741232212,1803,147,11,11,8,8,8907,8907,664818,PASS
1314770,35126742231233,1803,383,11,11,5,5,25062,25062,1870316,PASS
1315583,35127462331331,1804,467,11,11,8,8,9890,9890,738238,PASS
1321232,35162472122231,1812,284,11,11,7,7,11693,11693,872834,PASS
1321241,35162472123233,1812,293,11,11,6,6,16845,16845,1257357,PASS
1321474,35162473122221,1812,526,11,11,7,7,9152,9152,683000,PASS
1321643,35162473323131,1812,695,11,11,6,6,9797,9797,731333,PASS
1321660,35162473332122,1812,712,11,11,6,6,18103,18103,1351654,PASS
1321661,35162473332131,1812,713,11,11,6,6,13362,13362,997223,PASS
1322026,35162742213323,1813,349,11,11,5,5,17893,17893,1335548,PASS
1324173,35167242132212,1816,309,11,11,5,5,24628,24628,1837968,PASS
1325473,35172461232323,1818,151,11,11,7,7,13629,13629,1017325,PASS
1327124,35174262213131,1820,344,11,11,7,7,15509,15509,1157562,PASS
1327158,35174262231113,1820,378,11,11,7,7,14982,14982,1118637,PASS
1335528,35246171111111,1832,0,11,11,6,6,32015,32015,2389907,PASS
1335553,35246171113322,1832,25,11,11,7,7,10724,10724,800541,PASS
1335876,35246172213311,1832,348,11,11,7,7,11853,11853,884576,PASS
1341491,35267141223233,1840,131,11,11,7,7,9724,9724,725737,PASS
1341551,35267141321132,1840,191,11,11,7,7,20260,20260,1513305,PASS
1343021,35271461322233,1842,203,11,11,7,7,11233,11233,838464,PASS
1349397,35416721113112,1851,18,11,11,8,8,7621,7621,568699,PASS
1350012,35416723232213,1851,633,11,11,7,7,13243,13243,988257,PASS
1351208,35417622223133,1853,371,11,11,6,6,18665,18665,1393051,PASS
1354052,35426712131132,1857,299,11,11,7,7,12943,12943,965927,PASS
1354164,35426712311312,1857,411,11,11,7,7,11498,11498,858480,PASS
1354245,35426713111313,1857,492,11,11,6,6,12834,12834,957951,PASS
1354293,35426713131113,1857,540,11,11,6,6,12146,12146,906576,PASS
1354413,35426713312211,1857,660,11,11,8,8,11481,11481,856952,PASS
1355945,35461271111231,1860,5,11,11,7,7,12893,12893,962048,PASS
1356134,35461271321231,1860,194,11,11,6,6,14436,14436,1077188,PASS
1356307,35461272222323,1860,367,11,11,7,7,15589,15589,1163022,PASS
1357458,35462171131313,1862,60,11,11,6,6,12805,12805,955395,PASS
1357489,35462171212121,1862,91,11,11,6,6,13377,13377,998116,PASS
1357510,35462171221223,1862,112,11,11,7,7,11303,11303,843414,PASS
1357631,35462171332331,1862,233,11,11,7,7,12496,12496,932630,PASS
1357746,35462172213311,1862,348,11,11,6,6,18935,18935,1413186,PASS
1357775,35462172223331,1862,377,11,11,6,6,15245,15245,1137788,PASS
1357814,35462172312131,1862,416,11,11,6,6,14475,14475,1080051,PASS
1357932,35462173123211,1862,534,11,11,8,8,7987,7987,596175,PASS
1357944,35462173131311,1862,546,11,11,8,8,9139,9139,682117,PASS
1357996,35462173221221,1862,598,11,11,8,8,8471,8471,632248,PASS
1358575,35462712322322,1863,448,11,11,7,7,10409,10409,777065,PASS
1362381,35472163222313,1868,609,11,11,8,8,7748,7748,578836,PASS
1362400,35472163231322,1868,628,11,11,8,8,8116,8116,606077,PASS
1363581,35476122221111,1870,351,11,11,7,7,16882,16882,1259755,PASS
1367312,35614722321233,1875,437,11,11,8,8,12833,12833,957475,PASS
1368881,35617423131332,1877,548,11,11,5,5,13800,13800,1029456,PASS
1371524,35624712121232,1881,275,11,11,7,7,22759,22759,1698107,PASS
1371684,35624712321212,1881,435,11,11,7,7,26663,26663,1990261,PASS
1371689,35624712321332,1881,440,11,11,7,7,11831,11831,883200,PASS
1371713,35624712331232,1881,464,11,11,7,7,11541,11541,861537,PASS
1384864,35714623111322,1899,493,11,11,7,7,12433,12433,928243,PASS
1387641,35721642221213,1903,354,11,11,5,5,32368,32368,2416677,PASS
1397124,35762142222113,1916,360,11,11,7,7,14869,14869,1109865,PASS
1401146,36125471111333,1922,8,11,11,7,7,10077,10077,752424,PASS
1401228,36125471212112,1922,90,11,11,8,8,13269,13269,990868,PASS
1401237,36125471213111,1922,99,11,11,7,7,14501,14501,1082629,PASS
1401255,36125471222111,1922,117,11,11,8,8,12231,12231,912773,PASS
1401309,36125471312111,1922,171,11,11,8,8,8743,8743,652394,PASS
1401387,36125472111311,1922,249,11,11,6,6,15057,15057,1123430,PASS
1401412,36125472121223,1922,274,11,11,6,6,17237,17237,1286051,PASS
1401627,36125473111211,1922,489,11,11,7,7,8993,8993,670776,PASS
1401772,36125473232222,1922,634,11,11,6,6,24760,24760,1848425,PASS
1401836,36125473323233,1922,698,11,11,6,6,11526,11526,860133,PASS
1402478,36125743222331,1923,611,11,11,8,8,15505,15505,1156874,PASS
1402834,36127451333222,1924,238,11,11,6,6,13471,13471,1005250,PASS
1405795,36145272122222,1928,283,11,11,7,7,10036,10036,748916,PASS
1405812,36145272131213,1928,300,11,11,7,7,16358,16358,1221141,PASS
1405815,36145272131312,1928,303,11,11,5,5,25978,25978,1939516,PASS
1406238,36145273333313,1928,726,11,11,6,6,13270,13270,990722,PASS
1407003,36147251121311,1930,33,11,11,7,7,11421,11421,852361,PASS
1407027,36147251131211,1930,57,11,11,7,7,18148,18148,1355456,PASS
1407053,36147251211131,1930,83,11,11,7,7,14168,14168,1057950,PASS
1407133,36147251311121,1930,163,11,11,7,7,12372,12372,923722,PASS
1407213,36147252111113,1930,243,11,11,7,7,11946,11946,891313,PASS
1407456,36147253111112,1930,486,11,11,7,7,11055,11055,824748,PASS
1409298,36152741231312,1933,141,11,11,7,7,12207,12207,911247,PASS
1409461,36152742131321,1933,304,11,11,6,6,15900,15900,1186692,PASS
1413119,36172452133133,1938,317,11,11,8,8,13592,13592,1014741,PASS
1420397,36217452131333,1948,305,11,11,5,5,16286,16286,1215248,PASS
1420953,36217541223311,1949,132,11,11,6,6,10770,10770,803803,PASS
1421406,36217543213112,1949,585,11,11,7,7,9526,9526,711391,PASS
1422134,36241573212332,1950,584,11,11,7,7,12185,12185,909447,PASS
1422861,36241753212311,1951,582,11,11,7,7,9453,9453,705628,PASS
1436421,36415272123212,1970,291,11,11,5,5,23512,23512,1756113,PASS
1438611,36417522123311,1973,294,11,11,6,6,18996,18996,1418042,PASS
1453959,36514272212111,1994,333,11,11,7,7,20368,20368,1520736,PASS
1456810,36521472113321,1998,268,11,11,5,5,17707,17707,1321766,PASS
1457002,36521472331121,1998,460,11,11,8,8,6627,6627,494368,PASS
1460243,36527411131133,2003,56,11,11,7,7,10649,10649,795098,PASS
1460430,36527412111113,2003,243,11,11,7,7,8828,8828,658394,PASS
1460488,36527412131222,2003,301,11,11,7,7,13363,13363,997651,PASS
1460518,36527412211322,2003,331,11,11,7,7,21517,21517,1605979,PASS
1460544,36527412221312,2003,357,11,11,7,7,13483,13483,1006665,PASS
1460566,36527412231122,2003,379,11,11,7,7,17279,17279,1289660,PASS
1460633,36527412322232,2003,446,11,11,6,6,13516,13516,1008826,PASS
1460673,36527413111112,2003,486,11,11,7,7,9767,9767,729073,PASS
1460841,36527413311311,2003,654,11,11,7,7,10360,10360,773293,PASS
1461370,36541272323222,2004,454,11,11,7,7,9441,9441,704975,PASS
1463380,36542712121322,2007,277,11,11,5,5,21724,21724,1621473,PASS
1464837,36547212121313,2009,276,11,11,6,6,19801,19801,1477944,PASS
1464844,36547212122222,2009,283,11,11,5,5,30544,30544,2280510,PASS
1464864,36547212131312,2009,303,11,11,6,6,15117,15117,1128499,PASS
1464916,36547212221222,2009,355,11,11,7,7,12944,12944,966316,PASS
1465271,36547213331333,2009,710,11,11,7,7,9141,9141,681758,PASS
1470663,36712542121112,2017,270,11,11,6,6,18817,18817,1404972,PASS
1470664,36712542121121,2017,271,11,11,7,7,13509,13509,1008296,PASS
1470666,36712542121211,2017,273,11,11,7,7,18716,18716,1397340,PASS
1470672,36712542122111,2017,279,11,11,7,7,11904,11904,888180,PASS
1471513,36714252232223,2018,391,11,11,7,7,12166,12166,908053,PASS
1471995,36714521232113,2019,144,11,11,7,7,15321,15321,1143966,PASS
1472128,36714522121322,2019,277,11,11,5,5,21820,21820,1628806,PASS
1472133,36714522122213,2019,282,11,11,5,5,28279,28279,2111671,PASS
1472404,36714523132223,2019,553,11,11,7,7,11524,11524,859909,PASS
1472407,36714523132322,2019,556,11,11,8,8,7310,7310,545398,PASS
1474100,36721451131331,2022,62,11,11,7,7,8961,8961,668308,PASS
1474315,36721452121322,2022,277,11,11,6,6,20535,20535,1532993,PASS
1474318,36721452122123,2022,280,11,11,8,8,8443,8443,630088,PASS
1474320,36721452122213,2022,282,11,11,6,6,18350,18350,1370180,PASS
1474324,36721452122321,2022,286,11,11,7,7,10530,10530,786002,PASS
1474335,36721452131111,2022,297,11,11,6,6,22643,22643,1690121,PASS
1474412,36721452223232,2022,374,11,11,7,7,12000,12000,895851,PASS
1474542,36721453113113,2022,504,11,11,7,7,10928,10928,815602,PASS
1474551,36721453121111,2022,513,11,11,8,8,12702,12702,948398,PASS
1477713,36725411121212,2027,30,11,11,8,8,10002,10002,746552,PASS
1477743,36725411131313,2027,60,11,11,9,9,7136,7136,532066,PASS
1477774,36725411212121,2027,91,11,11,9,9,7013,7013,523041,PASS
1477865,36725411313131,2027,182,11,11,8,8,9826,9826,733748,PASS
1477929,36725412111212,2027,246,11,11,5,5,37584,37584,2805906,PASS
1477953,36725412121112,2027,270,11,11,5,5,34521,34521,2577083,PASS
1477956,36725412121211,2027,273,11,11,8,8,10668,10668,796750,PASS
1477958,36725412121232,2027,275,11,11,7,7,24070,24070,1796177,PASS
1477974,36725412123212,2027,291,11,11,8,8,10911,10911,814394,PASS
1478118,36725412321212,2027,435,11,11,7,7,24817,24817,1852394,PASS
1478175,36725413111313,2027,492,11,11,6,6,16962,16962,1266204,PASS
1478223,36725413131113,2027,540,11,11,6,6,15302,15302,1142241,PASS
1478229,36725413131311,2027,546,11,11,9,9,8490,8490,633175,PASS
1478692,36741252122123,2028,280,11,11,8,8,11117,11117,829942,PASS
1478698,36741252122321,2028,286,11,11,7,7,18415,18415,1374798,PASS
1478699,36741252122333,2028,287,11,11,7,7,14731,14731,1100092,PASS
1478707,36741252123323,2028,295,11,11,7,7,21016,21016,1569127,PASS
1479053,36741253233131,2028,641,11,11,8,8,10821,10821,807940,PASS
1482142,36745211211221,2033,85,11,11,7,7,8271,8271,617182,PASS
1482331,36745212121223,2033,274,11,11,7,7,9973,9973,744219,PASS
1482342,36745212122312,2033,285,11,11,6,6,14297,14297,1066515,PASS
1482344,36745212122333,2033,287,11,11,7,7,14046,14046,1047876,PASS
1482352,36745212123323,2033,295,11,11,8,8,7728,7728,576460,PASS
1482354,36745212131111,2033,297,11,11,6,6,14506,14506,1082916,PASS
1482431,36745212223232,2033,374,11,11,7,7,17144,17144,1279898,PASS
1482570,36745213121111,2033,513,11,11,7,7,12588,12588,939642,PASS
1482599,36745213131131,2033,542,11,11,8,8,6755,6755,503851,PASS
1482615,36745213133111,2033,558,11,11,7,7,11334,11334,845440,PASS
1482690,36745213232213,2033,633,11,11,7,7,9468,9468,706972,PASS
1483396,36751243222322,2034,610,11,11,8,8,8120,8120,606162,PASS
1484525,36752142122132,2036,281,11,11,6,6,15959,15959,1190961,PASS
1484536,36752142123221,2036,292,11,11,8,8,7729,7729,577051,PASS
1484798,36752143132232,2036,554,11,11,7,7,10970,10970,818658,PASS
1484806,36752143133222,2036,562,11,11,8,8,8666,8666,646891,PASS
1484813,36752143211132,2036,569,11,11,6,6,15631,15631,1166927,PASS
1486336,36754123232222,2038,634,11,11,7,7,15821,15821,1181338,PASS
1512689,37246511112233,2075,14,11,11,7,7,13315,13315,993950,PASS
1516757,37256142321233,2080,437,11,11,7,7,9475,9475,706815,PASS
1524820,37415622333221,2091,481,11,11,7,7,15563,15563,1161867,PASS
1530726,37426513132313,2099,555,11,11,8,8,8392,8392,626484,PASS
1532814,37452162323312,2102,456,11,11,8,8,8253,8253,615800,PASS
1543776,37516422333311,2117,483,11,11,7,7,11266,11266,840888,PASS
1552932,37561241311112,2130,162,11,11,8,8,10468,10468,781791,PASS
1557671,37612453122233,2136,527,11,11,7,7,9706,9706,724669,PASS
1558224,37612542221111,2137,351,11,11,7,7,15756,15756,1175546,PASS
1558954,37614252221123,2138,352,11,11,7,7,12270,12270,915561,PASS
1559331,37614521111111,2139,0,11,11,7,7,15376,15376,1147785,PASS
1559543,37614521323232,2139,212,11,11,7,7,10665,10665,796139,PASS
1559578,37614522111221,2139,247,11,11,7,7,8429,8429,628832,PASS
1559599,37614522113321,2139,268,11,11,7,7,27406,27406,2046204,PASS
1559761,37614522313322,2139,430,11,11,7,7,15595,15595,1163820,PASS
1559787,37614522323312,2139,456,11,11,7,7,8291,8291,619002,PASS
1559964,37614523232213,2139,633,11,11,7,7,11165,11165,833288,PASS
1560814,37615421113322,2141,25,11,11,6,6,19645,19645,1466221,PASS
1561115,37615422211133,2141,326,11,11,6,6,21481,21481,1603251,PASS
1561160,37615422223133,2141,371,11,11,6,6,17014,17014,1269842,PASS
1561213,37615422313121,2141,424,11,11,6,6,16960,16960,1266145,PASS
1561220,37615422313331,2141,431,11,11,7,7,13488,13488,1006830,PASS
1561304,37615423121132,2141,515,11,11,8,8,10736,10736,801409,PASS
1563384,37624152311213,2144,408,11,11,5,5,22990,22990,1716246,PASS
1563854,37624511232233,2145,149,11,11,7,7,12665,12665,945178,PASS
1563982,37624512121322,2145,277,11,11,5,5,36607,36607,2732541,PASS
1564086,37624512231212,2145,381,11,11,5,5,28351,28351,2116078,PASS
1564252,37624513131323,2145,547,11,11,7,7,11405,11405,851222,PASS
1564332,37624513231313,2145,627,11,11,7,7,10915,10915,814416,PASS
1566259,37641252222323,2148,367,11,11,7,7,17983,17983,1341643,PASS
1567698,37642152213311,2150,348,11,11,6,6,22512,22512,1680407,PASS
1568605,37642513122221,2151,526,11,11,8,8,8619,8619,643285,PASS
1569226,37645122312221,2152,418,11,11,7,7,9133,9133,681356,PASS
1570592,37651242211133,2154,326,11,11,6,6,14798,14798,1104561,PASS
1571415,37651422312311,2155,420,11,11,7,7,14333,14333,1069714,PASS
1571747,37652141113232,2156,23,11,11,6,6,13320,13320,994598,PASS
1572352,37652143231322,2156,628,11,11,8,8,7970,7970,595117,PASS
1574320,37654212311222,2159,409,11,11,7,7,15128,15128,1129271,PASS
1577464,41236753232321,2163,637,11,11,7,7,13763,13763,1026894,PASS
1577738,41237561313131,2164,182,11,11,5,5,25909,25909,1934459,PASS
1584292,41263751312222,2173,175,11,11,6,6,21788,21788,1627271,PASS
1592229,41325671212211,2184,93,11,11,7,7,15988,15988,1193483,PASS
1593292,41325762313223,2185,427,11,11,7,7,8276,8276,617559,PASS
1593410,41325763131233,2185,545,11,11,5,5,12445,12445,929157,PASS
1596600,41352671212112,2190,90,11,11,7,7,13718,13718,1024201,PASS
1596601,41352671212121,2190,91,11,11,6,6,18861,18861,1406985,PASS
1596627,41352671222111,2190,117,11,11,7,7,12248,12248,914116,PASS
1600578,41357622313112,2195,423,11,11,8,8,9628,9628,719028,PASS
1604288,41367253111133,2200,488,11,11,7,7,14362,14362,1072150,PASS
1614432,41532672313211,2214,426,11,11,7,7,21197,21197,1582461,PASS
1614890,41532761233133,2215,155,11,11,8,8,9716,9716,725274,PASS
1620348,41563273113311,2222,510,11,11,7,7,11441,11441,854101,PASS
1626736,41576322212222,2231,337,11,11,5,5,15380,15380,1147563,PASS
1629012,41625372313211,2234,426,11,11,7,7,27113,27113,2023751,PASS
1629102,41625373121213,2234,516,11,11,5,5,31698,31698,2366948,PASS
1629437,41625731222231,2235,122,11,11,7,7,10175,10175,759407,PASS
1633780,41635721212121,2241,91,11,11,7,7,18368,18368,1370466,PASS
1639644,41657321222312,2249,123,11,11,7,7,10761,10761,803141,PASS
1642045,41673252212222,2252,337,11,11,8,8,9939,9939,741789,PASS
1642437,41673521111111,2253,0,11,11,6,6,17706,17706,1321600,PASS
1645050,41723562313211,2256,426,11,11,5,5,40527,40527,3026087,PASS
1646226,41725361232113,2258,144,11,11,7,7,12713,12713,949173,PASS
1646274,41725361321213,2258,192,11,11,7,7,14467,14467,1079387,PASS
1646436,41725362221213,2258,354,11,11,6,6,19168,19168,1430507,PASS
1646508,41725362313211,2258,426,11,11,7,7,13546,13546,1010958,PASS
1646509,41725362313223,2258,427,11,11,6,6,23465,23465,1751448,PASS
1646599,41725363121222,2258,517,11,11,6,6,16981,16981,1267687,PASS
1646600,41725363121231,2258,518,11,11,7,7,10141,10141,756772,PASS
1646811,41725631111111,2259,0,11,11,6,6,19130,19130,1427717,PASS
1646893,41725631211122,2259,82,11,11,7,7,11478,11478,856149,PASS
1647260,41725632322331,2259,449,11,11,6,6,8894,8894,663903,PASS
1647299,41725633111133,2259,488,11,11,6,6,13801,13801,1030269,PASS
1647325,41725633121123,2259,514,11,11,7,7,12652,12652,944327,PASS
1647378,41725633211111,2259,567,11,11,7,7,12747,12747,950944,PASS
1647970,41726352313322,2260,430,11,11,6,6,15605,15605,1164925,PASS
1648688,41726532312233,2261,419,11,11,5,5,19360,19360,1445110,PASS
1650669,41735261323313,2264,213,11,11,8,8,7593,7593,566596,PASS
1650875,41735262312233,2264,419,11,11,6,6,18002,18002,1344206,PASS
1650991,41735263123223,2264,535,11,11,7,7,9616,9616,717565,PASS
1651343,41735621233232,2265,158,11,11,8,8,7750,7750,578897,PASS
1651615,41735622313322,2265,430,11,11,4,4,26541,26541,1981169,PASS
1652801,41736521233232,2267,158,11,11,8,8,8419,8419,628444,PASS
1653116,41736522332231,2267,473,11,11,7,7,10763,10763,803067,PASS
1654219,41752631222123,2269,118,11,11,6,6,13854,13854,1034223,PASS
1654507,41752632311123,2269,406,11,11,6,6,16032,16032,1196688,PASS
1654522,41752632312323,2269,421,11,11,6,6,15995,15995,1193860,PASS
1654527,41752632313211,2269,426,11,11,6,6,46667,46667,3483961,PASS
1656480,41756231321213,2272,192,11,11,7,7,15830,15830,1181015,PASS
1656806,41756233121231,2272,518,11,11,7,7,10790,10790,805184,PASS
1658834,41762532221333,2275,359,11,11,7,7,14774,14774,1102724,PASS
1659014,41762533123331,2275,539,11,11,7,7,13506,13506,1008061,PASS
1660820,41765231233232,2278,158,11,11,8,8,6879,6879,513652,PASS
1661748,41765322221312,2279,357,11,11,5,5,15399,15399,1149149,PASS
1661817,41765322313211,2279,426,11,11,5,5,42281,42281,3156042,PASS
1661916,41765323122212,2279,525,11,11,5,5,14034,14034,1047554,PASS
1664610,42136752131312,2283,303,11,11,4,4,21956,21956,1638122,PASS
1665089,42137561123333,2284,53,11,11,8,8,9645,9645,720404,PASS
1666289,42137653122131,2285,524,11,11,8,8,11304,11304,844050,PASS
1666315,42137653132121,2285,550,11,11,8,8,7685,7685,573668,PASS
1670767,42157633231322,2291,628,11,11,7,7,14271,14271,1065623,PASS
1671627,42163751121212,2293,30,11,11,7,7,11642,11642,869186,PASS
1672939,42165373223123,2294,613,11,11,8,8,6610,6610,492820,PASS
1674818,42167532131333,2297,305,11,11,5,5,23815,23815,1777258,PASS
1680111,42315673112111,2304,495,11,11,7,7,10043,10043,749211,PASS
1684083,42351671212211,2310,93,11,11,8,8,8634,8634,644548,PASS
1685342,42351763231133,2311,623,11,11,7,7,21170,21170,1579769,PASS
1691767,42367153111121,2320,487,11,11,6,6,12709,12709,948142,PASS
1691848,42367153211123,2320,568,11,11,6,6,15840,15840,1182583,PASS
1698966,42516372233111,2330,396,11,11,6,6,16658,16658,1243667,PASS
1707283,42561733323122,2341,694,11,11,8,8,9122,9122,680946,PASS
1712876,42573612323231,2349,455,11,11,8,8,12714,12714,948782,PASS
1713110,42573613322231,2349,689,11,11,7,7,10162,10162,758390,PASS
1715034,42613572313211,2352,426,11,11,5,5,21672,21672,1616814,PASS
1716254,42615371313332,2354,188,11,11,7,7,15030,15030,1121753,PASS
1716414,42615372213311,2354,348,11,11,6,6,19784,19784,1476513,PASS
1716420,42615372221213,2354,354,11,11,5,5,20810,20810,1554018,PASS
1716492,42615372313211,2354,426,11,11,7,7,14152,14152,1056337,PASS
1723704,42651372213311,2364,348,11,11,7,7,10733,10733,801614,PASS
1724734,42651733311122,2365,649,11,11,7,7,16654,16654,1242869,PASS
1730306,42673512232133,2373,389,11,11,8,8,12565,12565,937644,PASS
1742018,42751632321233,2389,437,11,11,7,7,17708,17708,1322044,PASS
1742036,42751632323231,2389,455,11,11,6,6,13713,13713,1023201,PASS
1751379,43126572133313,2402,321,11,11,8,8,9546,9546,712506,PASS
1761411,43167251232212,2416,147,11,11,6,6,14558,14558,1086557,PASS
1765928,43176252123131,2422,290,11,11,6,6,14922,14922,1113847,PASS
1766045,43176252311132,2422,407,11,11,7,7,10721,10721,800718,PASS
1769104,43216573132121,2426,550,11,11,7,7,8950,8950,667894,PASS
1769107,43216573132223,2426,553,11,11,7,7,15898,15898,1186646,PASS
1769136,43216573212311,2426,582,11,11,7,7,8855,8855,660703,PASS
1769138,43216573212332,2426,584,11,11,7,7,16608,16608,1239513,PASS
1784780,43512671313332,2448,188,11,11,7,7,9396,9396,701806,PASS
1793032,43527612312323,2459,421,11,11,7,7,9795,9795,731166,PASS
1793340,43561271111111,2460,0,11,11,6,6,17786,17786,1327476,PASS
1797997,43571262122222,2466,283,11,11,4,4,16976,16976,1267141,PASS
1799172,43572161111111,2468,0,11,11,6,6,17132,17132,1279032,PASS
1800322,43572612312323,2469,421,11,11,6,6,20561,20561,1534493,PASS
1801408,43576211123222,2471,49,11,11,6,6,14868,14868,1109979,PASS
1801616,43576212112232,2471,257,11,11,7,7,13484,13484,1006507,PASS
1803786,43615271333312,2474,240,11,11,8,8,5242,5242,391195,PASS
1803814,43615272113321,2474,268,11,11,6,6,14890,14890,1111398,PASS
1805863,43617521223221,2477,130,11,11,8,8,11686,11686,872085,PASS
1807540,43621752213323,2479,349,11,11,7,7,12008,12008,896221,PASS
1812017,43651722323132,2485,452,11,11,7,7,11568,11568,863345,PASS
1818487,43675122222122,2494,361,11,11,5,5,18503,18503,1380659,PASS
1818971,43675211221331,2495,116,11,11,8,8,6980,6980,521163,PASS
1825314,43721653231313,2503,627,11,11,7,7,13228,13228,987153,PASS
1829598,43751623123313,2509,537,11,11,4,4,27607,27607,2061053,PASS
1836712,43765212222122,2519,361,11,11,5,5,22310,22310,1664582,PASS
1850162,45167323322231,2537,689,11,11,7,7,10192,10192,760472,PASS
1853178,45176231131313,2542,60,11,11,7,7,31362,31362,2341839,PASS
1853190,45176231133113,2542,72,11,11,7,7,18642,18642,1391612,PASS
1853334,45176231331113,2542,216,11,11,7,7,17829,17829,1331353,PASS
1853658,45176233131113,2542,540,11,11,7,7,32739,32739,2444353,PASS
1853903,45176321131133,2543,56,11,11,8,8,17584,17584,1312481,PASS
1854928,45213672221123,2544,352,11,11,6,6,14322,14322,1069495,PASS
1869517,45273162222122,2564,361,11,11,5,5,15565,15565,1161436,PASS
1870670,45276131131133,2566,56,11,11,8,8,16120,16120,1203922,PASS
1872195,45312671222312,2568,123,11,11,7,7,11438,11438,853735,PASS
1872449,45312672223331,2568,377,11,11,6,6,17022,17022,1270044,PASS
1872475,45312672233321,2568,403,11,11,6,6,16463,16463,1228571,PASS
1872498,45312672313211,2568,426,11,11,6,6,39912,39912,2979846,PASS
1872627,45312673132313,2568,555,11,11,6,6,20803,20803,1552492,PASS
1872675,45312673222112,2568,603,11,11,8,8,7373,7373,550184,PASS
1872699,45312673231313,2568,627,11,11,8,8,11678,11678,871721,PASS
1872822,45312761113211,2569,21,11,11,6,6,18149,18149,1355144,PASS
1872879,45312761133311,2569,78,11,11,8,8,9243,9243,689985,PASS
1873152,45312762221111,2569,351,11,11,8,8,9376,9376,699746,PASS
1873206,45312762311111,2569,405,11,11,6,6,13410,13410,1000725,PASS
1876539,45321671212211,2574,93,11,11,7,7,16939,16939,1264103,PASS
1876555,45321671221121,2574,109,11,11,8,8,8849,8849,660505,PASS
1876956,45321673113311,2574,510,11,11,7,7,24458,24458,1825958,PASS
1880458,45327612222323,2579,367,11,11,8,8,7908,7908,590305,PASS
1883290,45362712122222,2583,283,11,11,5,5,22695,22695,1693747,PASS
1884107,45367122223133,2584,371,11,11,6,6,17707,17707,1320915,PASS
1884467,45367211111132,2585,2,11,11,6,6,20258,20258,1512172,PASS
1884547,45367211211122,2585,82,11,11,6,6,19128,19128,1427355,PASS
1884953,45367213111133,2585,488,11,11,6,6,20821,20821,1554384,PASS
1888166,45376121131133,2590,56,11,11,8,8,16987,16987,1267672,PASS
1888332,45376121331311,2590,222,11,11,8,8,9761,9761,728189,PASS
1889074,45376211333123,2591,235,11,11,8,8,7846,7846,585480,PASS
1889386,45376213131323,2591,547,11,11,8,8,14693,14693,1096680,PASS
1889566,45376213333322,2591,727,11,11,7,7,14168,14168,1057277,PASS
1889644,45612371133221,2592,76,11,11,6,6,11098,11098,828194,PASS
1890028,45612372331121,2592,460,11,11,8,8,8223,8223,613752,PASS
1890068,45612373112231,2592,500,11,11,7,7,13016,13016,971275,PASS
1890118,45612373132121,2592,550,11,11,8,8,7713,7713,575324,PASS
1890121,45612373132223,2592,553,11,11,6,6,14418,14418,1076353,PASS
1890252,45612373322111,2592,684,11,11,8,8,7816,7816,583310,PASS
1890280,45612373332122,2592,712,11,11,7,7,8759,8759,653634,PASS
1890283,45612373332221,2592,715,11,11,8,8,10411,10411,777192,PASS
1891246,45613271331221,2594,220,11,11,9,9,5449,5449,406877,PASS
1891422,45613272233111,2594,396,11,11,5,5,26509,26509,1979035,PASS
1894481,45621373123331,2598,539,11,11,7,7,11588,11588,864793,PASS
1894509,45621373211111,2598,567,11,11,8,8,12869,12869,960723,PASS
1895005,45621732212123,2599,334,11,11,7,7,13352,13352,997167,PASS
1895075,45621732233333,2599,404,11,11,7,7,14531,14531,1084380,PASS
1896598,45623712332123,2601,469,11,11,7,7,8649,8649,645100,PASS
1896820,45623713322321,2601,691,11,11,7,7,6711,6711,500759,PASS
1901782,45637123132121,2608,550,11,11,8,8,9740,9740,726960,PASS
1901944,45637123332122,2608,712,11,11,8,8,8445,8445,630241,PASS
1902758,45671231132231,2610,68,11,11,7,7,5938,5938,443109,PASS
1903187,45671233112132,2610,497,11,11,6,6,12644,12644,943666,PASS
1906670,45673212212132,2615,335,11,11,8,8,7569,7569,564713,PASS
1906906,45673213211222,2615,571,11,11,5,5,22588,22588,1686235,PASS
1909865,45713623223132,2619,614,11,11,6,6,11519,11519,859512,PASS
1912119,45721363321313,2622,681,11,11,5,5,13409,13409,1000877,PASS
1912127,45721363322231,2622,689,11,11,7,7,10649,10649,795011,PASS
1918402,45732612233321,2631,403,11,11,7,7,8610,8610,642613,PASS
1918767,45736121122211,2632,39,11,11,7,7,18646,18646,1391485,PASS
1924560,46123571111111,2640,0,11,11,6,6,45615,45615,3405564,PASS
1925191,46123573232123,2640,631,11,11,6,6,29384,29384,2194355,PASS
1926982,46125731333123,2643,235,11,11,8,8,8385,8385,626144,PASS
1927536,46127351131313,2644,60,11,11,6,6,16295,16295,1215402,PASS
1927781,46127352131333,2644,305,11,11,5,5,21659,21659,1616568,PASS
1928023,46127353131323,2644,547,11,11,7,7,18558,18558,1384845,PASS
1930713,46135272133313,2648,321,11,11,5,5,21203,21203,1582390,PASS
1935308,46153273131131,2654,542,11,11,8,8,11552,11552,862104,PASS
1936949,46157233333232,2656,725,11,11,6,6,15402,15402,1149832,PASS
1937174,46157321331233,2657,221,11,11,7,7,9071,9071,677510,PASS
1943788,46215372121223,2666,274,11,11,7,7,11758,11758,877578,PASS
1943940,46215372313211,2666,426,11,11,5,5,56204,56204,4196115,PASS
1954046,46257132211133,2680,326,11,11,6,6,17272,17272,1289104,PASS
1955109,46257313312211,2681,660,11,11,7,7,28384,28384,2118926,PASS
1957650,46273512122312,2685,285,11,11,5,5,16101,16101,1201174,PASS
1957962,46273513221212,2685,597,11,11,5,5,13701,13701,1022244,PASS
1958872,46275311123222,2687,49,11,11,8,8,12468,12468,931026,PASS
1959080,46275312112232,2687,257,11,11,7,7,13663,13663,1019969,PASS
1959132,46275312132212,2687,309,11,11,7,7,11319,11319,844736,PASS
1959212,46275312232133,2687,389,11,11,6,6,21249,21249,1586247,PASS
1959249,46275312313211,2687,426,11,11,6,6,16880,16880,1260252,PASS
1959340,46275313121222,2687,517,11,11,4,4,31839,31839,2376513,PASS
1959483,46275313312211,2687,660,11,11,7,7,18982,18982,1416563,PASS
1964900,46321752111131,2695,245,11,11,8,8,7601,7601,567459,PASS
1969844,46352171211233,2702,86,11,11,7,7,9398,9398,701849,PASS
1970024,46352172113231,2702,266,11,11,7,7,10340,10340,771949,PASS
1974977,46372511221331,2709,116,11,11,8,8,7676,7676,573091,PASS
1976408,46375211211332,2711,89,11,11,8,8,8510,8510,635647,PASS
1976580,46375212113111,2711,261,11,11,8,8,9535,9535,711707,PASS
1976627,46375212132131,2711,308,11,11,8,8,8111,8111,605041,PASS
1976629,46375212132221,2711,310,11,11,8,8,9435,9435,703797,PASS
1976791,46375212332222,2711,472,11,11,6,6,16752,16752,1249989,PASS
1976814,46375213112111,2711,495,11,11,7,7,12020,12020,896915,PASS
1976851,46375213123121,2711,532,11,11,8,8,9775,9775,729780,PASS
1977040,46375213333121,2711,721,11,11,8,8,8698,8698,649018,PASS
1977268,46512371331221,2712,220,11,11,7,7,10197,10197,761205,PASS
1977316,46512372113321,2712,268,11,11,5,5,18025,18025,1345329,PASS
1978974,46513272332111,2714,468,11,11,8,8,6685,6685,499043,PASS
1979014,46513273113221,2714,508,11,11,7,7,9945,9945,741725,PASS
1983833,46523711331332,2721,224,11,11,8,8,8129,8129,606630,PASS
1984825,46527133111121,2722,487,11,11,7,7,10523,10523,785388,PASS
1992484,46572311223122,2733,127,11,11,8,8,10653,10653,794803,PASS
1992664,46572312132122,2733,307,11,11,8,8,8090,8090,603835,PASS
2000184,46721533123313,2743,537,11,11,5,5,24551,24551,1833539,PASS
2012429,47123562232133,2760,389,11,11,6,6,26967,26967,2013393,PASS
2012927,47123651233232,2761,158,11,11,8,8,8159,8159,608894,PASS
2015114,47126351233232,2764,158,11,11,9,9,6737,6737,503141,PASS
2016002,47126532133133,2765,317,11,11,5,5,23001,23001,1717279,PASS
2016819,47132562311111,2766,405,11,11,6,6,13524,13524,1009109,PASS
2017025,47132563222331,2766,611,11,11,7,7,14321,14321,1068462,PASS
2017546,47132652233321,2767,403,11,11,6,6,21308,21308,1590211,PASS
2018915,47135622132332,2769,314,11,11,7,7,11757,11757,877492,PASS
2019645,47136252133112,2770,315,11,11,7,7,15734,15734,1174308,PASS
2020946,47152361233232,2772,158,11,11,8,8,8172,8172,609670,PASS
2021717,47152631322131,2773,200,11,11,7,7,11226,11226,838118,PASS
2023935,47156231332313,2776,231,11,11,7,7,14202,14202,1060486,PASS
2024273,47156233211132,2776,569,11,11,7,7,16851,16851,1257748,PASS
2024322,47156233223312,2776,618,11,11,8,8,8236,8236,614371,PASS
2024343,47156233233113,2776,639,11,11,7,7,13740,13740,1025648,PASS
2024394,47156233322312,2776,690,11,11,8,8,7858,7858,586098,PASS
2024433,47156321111111,2777,0,11,11,7,7,13530,13530,1009422,PASS
2024511,47156321133311,2777,78,11,11,7,7,17064,17064,1273619,PASS
2024745,47156322132311,2777,312,11,11,7,7,10682,10682,797144,PASS
2024861,47156322313232,2777,428,11,11,8,8,6136,6136,458415,PASS
2024903,47156322332132,2777,470,11,11,7,7,12968,12968,967980,PASS
2024907,47156322332312,2777,474,11,11,8,8,9369,9369,699091,PASS
2025046,47156323223123,2777,613,11,11,8,8,8707,8707,649729,PASS
2025361,47162351322122,2778,199,11,11,7,7,11098,11098,828293,PASS
2027650,47163522131222,2781,301,11,11,7,7,11293,11293,843211,PASS
2028951,47165321232113,2783,144,11,11,4,4,24398,24398,1820765,PASS
2029007,47165321322131,2783,200,11,11,7,7,17354,17354,1295465,PASS
2029116,47165322132212,2783,309,11,11,4,4,30291,30291,2260909,PASS
2029122,47165322133112,2783,315,11,11,8,8,18129,18129,1353086,PASS
2029196,47165322232133,2783,389,11,11,6,6,20634,20634,1540333,PASS
2029233,47165322313211,2783,426,11,11,6,6,15110,15110,1127909,PASS
2032757,47216352131333,2788,305,11,11,5,5,17627,17627,1315550,PASS
2038824,47251363131113,2796,540,11,11,7,7,13018,13018,971425,PASS
2039316,47251632131312,2797,303,11,11,4,4,17794,17794,1327667,PASS
2041782,47256133212311,2800,582,11,11,8,8,11409,11409,851831,PASS
2041880,47256133321232,2800,680,11,11,7,7,11780,11780,879696,PASS
2046586,47265312122222,2807,283,11,11,5,5,32508,32508,2426459,PASS
2046606,47265312131312,2807,303,11,11,7,7,12565,12565,937437,PASS
2046729,47265312313211,2807,426,11,11,6,6,36639,36639,2735751,PASS
2052299,47321651311133,2815,164,11,11,7,7,11443,11443,854420,PASS
2058257,47352612123131,2823,290,11,11,6,6,12161,12161,907452,PASS
2058374,47352612311132,2823,407,11,11,7,7,11317,11317,844640,PASS
2058393,47352612313211,2823,426,11,11,7,7,20762,20762,1550598,PASS
2065678,47512632312323,2833,421,11,11,7,7,10986,10986,820031,PASS
2087522,47621532232331,2863,395,11,11,7,7,5802,5802,433054,PASS
2087749,47621533231121,2863,622,11,11,7,7,10355,10355,772534,PASS
2092633,47632152233321,2870,403,11,11,7,7,9651,9651,720096,PASS
2092812,47632153212311,2870,582,11,11,6,6,12730,12730,949931,PASS
2092867,47632153232321,2870,637,11,11,7,7,13302,13302,992675,PASS
2093543,47632513212332,2871,584,11,11,8,8,10711,10711,799593,PASS
2096989,47652132231323,2876,385,11,11,7,7,16597,16597,1238963,PASS
2099363,47653213211231,2879,572,11,11,7,7,12136,12136,906137,PASS
2099421,47653213232111,2879,630,11,11,6,6,11972,11972,893523,PASS
2110480,51264731113322,2895,25,11,11,8,8,9513,9513,710173,PASS
2110803,51264732213311,2895,348,11,11,8,8,8961,8961,669070,PASS
2111603,51267342312233,2896,419,11,11,6,6,18289,18289,1365313,PASS
2117098,51324671211122,2904,82,11,11,6,6,14720,14720,1098921,PASS
2117349,51324672212111,2904,333,11,11,7,7,19729,19729,1473066,PASS
2117526,51324673113311,2904,510,11,11,7,7,18368,18368,1371125,PASS
2117746,51324761111123,2905,1,11,11,8,8,10141,10141,756789,PASS
2118257,51324763113332,2905,512,11,11,6,6,11741,11741,876448,PASS
2121723,51342672212111,2910,333,11,11,7,7,15979,15979,1192577,PASS
2122780,51342763312223,2911,661,11,11,5,5,97192,97192,7256237,PASS
2128761,51367241211113,2920,81,11,11,8,8,8024,8024,599038,PASS
2134628,51423671221331,2928,116,11,11,7,7,8648,8648,645105,PASS
2136699,51426731111111,2931,0,11,11,6,6,17786,17786,1327692,PASS
2137359,51426733312211,2931,660,11,11,8,8,10325,10325,770218,PASS
2147694,51472361131313,2946,60,11,11,7,7,11300,11300,842920,PASS
2149071,51472633331312,2947,708,11,11,4,4,30926,30926,2308779,PASS
2152197,51623471321111,2952,189,11,11,8,8,8398,8398,626854,PASS
2153410,51623743313321,2953,673,11,11,7,7,11221,11221,836980,PASS
2154367,51624731312123,2955,172,11,11,7,7,12944,12944,966059,PASS
2154888,51624733323113,2955,693,11,11,8,8,13937,13937,1040047,PASS
2157323,51632741323232,2959,212,11,11,6,6,9730,9730,726432,PASS
2160798,51642371122313,2964,42,11,11,5,5,22930,22930,1712264,PASS
2161510,51642731113322,2965,25,11,11,6,6,22705,22705,1694897,PASS
2163695,51647231113232,2968,23,11,11,6,6,10837,10837,808495,PASS
2170779,51723643131311,2977,546,11,11,6,6,15811,15811,1180093,PASS
2171245,51724362122222,2978,283,11,11,8,8,11375,11375,849372,PASS
2171478,51724363121213,2978,516,11,11,5,5,32198,32198,2404053,PASS
2173686,51726433123313,2981,537,11,11,5,5,17642,17642,1317264,PASS
2175123,51732643121213,2983,516,11,11,4,4,22345,22345,1668138,PASS
2179436,51742632323231,2989,455,11,11,6,6,17398,17398,1298259,PASS
2179439,51742632323333,2989,458,11,11,8,8,11173,11173,834002,PASS
2187873,52134761232113,3001,144,11,11,7,7,11581,11581,864479,PASS
2195052,52147631121311,3011,33,11,11,7,7,12119,12119,903974,PASS
2195076,52147631131211,3011,57,11,11,7,7,15896,15896,1186874,PASS
2195102,52147631211131,3011,83,11,11,7,7,10485,10485,782658,PASS
2195182,52147631311121,3011,163,11,11,7,7,10316,10316,769865,PASS
2195262,52147632111113,3011,243,11,11,7,7,13164,13164,982734,PASS
2195505,52147633111112,3011,486,11,11,7,7,14778,14778,1103072,PASS
2195758,52163471112122,3012,10,11,11,7,7,10838,10838,809238,PASS
2195847,52163471213111,3012,99,11,11,7,7,8261,8261,616476,PASS
2195919,52163471312111,3012,171,11,11,6,6,14764,14764,1101941,PASS
2195983,52163471333123,3012,235,11,11,8,8,5981,5981,446420,PASS
2195997,52163472111311,3012,249,11,11,8,8,8507,8507,634786,PASS
2196049,52163472131222,3012,301,11,11,6,6,15974,15974,1192651,PASS
2196237,52163473111211,3012,489,11,11,7,7,15123,15123,1128793,PASS
2196242,52163473111331,3012,494,11,11,8,8,9568,9568,714474,PASS
2196349,52163473221323,3012,601,11,11,8,8,8801,8801,657071,PASS
2196449,52163473323332,3012,701,11,11,8,8,13194,13194,984958,PASS
2198939,52167342121232,3016,275,11,11,6,6,17115,17115,1277647,PASS
2199669,52167432121313,3017,276,11,11,8,8,9464,9464,706327,PASS
2199676,52167432122222,3017,283,11,11,6,6,13891,13891,1036480,PASS
2199693,52167432131213,3017,300,11,11,7,7,15563,15563,1161907,PASS
2199959,52167433133333,3017,566,11,11,6,6,13857,13857,1034019,PASS
2200103,52167433331333,3017,710,11,11,6,6,25870,25870,1930694,PASS
2202922,52174633223123,3021,613,11,11,8,8,9594,9594,716263,PASS
2205150,52314673311311,3024,654,11,11,6,6,22728,22728,1696544,PASS
2205424,52314761322122,3025,199,11,11,8,8,7699,7699,574598,PASS
2208870,52341671111111,3030,0,11,11,6,6,39758,39758,2968455,PASS
2208909,52341671122211,3030,39,11,11,7,7,10666,10666,795695,PASS
2209038,52341671311313,3030,168,11,11,6,6,12532,12532,935835,PASS
2209194,52341672211112,3030,324,11,11,6,6,25679,25679,1917322,PASS
2209263,52341672232313,3030,393,11,11,6,6,14526,14526,1084085,PASS
2209324,52341672323222,3030,454,11,11,7,7,12044,12044,898963,PASS
2209326,52341672323312,3030,456,11,11,8,8,10968,10968,818847,PASS
2209428,52341673133111,3030,558,11,11,7,7,10479,10479,781770,PASS
2209503,52341673232213,3030,633,11,11,8,8,6961,6961,519521,PASS
2209508,52341673232333,3030,638,11,11,7,7,10371,10371,773949,PASS
2209566,52341673323212,3030,696,11,11,7,7,16657,16657,1243675,PASS
2213520,52361472121313,3036,276,11,11,7,7,11346,11346,846664,PASS
2213547,52361472131312,3036,303,11,11,6,6,11175,11175,833707,PASS
2216485,52367142211121,3040,325,11,11,6,6,15477,15477,1155343,PASS
2217335,52367412322232,3041,446,11,11,6,6,12247,12247,914026,PASS
2219092,52374161112323,3044,16,11,11,6,6,13154,13154,982157,PASS
2221870,52376413222223,3047,607,11,11,8,8,8055,8055,601359,PASS
2232782,52463173212332,3062,584,11,11,7,7,12944,12944,965778,PASS
2233511,52463713212332,3063,584,11,11,8,8,12022,12022,897780,PASS
2235969,52471631223113,3067,126,11,11,8,8,7227,7227,539471,PASS
2236050,52471631323112,3067,207,11,11,7,7,13567,13567,1012584,PASS
2241372,52614372313211,3074,426,11,11,7,7,14463,14463,1079448,PASS
2249547,52641733212311,3085,582,11,11,6,6,14201,14201,1059814,PASS
2249602,52641733232321,3085,637,11,11,7,7,12819,12819,957163,PASS
2255428,52673413232123,3093,631,11,11,7,7,8255,8255,616312,PASS
2257135,52713461232323,3096,151,11,11,6,6,9753,9753,727947,PASS
2258586,52714361232113,3098,144,11,11,7,7,14418,14418,1076334,PASS
2259760,52714633213223,3099,589,11,11,7,7,8803,8803,657017,PASS
2259784,52714633223123,3099,613,11,11,7,7,12330,12330,920400,PASS
2262240,52731641233112,3103,153,11,11,7,7,8060,8060,601652,PASS
2262294,52731641323112,3103,207,11,11,8,8,7678,7678,572899,PASS
2264477,52736141322233,3106,203,11,11,6,6,17281,17281,1290109,PASS
2266158,52741362313211,3108,426,11,11,5,5,17588,17588,1313032,PASS
2266159,52741362313223,3108,427,11,11,7,7,8797,8797,656493,PASS
2266748,52741632122333,3109,287,11,11,7,7,16454,16454,1228548,PASS
2266756,52741632123323,3109,295,11,11,7,7,21023,21023,1569325,PASS
2266797,52741632212213,3109,336,11,11,6,6,15655,15655,1168421,PASS
2266799,52741632212231,3109,338,11,11,7,7,10350,10350,772122,PASS
2266851,52741632232211,3109,390,11,11,7,7,12870,12870,960302,PASS
2267060,52741633221233,3109,599,11,11,8,8,9482,9482,707796,PASS
2267133,52741633313312,3109,672,11,11,8,8,9490,9490,708314,PASS
2267134,52741633313321,3109,673,11,11,7,7,13525,13525,1008974,PASS
2267140,52741633321223,3109,679,11,11,7,7,18420,18420,1375249,PASS
2267160,52741633323311,3109,699,11,11,7,7,10031,10031,748584,PASS
2267922,52743611111213,3111,3,11,11,7,7,9516,9516,709909,PASS
2267925,52743611111312,3111,6,11,11,7,7,12585,12585,939260,PASS
2267930,52743611112131,3111,11,11,11,8,8,9713,9713,725062,PASS
2267938,52743611113121,3111,19,11,11,8,8,12461,12461,930181,PASS
2268216,52743612131111,3111,297,11,11,8,8,8573,8573,639703,PASS
2268432,52743613121111,3111,513,11,11,8,8,10366,10366,773797,PASS
2270838,52761431111213,3115,3,11,11,7,7,9791,9791,730446,PASS
2270841,52761431111312,3115,6,11,11,7,7,10164,10164,758322,PASS
2270846,52761431112131,3115,11,11,11,7,7,11279,11279,842011,PASS
2270854,52761431113121,3115,19,11,11,7,7,10289,10289,768305,PASS
2271132,52761432131111,3115,297,11,11,7,7,10081,10081,752342,PASS
2271348,52761433121111,3115,513,11,11,7,7,9328,9328,696361,PASS
2272175,52763143222331,3116,611,11,11,7,7,13892,13892,1036507,PASS
2272416,52763411222312,3117,123,11,11,7,7,19146,19146,1429128,PASS
2272528,52763411333123,3117,235,11,11,8,8,8104,8104,604709,PASS
2272896,52763413222112,3117,603,11,11,8,8,12086,12086,901728,PASS
2272911,52763413223312,3117,618,11,11,8,8,15677,15677,1170218,PASS
2272983,52763413322312,3117,690,11,11,7,7,18195,18195,1358130,PASS
2276078,53126471231231,3122,140,11,11,7,7,13567,13567,1012758,PASS
2276080,53126471231321,3122,142,11,11,7,7,9302,9302,694310,PASS
2276134,53126471321321,3122,196,11,11,7,7,14534,14534,1084279,PASS
2280605,53146272123233,3128,293,11,11,6,6,17777,17777,1326626,PASS
2282060,53147262123131,3130,290,11,11,6,6,15789,15789,1178389,PASS
2284618,53162743312223,3133,661,11,11,5,5,56572,56572,4223590,PASS
2307127,53274163211222,3164,571,11,11,6,6,14821,14821,1106352,PASS
2314035,53421671321111,3174,189,11,11,7,7,15930,15930,1188706,PASS
2314040,53421671321231,3174,194,11,11,7,7,8094,8094,604104,PASS
2315318,53426171112233,3176,14,11,11,6,6,17173,17173,1282217,PASS
2320432,53462711113322,3183,25,11,11,6,6,22930,22930,1711631,PASS
2322054,53467211321111,3185,189,11,11,6,6,9375,9375,699699,PASS
2325717,53476121323112,3190,207,11,11,8,8,11047,11047,824726,PASS
2325724,53476121323322,3190,214,11,11,7,7,10040,10040,749700,PASS
2329246,53614721212121,3195,91,11,11,7,7,14015,14015,1045363,PASS
2331562,53621471331221,3198,220,11,11,7,7,12628,12628,943054,PASS
2337174,53642171111111,3206,0,11,11,6,6,17624,17624,1315732,PASS
2341902,53672142221213,3212,354,11,11,5,5,28577,28577,2133043,PASS
2347047,53714622233111,3219,396,11,11,7,7,12984,12984,968669,PASS
2349456,53721463223312,3222,618,11,11,8,8,9075,9075,677693,PASS
2351295,53724612121112,3225,270,11,11,7,7,11426,11426,853072,PASS
2352475,53726143333121,3226,721,11,11,7,7,9288,9288,693479,PASS
2354148,53741621323112,3229,207,11,11,6,6,19139,19139,1428871,PASS
2354166,53741621332112,3229,225,11,11,7,7,11695,11695,872844,PASS
2355857,53742612323333,3231,458,11,11,7,7,10475,10475,781709,PASS
2357859,53761242121211,3234,273,11,11,7,7,12169,12169,908765,PASS
2357940,53761242221213,3234,354,11,11,5,5,17191,17191,1283222,PASS
2358021,53761242321212,3234,435,11,11,5,5,24231,24231,1808384,PASS
2359655,53762143222331,3236,611,11,11,8,8,7026,7026,524254,PASS
2360458,53762413322123,3237,685,11,11,7,7,9162,9162,683688,PASS
2362606,54123673233323,3240,646,11,11,7,7,11072,11072,826700,PASS
2363638,54126371331221,3242,220,11,11,7,7,8827,8827,658330,PASS
2365905,54127632131213,3245,300,11,11,7,7,17017,17017,1270358,PASS
2365968,54127632222212,3245,363,11,11,7,7,11413,11413,851787,PASS
2366148,54127633131212,3245,543,11,11,6,6,22843,22843,1705319,PASS
2366171,54127633133333,3245,566,11,11,5,5,35134,35134,2622519,PASS
2366331,54127633333313,3245,726,11,11,6,6,17730,17730,1323867,PASS
2372242,54163271133221,3254,76,11,11,6,6,14952,14952,1116710,PASS
2372562,54163272233111,3254,396,11,11,5,5,36977,36977,2760958,PASS
2373651,54167231121113,3256,27,11,11,6,6,12273,12273,915881,PASS
2373678,54167231131112,3256,54,11,11,6,6,12088,12088,902172,PASS
2373735,54167231221211,3256,111,11,11,7,7,10112,10112,754546,PASS
2373861,54167231333213,3256,237,11,11,8,8,9371,9371,699642,PASS
2373876,54167232112112,3256,252,11,11,7,7,10091,10091,753286,PASS
2373945,54167232133313,3256,321,11,11,6,6,33633,33633,2510642,PASS
2374101,54167232333113,3256,477,11,11,8,8,9167,9167,684280,PASS
2374262,54167233232333,3256,638,11,11,7,7,11606,11606,866740,PASS
2374329,54167233331213,3256,705,11,11,6,6,32895,32895,2455821,PASS
2376366,54172633132313,3259,555,11,11,7,7,11215,11215,837262,PASS
2382771,54217362233213,3268,399,11,11,7,7,19079,19079,1423953,PASS
2383410,54217632132212,3269,309,11,11,5,5,23191,23191,1730406,PASS
2383875,54231671123111,3270,45,11,11,7,7,10884,10884,812482,PASS
2384362,54231673123121,3270,532,11,11,8,8,7008,7008,523150,PASS
2388736,54261373123121,3276,532,11,11,7,7,6790,6790,506524,PASS
2389316,54261732231233,3277,383,11,11,7,7,11320,11320,844653,PASS
2395896,54276132233312,3286,402,11,11,7,7,12811,12811,956135,PASS
2397014,54312671131331,3288,62,11,11,8,8,8075,8075,602791,PASS
2397285,54312672212111,3288,333,11,11,8,8,7947,7947,593447,PASS
2397606,54312673311311,3288,654,11,11,8,8,13201,13201,985476,PASS
2399886,54317261113112,3292,18,11,11,6,6,9723,9723,725569,PASS
2400601,54317621111222,3293,4,11,11,7,7,9406,9406,702131,PASS
2401662,54321672212213,3294,336,11,11,7,7,20972,20972,1565367,PASS
2401664,54321672212231,3294,338,11,11,7,7,15554,15554,1160838,PASS
2401716,54321672232211,3294,390,11,11,7,7,15269,15269,1139376,PASS
2401998,54321673313312,3294,672,11,11,7,7,22371,22371,1670136,PASS
2401999,54321673313321,3294,673,11,11,7,7,28278,28278,2110169,PASS
2402025,54321673323311,3294,699,11,11,8,8,17471,17471,1304220,PASS
2402140,54321761211221,3295,85,11,11,8,8,7702,7702,574891,PASS
2402559,54321763113113,3295,504,11,11,8,8,12335,12335,920949,PASS
2402789,54326171111231,3296,5,11,11,7,7,15777,15777,1177648,PASS
2402798,54326171112233,3296,14,11,11,7,7,6367,6367,475051,PASS
2402978,54326171321231,3296,194,11,11,7,7,8362,8362,624154,PASS
2403525,54326711112212,3297,12,11,11,7,7,12721,12721,949227,PASS
2405345,54327612223232,3299,374,11,11,7,7,14412,14412,1075949,PASS
2406074,54361272223232,3300,374,11,11,7,7,11707,11707,873946,PASS
2407178,54362171113133,3302,20,11,11,7,7,8983,8983,670249,PASS
2407892,54362711111231,3303,5,11,11,6,6,9649,9649,719828,PASS
2408094,54362711323112,3303,207,11,11,8,8,10390,10390,775490,PASS
2408628,54367121112212,3304,12,11,11,7,7,15842,15842,1182998,PASS
2408637,54367121113211,3304,21,11,11,7,7,8693,8693,648811,PASS
2408642,54367121113331,3304,26,11,11,7,7,17740,17740,1324194,PASS
2408941,54367122211121,3304,325,11,11,7,7,11348,11348,847159,PASS
2409021,54367122311111,3304,405,11,11,7,7,11940,11940,891040,PASS
2409264,54367123311113,3304,648,11,11,7,7,10759,10759,803081,PASS
2409412,54367211132222,3305,67,11,11,7,7,18777,18777,1401779,PASS
2409452,54367211213333,3305,107,11,11,8,8,13951,13951,1041077,PASS
2409464,54367211222132,3305,119,11,11,8,8,8856,8856,660520,PASS
2409582,54367211333213,3305,237,11,11,8,8,10628,10628,793335,PASS
2409676,54367212211322,3305,331,11,11,7,7,18863,18863,1407648,PASS
2409724,54367212231122,3305,379,11,11,6,6,20604,20604,1538014,PASS
2409744,54367212233213,3305,399,11,11,9,9,8527,8527,636717,PASS
2409816,54367212332213,3305,471,11,11,9,9,9196,9196,686428,PASS
2409822,54367212333113,3305,477,11,11,8,8,10778,10778,804581,PASS
2409844,54367213112222,3305,499,11,11,8,8,12155,12155,907472,PASS
2410004,54367213312133,3305,659,11,11,7,7,16707,16707,1247259,PASS
2410100,54371261113331,3306,26,11,11,7,7,12173,12173,909029,PASS
2410821,54371621113112,3307,18,11,11,7,7,15051,15051,1123754,PASS
2410828,54371621113322,3307,25,11,11,7,7,6002,6002,447868,PASS
2413193,54376121322233,3310,203,11,11,7,7,15210,15210,1134947,PASS
2413721,54376211111132,3311,2,11,11,6,6,18927,18927,1413085,PASS
2413723,54376211111222,3311,4,11,11,7,7,10364,10364,773045,PASS
2413739,54376211113133,3311,20,11,11,7,7,11665,11665,870872,PASS
2414463,54612371112311,3312,15,11,11,7,7,19134,19134,1428598,PASS
2414810,54612372222131,3312,362,11,11,8,8,8659,8659,646147,PASS
2415433,54612732112223,3313,256,11,11,6,6,16391,16391,1223751,PASS
2415864,54612733322213,3313,687,11,11,6,6,16424,16424,1226285,PASS
2418900,54621371133311,3318,78,11,11,7,7,13386,13386,999064,PASS
2419147,54621372211121,3318,325,11,11,6,6,16333,16333,1219185,PASS
2426904,54637211132111,3329,63,11,11,8,8,7589,7589,566611,PASS
2427924,54671232221213,3330,354,11,11,5,5,25096,25096,1873729,PASS
2432157,54712361323313,3336,213,11,11,8,8,12904,12904,963475,PASS
2432320,54712362223322,3336,376,11,11,7,7,13341,13341,995606,PASS
2435220,54716232222113,3340,360,11,11,6,6,14735,14735,1099471,PASS
2435605,54716321112323,3341,16,11,11,6,6,15320,15320,1143349,PASS
2436016,54716322313223,3341,427,11,11,6,6,17198,17198,1283792,PASS
2437047,54721631111111,3343,0,11,11,6,6,47070,47070,3514130,PASS
2437084,54721631122121,3343,37,11,11,7,7,11878,11878,886467,PASS
2437211,54721631311133,3343,164,11,11,6,6,22447,22447,1676001,PASS
2437367,54721632133232,3343,320,11,11,7,7,9479,9479,707378,PASS
2437384,54721632212222,3343,337,11,11,6,6,19620,19620,1464145,PASS
2437385,54721632212231,3343,338,11,11,7,7,9435,9435,704232,PASS
2437675,54721633231322,3343,628,11,11,7,7,13072,13072,975789,PASS
2437720,54721633313321,3343,673,11,11,8,8,7546,7546,562929,PASS
2437775,54721633333331,3343,728,11,11,7,7,10087,10087,753090,PASS
2438808,54723612131312,3345,303,11,11,6,6,22051,22051,1646161,PASS
2438860,54723612221222,3345,355,11,11,7,7,14175,14175,1058101,PASS
2438868,54723612222212,3345,363,11,11,6,6,24480,24480,1827449,PASS
2439024,54723613121312,3345,519,11,11,5,5,33294,33294,2485050,PASS
2439231,54723613333313,3345,726,11,11,7,7,16417,16417,1225486,PASS
2445757,54761233322321,3354,691,11,11,8,8,7970,7970,594954,PASS
2449157,54763212322232,3359,446,11,11,6,6,13580,13580,1013152,PASS
2449563,56123471222312,3360,123,11,11,8,8,10293,10293,768352,PASS
2449570,56123471223221,3360,130,11,11,7,7,7266,7266,542221,PASS
2449664,56123471331332,3360,224,11,11,7,7,12338,12338,920741,PASS
2449675,56123471333123,3360,235,11,11,8,8,11057,11057,825409,PASS
2449882,56123472322121,3360,442,11,11,7,7,12566,12566,937737,PASS
2449907,56123472331331,3360,467,11,11,7,7,9956,9956,743241,PASS
2450000,56123473133132,3360,560,11,11,7,7,14331,14331,1069632,PASS
2450003,56123473133231,3360,563,11,11,8,8,9740,9740,726778,PASS
2450043,56123473222112,3360,603,11,11,8,8,10494,10494,783312,PASS
2450058,56123473223312,3360,618,11,11,7,7,11081,11081,827196,PASS
2450130,56123473322312,3360,690,11,11,8,8,9697,9697,723495,PASS
2450903,56124371111231,3362,5,11,11,8,8,8810,8810,657485,PASS
2451049,56124371232323,3362,151,11,11,7,7,12584,12584,939320,PASS
2453803,56127433332323,3365,718,11,11,6,6,15439,15439,1152894,PASS
2454299,56132472333332,3366,485,11,11,7,7,8852,8852,660897,PASS
2454381,56132473211111,3366,567,11,11,6,6,13640,13640,1018114,PASS
2454402,56132473213211,3366,588,11,11,8,8,7823,7823,583829,PASS
2460364,56143273332323,3374,718,11,11,7,7,19395,19395,1447959,PASS
2461223,56147231222132,3376,119,11,11,7,7,15330,15330,1144323,PASS
2461341,56147231333213,3376,237,11,11,8,8,10750,10750,802706,PASS
2461503,56147232233213,3376,399,11,11,7,7,20129,20129,1503201,PASS
2461575,56147232332213,3376,471,11,11,7,7,21332,21332,1592654,PASS
2461581,56147232333113,3376,477,11,11,8,8,11605,11605,866341,PASS
2462315,56147322333233,3377,482,11,11,7,7,12097,12097,902746,PASS
2464767,56173421113112,3381,18,11,11,8,8,8776,8776,655390,PASS
2465936,56174232323333,3382,458,11,11,7,7,15597,15597,1164530,PASS
2466351,56174321232113,3383,144,11,11,4,4,28434,28434,2121636,PASS
2466936,56213471111111,3384,0,11,11,6,6,21505,21505,1605551,PASS
2468339,56213743313333,3385,674,11,11,4,4,32956,32956,2460104,PASS
2477700,56243173133111,3398,558,11,11,7,7,13306,13306,992995,PASS
2478392,56243713121333,3399,521,11,11,5,5,15066,15066,1124471,PASS
2479082,56247132333233,3400,482,11,11,8,8,10203,10203,761876,PASS
2481279,56271433111313,3403,492,11,11,5,5,25657,25657,1914765,PASS
2481324,56271433123313,3403,537,11,11,5,5,16564,16564,1236513,PASS
2481342,56271433132313,3403,555,11,11,7,7,12956,12956,967167,PASS
2483435,56274132331133,3406,461,11,11,7,7,11399,11399,850751,PASS
2484129,56274312313211,3407,426,11,11,6,6,21001,21001,1567843,PASS
2489452,56321473233323,3414,646,11,11,7,7,9825,9825,733252,PASS
2489859,56321742211112,3415,324,11,11,7,7,17095,17095,1276106,PASS
2490380,56324171221331,3416,116,11,11,7,7,12361,12361,922782,PASS
2492540,56327411211332,3419,89,11,11,8,8,6520,6520,486635,PASS
2493036,56327413213112,3419,585,11,11,8,8,7205,7205,537710,PASS
2493696,56341273121213,3420,516,11,11,6,6,15642,15642,1167589,PASS
2493723,56341273131212,3420,543,11,11,6,6,19893,19893,1485296,PASS
2496578,56347122333233,3424,482,11,11,8,8,11520,11520,859661,PASS
2496924,56347211213111,3425,99,11,11,7,7,12460,12460,930643,PASS
2496944,56347211222132,3425,119,11,11,8,8,8644,8644,644832,PASS
2496996,56347211312111,3425,171,11,11,7,7,12179,12179,909531,PASS
2497043,56347211331131,3425,218,11,11,7,7,9193,9193,686352,PASS
2497072,56347212111221,3425,247,11,11,8,8,9717,9717,725107,PASS
2497074,56347212111311,3425,249,11,11,7,7,15263,15263,1139156,PASS
2497118,56347212123233,3425,293,11,11,8,8,11223,11223,837725,PASS
2497216,56347212232223,3425,391,11,11,8,8,10216,10216,762244,PASS
2497314,56347213111211,3425,489,11,11,7,7,14924,14924,1114072,PASS
2497373,56347213131332,3425,548,11,11,7,7,10835,10835,808543,PASS
2507900,56423171231231,3440,140,11,11,7,7,12109,12109,903271,PASS
2507902,56423171231321,3440,142,11,11,7,7,10022,10022,747878,PASS
2507956,56423171321321,3440,196,11,11,7,7,10684,10684,797888,PASS
2508013,56423172112121,3440,253,11,11,7,7,17741,17741,1324838,PASS
2508310,56423173132121,3440,550,11,11,7,7,10624,10624,792851,PASS
2508318,56423173133111,3440,558,11,11,7,7,11040,11040,823681,PASS
2513386,56432713122122,3447,523,11,11,7,7,14089,14089,1052113,PASS
2519568,56712341232113,3456,144,11,11,6,6,12569,12569,937819,PASS
2519992,56712343211123,3456,568,11,11,7,7,13122,13122,979375,PASS
2524337,56721343123331,3462,539,11,11,7,7,10962,10962,818107,PASS
2524946,56721432312233,3463,419,11,11,5,5,20556,20556,1534427,PASS
2526009,56723411113313,3465,24,11,11,7,7,8689,8689,648579,PASS
2526012,56723411121113,3465,27,11,11,7,7,8552,8552,638262,PASS
2526039,56723411131112,3465,54,11,11,6,6,14451,14451,1078505,PASS
2526108,56723411222312,3465,123,11,11,8,8,8668,8668,646861,PASS
2526270,56723412122312,3465,285,11,11,7,7,10531,10531,786033,PASS
2526439,56723412323222,3465,454,11,11,7,7,16164,16164,1206343,PASS
2526582,56723413221212,3465,597,11,11,6,6,18023,18023,1345609,PASS
2526588,56723413222112,3465,603,11,11,8,8,6211,6211,463319,PASS
2526687,56723413331111,3465,702,11,11,7,7,9139,9139,682233,PASS
2530152,56732143122113,3470,522,11,11,7,7,11811,11811,881685,PASS
2532579,56741231121311,3474,33,11,11,7,7,10566,10566,788626,PASS
2532603,56741231131211,3474,57,11,11,7,7,12294,12294,917603,PASS
2532629,56741231211131,3474,83,11,11,7,7,14721,14721,1099000,PASS
2532709,56741231311121,3474,163,11,11,7,7,13455,13455,1004831,PASS
2532789,56741232111113,3474,243,11,11,7,7,18046,18046,1347148,PASS
2533032,56741233111112,3474,486,11,11,7,7,11706,11706,873838,PASS
2536474,56743212122222,3479,283,11,11,6,6,16521,16521,1232999,PASS
2536546,56743212221222,3479,355,11,11,5,5,32609,32609,2434793,PASS
2536707,56743213121213,3479,516,11,11,7,7,18887,18887,1409606,PASS
2536710,56743213121312,3479,519,11,11,8,8,11059,11059,825739,PASS
2536901,56743213331333,3479,710,11,11,6,6,21886,21886,1633807,PASS
2536920,57123461111111,3480,0,11,11,6,6,46273,46273,3455393,PASS
2553990,57164322131312,3503,303,11,11,5,5,32993,32993,2463289,PASS
2556086,57214361323232,3506,212,11,11,8,8,8768,8768,654652,PASS
2556939,57214632212213,3507,336,11,11,6,6,31148,31148,2324967,PASS
2561729,57236141113232,3514,23,11,11,7,7,8854,8854,660728,PASS
2561909,57236141322233,3514,203,11,11,7,7,6070,6070,453174,PASS
2561918,57236141323232,3514,212,11,11,7,7,14271,14271,1066091,PASS
2564091,57241631322113,3517,198,11,11,7,7,8102,8102,604653,PASS
2564100,57241631323112,3517,207,11,11,8,8,7756,7756,579291,PASS
2566094,57246131112233,3520,14,11,11,7,7,15552,15552,1160493,PASS
2570704,57264132111323,3526,250,11,11,5,5,23915,23915,1785781,PASS
2577177,57321641311112,3535,162,11,11,8,8,6416,6416,479006,PASS
2577422,57321642311132,3535,407,11,11,6,6,22991,22991,1716324,PASS
2589027,57364212213311,3551,348,11,11,7,7,22414,22414,1673704,PASS
2589105,57364212313211,3551,426,11,11,5,5,38915,38915,2905036,PASS
2589391,57364213332122,3551,712,11,11,7,7,9220,9220,688540,PASS
2622238,57642311113322,3597,25,11,11,7,7,13355,13355,996644,PASS
2624785,61234572231323,3600,385,11,11,7,7,15935,15935,1190283,PASS
2625033,61234573232213,3600,633,11,11,6,6,14351,14351,1070949,PASS
2626769,61235741313131,3603,182,11,11,5,5,28982,28982,2164112,PASS
2636695,61257343232123,3616,631,11,11,8,8,8557,8557,638607,PASS
2639162,61274351313131,3620,182,11,11,6,6,17891,17891,1335884,PASS
2640094,61274532231323,3621,385,11,11,7,7,13718,13718,1024379,PASS
2651047,61352472233321,3636,403,11,11,8,8,8849,8849,660433,PASS
2651070,61352472313211,3636,426,11,11,6,6,113055,113055,8441585,PASS
2669037,61452731311313,3661,168,11,11,8,8,10701,10701,799278,PASS
2670327,61453721111111,3663,0,11,11,6,6,16768,16768,1252041,PASS
2670489,61453721311112,3663,162,11,11,8,8,8902,8902,664541,PASS
2670814,61453723111121,3663,487,11,11,7,7,10335,10335,771291,PASS
2673539,61472532123332,3667,296,11,11,8,8,9793,9793,731141,PASS
2673738,61472533112111,3667,495,11,11,8,8,9800,9800,731693,PASS
2680533,61527431111111,3677,0,11,11,6,6,17019,17019,1270374,PASS
2683127,61534272311132,3680,407,11,11,7,7,12631,12631,942659,PASS
2683464,61534721112311,3681,15,11,11,7,7,10822,10822,807446,PASS
2683470,61534721113211,3681,21,11,11,7,7,9081,9081,677581,PASS
2687094,61543271111111,3686,0,11,11,6,6,25993,25993,1940395,PASS
2687109,61543271112311,3686,15,11,11,7,7,9720,9720,725146,PASS
2691160,61572432312323,3691,421,11,11,6,6,16381,16381,1222587,PASS
2701556,61734523222331,3705,611,11,11,7,7,15415,15415,1150758,PASS
2712319,62134572321323,3720,439,11,11,7,7,10614,10614,792444,PASS
2713375,62135471122121,3722,37,11,11,6,6,13782,13782,1028442,PASS
2713646,62135472132131,3722,308,11,11,7,7,7829,7829,584228,PASS
2713862,62135473122131,3722,524,11,11,8,8,8918,8918,665851,PASS
2713870,62135473123121,3722,532,11,11,7,7,16356,16356,1220138,PASS
2713880,62135473131131,3722,542,11,11,7,7,9745,9745,727157,PASS
2713888,62135473132121,3722,550,11,11,8,8,8741,8741,652466,PASS
2713973,62135473232231,3722,635,11,11,8,8,7618,7618,568475,PASS
2714029,62135473322321,3722,691,11,11,6,6,10202,10202,761491,PASS
2714678,62135743222331,3723,611,11,11,7,7,8216,8216,612969,PASS
2714728,62135743312223,3723,661,11,11,5,5,29615,29615,2210926,PASS
2719702,62147353123121,3730,532,11,11,8,8,9842,9842,734674,PASS
2719720,62147353132121,3730,550,11,11,8,8,8254,8254,616278,PASS
2723491,62154733321121,3735,676,11,11,7,7,6241,6241,465721,PASS
2723853,62157342132212,3736,309,11,11,7,7,11575,11575,863711,PASS
2726363,62173543232132,3739,632,11,11,7,7,9692,9692,723588,PASS
2726498,62174351122133,3740,38,11,11,6,6,14976,14976,1117704,PASS
2727840,62174533311212,3741,651,11,11,7,7,13217,13217,986643,PASS
2732787,62317453112111,3748,495,11,11,7,7,10170,10170,758888,PASS
2732952,62317453312211,3748,660,11,11,7,7,13137,13137,980499,PASS
2739349,62351743112123,3757,496,11,11,7,7,21374,21374,1595589,PASS
2743152,62371453311311,3762,654,11,11,8,8,8544,8544,637726,PASS
2744889,62374511322311,3765,204,11,11,7,7,6928,6928,516900,PASS
2745187,62374513112321,3765,502,11,11,6,6,14376,14376,1072791,PASS
2745342,62374513312112,3765,657,11,11,7,7,8111,8111,605483,PASS
2753030,62435172211133,3776,326,11,11,5,5,23344,23344,1742854,PASS
2753111,62435172311132,3776,407,11,11,7,7,15917,15917,1188125,PASS
2753554,62435711222222,3777,121,11,11,7,7,11566,11566,863231,PASS
2758456,62453713311122,3783,649,11,11,6,6,26807,26807,2001390,PASS
2761112,62471532232133,3787,389,11,11,6,6,12414,12414,926633,PASS
2763115,62475131322323,3790,205,11,11,7,7,10819,10819,807323,PASS
2769179,62531472321233,3798,437,11,11,7,7,15712,15712,1173520,PASS
2775384,62543711211113,3807,81,11,11,7,7,9960,9960,743051,PASS
2775465,62543711311112,3807,162,11,11,6,6,18153,18153,1355511,PASS
2778656,62571432321233,3811,437,11,11,7,7,18031,18031,1346115,PASS
2789769,62735143223213,3826,615,11,11,7,7,10969,10969,818689,PASS
2801563,63125741112323,3843,16,11,11,5,5,29192,29192,2179496,PASS
2802092,63125743131233,3843,545,11,11,5,5,13581,13581,1013790,PASS
2802111,63125743133312,3843,564,11,11,5,5,15742,15742,1175349,PASS
2803734,63142571111111,3846,0,11,11,6,6,28055,28055,2094552,PASS
2803804,63142571132321,3846,70,11,11,6,6,25460,25460,1900673,PASS
2804230,63142573112123,3846,496,11,11,6,6,29522,29522,2203899,PASS
2812903,63172452312323,3858,421,11,11,7,7,12012,12012,896809,PASS
2812908,63172452313211,3858,426,11,11,6,6,59124,59124,4414664,PASS
2815139,63174522332132,3861,470,11,11,7,7,7045,7045,525579,PASS
2824922,63247511123132,3875,47,11,11,6,6,14158,14158,1056658,PASS
2826896,63251743133231,3877,563,11,11,7,7,13976,13976,1043207,PASS
2845455,63452711311313,3903,168,11,11,7,7,8055,8055,601207,PASS
2845768,63452712333221,3903,481,11,11,8,8,7694,7694,573993,PASS
2848493,63471522123131,3907,290,11,11,7,7,14143,14143,1055828,PASS
2848655,63471522323132,3907,452,11,11,7,7,13758,13758,1026786,PASS
2848673,63471522332132,3907,470,11,11,8,8,9075,9075,677426,PASS
2849957,63472512123332,3909,296,11,11,7,7,9763,9763,728597,PASS
2853251,63512743313333,3913,674,11,11,5,5,22750,22750,1698716,PASS
2860689,63541271212211,3924,93,11,11,7,7,20395,20395,1522798,PASS
2863304,63542713121333,3927,521,11,11,4,4,25926,25926,1935216,PASS
2868905,63574212123131,3935,290,11,11,6,6,12337,12337,920959,PASS
2869041,63574212313211,3935,426,11,11,7,7,16786,16786,1253311,PASS
2870424,63712542221111,3937,351,11,11,6,6,12455,12455,929751,PASS
2871092,63714252123131,3938,290,11,11,7,7,12193,12193,909572,PASS
2871547,63714521112323,3939,16,11,11,6,6,18014,18014,1344675,PASS
2872001,63714522332132,3939,470,11,11,8,8,8135,8135,607368,PASS
2874607,63721541233322,3943,160,11,11,8,8,9516,9516,710459,PASS
2875692,63724153121213,3944,516,11,11,5,5,37349,37349,2788435,PASS
2876650,63725141112323,3946,16,11,11,7,7,15211,15211,1135338,PASS
2876788,63725141233121,3946,154,11,11,7,7,11004,11004,821430,PASS
2876924,63725142123131,3946,290,11,11,7,7,16013,16013,1194759,PASS
2877005,63725142223133,3946,371,11,11,5,5,24814,24814,1852183,PASS
2877156,63725143122113,3946,522,11,11,7,7,11325,11325,845304,PASS
2877171,63725143123313,3946,537,11,11,6,6,23886,23886,1782968,PASS
2878459,63741252222323,3948,367,11,11,7,7,12917,12917,964376,PASS
2879111,63741522123131,3949,290,11,11,7,7,14588,14588,1089555,PASS
2880427,63742511232221,3951,148,11,11,7,7,8480,8480,632832,PASS
2881533,63745123122212,3952,525,11,11,5,5,13024,13024,972208,PASS
2882824,63751242221321,3954,358,11,11,6,6,13918,13918,1038681,PASS
2883723,63751423122311,3955,528,11,11,7,7,10226,10226,763108,PASS
2883924,63752141111111,3956,0,11,11,7,7,19472,19472,1453858,PASS
2883963,63752141122211,3956,39,11,11,7,7,16538,16538,1234945,PASS
2883972,63752141123213,3956,48,11,11,7,7,11483,11483,856949,PASS
2884394,63752142332132,3956,470,11,11,7,7,13517,13517,1009005,PASS
2884459,63752143123223,3956,535,11,11,7,7,8951,8951,668152,PASS
2884507,63752143212323,3956,583,11,11,8,8,7469,7469,557499,PASS
2884537,63752143223123,3956,613,11,11,8,8,9619,9619,718068,PASS
2884782,63752411223212,3957,129,11,11,8,8,8479,8479,632959,PASS
2884890,63752411333213,3957,237,11,11,8,8,13758,13758,1027002,PASS
2885074,63752412312323,3957,421,11,11,6,6,22958,22958,1713159,PASS
2885094,63752412322112,3957,441,11,11,7,7,9647,9647,720032,PASS
2885130,63752412333113,3957,477,11,11,8,8,13398,13398,999681,PASS
2886634,63754213122122,3959,523,11,11,8,8,11510,11510,859285,PASS
2888358,64125371131313,3962,60,11,11,6,6,18167,18167,1355297,PASS
2899308,64157321133212,3977,75,11,11,7,7,25598,25598,1910394,PASS
2909117,64231572311132,3990,407,11,11,7,7,10643,10643,794578,PASS
2916022,64257131113223,4000,22,11,11,7,7,12251,12251,914489,PASS
2918784,64271533221212,4003,597,11,11,5,5,14268,14268,1064596,PASS
2920468,64275131212223,4006,94,11,11,6,6,18098,18098,1351032,PASS
2920546,64275131312123,4006,172,11,11,7,7,13080,13080,976412,PASS
2920700,64275132211133,4006,326,11,11,6,6,19287,19287,1439211,PASS
2920763,64275132232133,4006,389,11,11,6,6,25419,25419,1897486,PASS
2920995,64275133231112,4006,621,11,11,7,7,15900,15900,1186707,PASS
2921034,64275133312211,4006,660,11,11,8,8,9735,9735,726535,PASS
2921120,64275311112332,4007,17,11,11,7,7,10302,10302,769558,PASS
2921224,64275311222222,4007,121,11,11,6,6,18093,18093,1350208,PASS
2921763,64275313312211,4007,660,11,11,7,7,15677,15677,1170016,PASS
2926451,64321572111131,4014,245,11,11,8,8,8444,8444,630062,PASS
2926514,64321572132131,4014,308,11,11,8,8,11859,11859,885467,PASS
2926613,64321572311132,4014,407,11,11,6,6,24452,24452,1825322,PASS
2928910,64325713121222,4017,517,11,11,5,5,32884,32884,2454421,PASS
2930888,64351272132131,4020,308,11,11,8,8,8895,8895,663796,PASS
2934651,64357212313211,4025,426,11,11,5,5,39875,39875,2976688,PASS
2934853,64357213231322,4025,628,11,11,6,6,23342,23342,1742239,PASS
2934885,64357213312211,4025,660,11,11,7,7,21448,21448,1601118,PASS
2948169,64531271212211,4044,93,11,11,7,7,19380,19380,1446592,PASS
2948384,64531272132131,4044,308,11,11,7,7,10539,10539,786303,PASS
2948600,64531273122131,4044,524,11,11,7,7,7958,7958,593828,PASS
2948608,64531273123121,4044,532,11,11,8,8,9976,9976,744644,PASS
2948730,64531273311311,4044,654,11,11,7,7,10797,10797,806246,PASS
2948736,64531273312211,4044,660,11,11,7,7,8373,8373,624741,PASS
2953948,64572131122223,4052,40,11,11,7,7,9949,9949,742523,PASS
2958777,64713253112111,4058,495,11,11,8,8,8071,8071,602170,PASS
2974335,65123471112311,4080,15,11,11,8,8,11841,11841,883731,PASS
2974478,65123471233232,4080,158,11,11,8,8,6949,6949,518413,PASS
2974740,65123472312311,4080,420,11,11,7,7,10977,10977,819772,PASS
2978784,65132471212112,4086,90,11,11,5,5,12733,12733,950337,PASS
2978811,65132471222111,4086,117,11,11,8,8,7318,7318,545975,PASS
2978836,65132471231321,4086,142,11,11,5,5,18560,18560,1385067,PASS
2978902,65132471323121,4086,208,11,11,7,7,10914,10914,814474,PASS
2978996,65132472131231,4086,302,11,11,8,8,8326,8326,621459,PASS
2979032,65132472212231,4086,338,11,11,8,8,14021,14021,1046971,PASS
2979097,65132472233321,4086,403,11,11,6,6,25157,25157,1877251,PASS
2979188,65132473111331,4086,494,11,11,5,5,13629,13629,1017439,PASS
2979366,65132473313312,4086,672,11,11,8,8,7856,7856,586749,PASS
2979393,65132473323311,4086,699,11,11,8,8,7520,7520,561247,PASS
2979556,65132741223323,4087,133,11,11,7,7,7123,7123,531405,PASS
2980034,65132743222331,4087,611,11,11,7,7,11860,11860,884766,PASS
2981039,65134721233232,4089,158,11,11,8,8,6938,6938,517619,PASS
2986857,65147321232113,4097,144,11,11,4,4,25546,25546,1906240,PASS
2988242,65172431132333,4099,71,11,11,5,5,21586,21586,1611328,PASS
2990648,65174232123131,4102,290,11,11,6,6,11831,11831,882596,PASS
2990679,65174232133313,4102,321,11,11,5,5,28231,28231,2107289,PASS
2990814,65174232323312,4102,456,11,11,8,8,11597,11597,865876,PASS
2991054,65174233323212,4102,696,11,11,8,8,11711,11711,874260,PASS
2991063,65174233331213,4102,705,11,11,5,5,31054,31054,2318687,PASS
2991513,65174322313211,4103,426,11,11,6,6,10333,10333,771282,PASS
2991700,65174323223123,4103,613,11,11,8,8,9118,9118,680050,PASS
2992545,65213741111111,4105,0,11,11,6,6,21726,21726,1621937,PASS
3000564,65241371111111,4116,0,11,11,6,6,41295,41295,3083203,PASS
3003028,65243712121322,4119,277,11,11,8,8,10027,10027,748708,PASS
3005171,65271341332331,4122,233,11,11,7,7,10580,10580,789428,PASS
3006050,65271432231233,4123,383,11,11,7,7,10914,10914,814525,PASS
3007854,65274131111111,4126,0,11,11,7,7,16695,16695,1246269,PASS
3008022,65274131311313,4126,168,11,11,7,7,8073,8073,602410,PASS
3008028,65274131312213,4126,174,11,11,7,7,14176,14176,1058502,PASS
3008150,65274132123332,4126,296,11,11,7,7,12873,12873,961183,PASS
3008407,65274133132223,4126,553,11,11,7,7,8259,8259,616304,PASS
3008491,65274133232321,4126,637,11,11,7,7,8111,8111,605624,PASS
3008515,65274133312223,4126,661,11,11,7,7,24757,24757,1848445,PASS
3011177,65314272311132,4130,407,11,11,7,7,10983,10983,820146,PASS
3011196,65314272313211,4130,426,11,11,7,7,16939,16939,1265060,PASS
3013930,65321472111122,4134,244,11,11,7,7,13282,13282,991549,PASS
3030597,65417321232113,4157,144,11,11,6,6,15916,15916,1188309,PASS
3031066,65417323223123,4157,613,11,11,8,8,7774,7774,579847,PASS
3031084,65417323232123,4157,631,11,11,6,6,12709,12709,948720,PASS
3034051,65423713321322,4161,682,11,11,5,5,21472,21472,1602585,PASS
3037651,65432173232321,4166,637,11,11,7,7,12740,12740,951072,PASS
3039996,65471231132213,4170,66,11,11,7,7,14913,14913,1113237,PASS
3048562,65714323223123,4181,613,11,11,8,8,8416,8416,627565,PASS
3050817,65723143321313,4184,681,11,11,5,5,13207,13207,985538,PASS
3055474,65732411333123,4191,235,11,11,8,8,11657,11657,869763,PASS
3059709,65742311212313,4197,96,11,11,6,6,13943,13943,1040558,PASS
3066981,67132541133311,4207,78,11,11,7,7,15297,15297,1142106,PASS
3074757,67145323133312,4217,564,11,11,6,6,19348,19348,1443785,PASS
3078539,67154233323332,4222,701,11,11,7,7,10583,10583,789787,PASS
3082934,67215343333133,4228,722,11,11,5,5,18451,18451,1377288,PASS
3084606,67231541323112,4231,207,11,11,6,6,23381,23381,1745477,PASS
3085093,67231543323122,4231,694,11,11,7,7,13492,13492,1007011,PASS
3086569,67234513332122,4233,712,11,11,7,7,7097,7097,529866,PASS
3091147,67245131313323,4240,187,11,11,7,7,11284,11284,842282,PASS
3091704,67245311112311,4241,15,11,11,7,7,20793,20793,1552014,PASS
3091766,67245311133233,4241,77,11,11,7,7,9374,9374,699648,PASS
3096119,67254311131133,4247,56,11,11,7,7,15467,15467,1154711,PASS
3096711,67254313311113,4247,648,11,11,6,6,14545,14545,1085112,PASS
3097195,67312452233321,4248,403,11,11,6,6,17041,17041,1271696,PASS
3097552,67312541121221,4249,31,11,11,8,8,8252,8252,615906,PASS
3097872,67312542221111,4249,351,11,11,8,8,9357,9357,698283,PASS
3101167,67321451111123,4254,1,11,11,7,7,17480,17480,1304437,PASS
3101181,67321451112311,4254,15,11,11,6,6,13923,13923,1039360,PASS
3101259,67321451212211,4254,93,11,11,7,7,24908,24908,1859170,PASS
3101330,67321451311133,4254,164,11,11,7,7,13141,13141,980846,PASS
3101410,67321452111122,4254,244,11,11,7,7,13130,13130,980085,PASS
3101676,67321453113311,4254,510,11,11,7,7,17326,17326,1293342,PASS
3102284,67321542232133,4255,389,11,11,7,7,14249,14249,1063722,PASS
3105907,67341252222323,4260,367,11,11,8,8,7669,7669,572498,PASS
3108087,67342512222113,4263,360,11,11,8,8,8460,8460,631889,PASS
3108827,67345122223133,4264,371,11,11,6,6,19665,19665,1467170,PASS
3108845,67345122232133,4264,389,11,11,6,6,22680,22680,1693517,PASS
3109186,67345211111123,4265,1,11,11,7,7,11788,11788,879414,PASS
3109187,67345211111132,4265,2,11,11,6,6,20160,20160,1505089,PASS
3109199,67345211112233,4265,14,11,11,7,7,15626,15626,1165963,PASS
3109210,67345211113322,4265,25,11,11,7,7,15419,15419,1150987,PASS
3109267,67345211211122,4265,82,11,11,6,6,18327,18327,1367862,PASS
3109349,67345211311133,4265,164,11,11,6,6,12828,12828,957206,PASS
3109429,67345212111122,4265,244,11,11,6,6,12400,12400,925650,PASS
3109673,67345213111133,4265,488,11,11,6,6,21174,21174,1580872,PASS
3112830,67354121111111,4270,0,11,11,5,5,23344,23344,1743325,PASS
3113650,67354211212121,4271,91,11,11,8,8,8470,8470,632022,PASS
3113739,67354211313113,4271,180,11,11,8,8,9462,9462,706008,PASS
3113793,67354211333111,4271,234,11,11,8,8,9159,9159,683919,PASS
3113806,67354212111221,4271,247,11,11,8,8,6224,6224,464410,PASS
3113896,67354212212222,4271,337,11,11,7,7,14681,14681,1095983,PASS
3113966,67354212311132,4271,407,11,11,5,5,18441,18441,1377096,PASS
3114051,67354213111313,4271,492,11,11,8,8,9966,9966,743995,PASS
3114105,67354213131311,4271,546,11,11,8,8,9222,9222,688014,PASS
3114128,67354213211132,4271,569,11,11,5,5,23155,23155,1728992,PASS
3114233,67354213313333,4271,674,11,11,7,7,15458,15458,1153545,PASS
3114838,67412353132121,4272,550,11,11,8,8,9909,9909,739480,PASS
3115003,67412353332221,4272,715,11,11,8,8,10095,10095,753759,PASS
3115073,67412531131133,4273,56,11,11,7,7,10001,10001,746740,PASS
3126177,67435121332112,4288,225,11,11,8,8,7192,7192,536686,PASS
3126484,67435123123121,4288,532,11,11,8,8,7936,7936,592115,PASS
3130277,67452313321232,4293,680,11,11,6,6,19160,19160,1430652,PASS
3149908,71234563231322,4320,628,11,11,7,7,16094,16094,1201513,PASS
3163369,71263541333222,4339,238,11,11,7,7,15667,15667,1170016,PASS
3163582,71263542323123,4339,451,11,11,6,6,18197,18197,1358041,PASS
3165136,71264533131323,4341,547,11,11,7,7,14694,14694,1096510,PASS
3165190,71264533221323,4341,601,11,11,7,7,11570,11570,863990,PASS
3165214,71264533231223,4341,625,11,11,7,7,16136,16136,1204348,PASS
3165216,71264533231313,4341,627,11,11,6,6,18591,18591,1387666,PASS
3169779,71326451211311,4348,87,11,11,7,7,11590,11590,865039,PASS
3170242,71326453132121,4348,550,11,11,8,8,9129,9129,681385,PASS
3171147,71326543333313,4349,726,11,11,5,5,18396,18396,1373458,PASS
3172916,71345262132131,4352,308,11,11,8,8,8437,8437,629677,PASS
3180408,71362453113311,4362,510,11,11,7,7,16705,16705,1246904,PASS
3184251,71365423331312,4367,708,11,11,5,5,13394,13394,999809,PASS
3184862,71423563213232,4368,590,11,11,8,8,7679,7679,572809,PASS
3185591,71423653213232,4369,590,11,11,8,8,8130,8130,606506,PASS
3187848,71426353312211,4372,660,11,11,6,6,18339,18339,1368554,PASS
3188641,71426533333223,4373,724,11,11,6,6,15398,15398,1149440,PASS
3188797,71432561232323,4374,151,11,11,7,7,12538,12538,935869,PASS
3188858,71432561323232,4374,212,11,11,7,7,9333,9333,696694,PASS
3188893,71432562111221,4374,247,11,11,7,7,9700,9700,723971,PASS
3189279,71432563232213,4374,633,11,11,7,7,11625,11625,867797,PASS
3189339,71432563323113,4374,693,11,11,7,7,14009,14009,1045908,PASS
3189340,71432563323122,4374,694,11,11,7,7,18303,18303,1366412,PASS
3189357,71432563332113,4374,711,11,11,7,7,9536,9536,711614,PASS
3190307,71435261322233,4376,203,11,11,6,6,19375,19375,1446219,PASS
3190465,71435262222122,4376,361,11,11,6,6,16165,16165,1206731,PASS
3190672,71435263211123,4376,568,11,11,7,7,13500,13500,1007454,PASS
3190753,71435263311122,4376,649,11,11,5,5,22520,22520,1680611,PASS
3190826,71435263333133,4376,722,11,11,5,5,19070,19070,1423070,PASS
3190828,71435263333223,4376,724,11,11,7,7,11529,11529,860438,PASS
3191561,71435623333331,4377,728,11,11,8,8,10116,10116,755122,PASS
3192282,71436253333112,4378,720,11,11,8,8,7584,7584,565940,PASS
3193610,71452363213232,4380,590,11,11,8,8,6676,6676,498016,PASS
3194111,71452632222131,4381,362,11,11,7,7,16232,16232,1211869,PASS
3194842,71453262222221,4382,364,11,11,5,5,17203,17203,1283701,PASS
3195856,71453623311122,4383,649,11,11,7,7,24343,24343,1817215,PASS
3196870,71456321322323,4385,205,11,11,7,7,11237,11237,838756,PASS
3196912,71456322111221,4385,247,11,11,7,7,9990,9990,745413,PASS
3198148,71462531113322,4387,25,11,11,6,6,22102,22102,1650128,PASS
3198369,71462532111212,4387,246,11,11,8,8,7779,7779,580593,PASS
3198393,71462532121112,4387,270,11,11,6,6,13179,13179,983289,PASS
3198613,71462533111223,4387,490,11,11,8,8,10994,10994,821145,PASS
3198717,71462533221113,4387,594,11,11,6,6,15496,15496,1156615,PASS
3200287,71463523331222,4389,706,11,11,6,6,13464,13464,1004620,PASS
3202314,71523463131311,4392,546,11,11,6,6,16746,16746,1249899,PASS
3202395,71523463231313,4392,627,11,11,7,7,16484,16484,1230633,PASS
3202476,71523463331312,4392,708,11,11,5,5,18952,18952,1414732,PASS
3206744,71532463221332,4398,602,11,11,7,7,9084,9084,678182,PASS
3207883,71534262122222,4400,283,11,11,8,8,12941,12941,966123,PASS
3211801,71542633132322,4405,556,11,11,8,8,8283,8283,618534,PASS
3212948,71543622111131,4407,245,11,11,8,8,9640,9640,719516,PASS
3213190,71543623111121,4407,487,11,11,7,7,10676,10676,796755,PASS
3214137,71546233331213,4408,705,11,11,5,5,21251,21251,1586793,PASS
3214542,71546322231212,4409,381,11,11,8,8,9708,9708,725232,PASS
3216155,71562433123232,4411,536,11,11,8,8,8747,8747,653207,PASS
3216946,71563243221221,4412,598,11,11,7,7,11138,11138,831412,PASS
3223496,71625433213133,4421,587,11,11,8,8,14555,14555,1086461,PASS
3229851,71643252231212,4430,381,11,11,5,5,15844,15844,1182097,PASS
3230904,71643523331213,4431,705,11,11,4,4,35209,35209,2627936,PASS
3237177,72134562312212,4440,417,11,11,7,7,15113,15113,1128135,PASS
3240608,72136541322233,4445,203,11,11,8,8,9098,9098,679077,PASS
3241745,72143563222331,4446,611,11,11,8,8,8988,8988,670621,PASS
3241890,72143651121113,4447,27,11,11,6,6,11644,11644,868788,PASS
3241917,72143651131112,4447,54,11,11,6,6,12622,12622,941769,PASS
3241962,72143651213111,4447,99,11,11,7,7,8193,8193,611195,PASS
3242034,72143651312111,4447,171,11,11,6,6,14474,14474,1080318,PASS
3242112,72143652111311,4447,249,11,11,8,8,8539,8539,637100,PASS
3242352,72143653111211,4447,489,11,11,7,7,14275,14275,1065694,PASS
3243478,72145631233223,4449,157,11,11,8,8,6768,6768,505256,PASS
3243956,72145633232231,4449,635,11,11,8,8,7140,7140,533170,PASS
3243982,72145633312223,4449,661,11,11,5,5,27232,27232,2032803,PASS
3244441,72146352232223,4450,391,11,11,7,7,11647,11647,869657,PASS
3250165,72163452122222,4458,283,11,11,6,6,17625,17625,1315013,PASS
3250398,72163453121213,4458,516,11,11,7,7,13091,13091,977042,PASS
3250425,72163453131212,4458,543,11,11,6,6,21562,21562,1609292,PASS
3250448,72163453133333,4458,566,11,11,7,7,9029,9029,673944,PASS
3250592,72163453331333,4458,710,11,11,7,7,12711,12711,948759,PASS
3251880,72164353131113,4460,540,11,11,7,7,15281,15281,1140193,PASS
3253553,72165431113331,4463,26,11,11,8,8,9464,9464,706262,PASS
3253770,72165432111113,4463,243,11,11,7,7,12788,12788,954546,PASS
3253771,72165432111122,4463,244,11,11,6,6,18603,18603,1388881,PASS
3253851,72165432211112,4463,324,11,11,8,8,7555,7555,564254,PASS
3253983,72165432323312,4463,456,11,11,7,7,10486,10486,782962,PASS
3254013,72165433111112,4463,486,11,11,7,7,10767,10767,803804,PASS
3254048,72165433121333,4463,521,11,11,6,6,18160,18160,1355124,PASS
3254126,72165433221233,4463,599,11,11,8,8,9812,9812,732544,PASS
3254173,72165433233323,4463,646,11,11,6,6,23113,23113,1725426,PASS
3254206,72165433321223,4463,679,11,11,7,7,9590,9590,715887,PASS
3254232,72165433331213,4463,705,11,11,6,6,19261,19261,1437107,PASS
3260817,72345611111111,4473,0,11,11,6,6,15635,15635,1167641,PASS
3260889,72345611133113,4473,72,11,11,8,8,7517,7517,560890,PASS
3260929,72345611221223,4473,112,11,11,8,8,6566,6566,489849,PASS
3260938,72345611222222,4473,121,11,11,6,6,15872,15872,1184414,PASS
3261041,72345611331332,4473,224,11,11,8,8,6972,6972,520367,PASS
3261096,72345612122111,4473,279,11,11,8,8,8228,8228,614124,PASS
3261284,72345612331331,4473,467,11,11,8,8,7490,7490,559497,PASS
3261415,72345613221221,4473,598,11,11,8,8,5507,5507,411046,PASS
3261545,72345613333331,4473,728,11,11,7,7,12490,12490,932210,PASS
3265936,72356141112323,4480,16,11,11,6,6,13400,13400,1000770,PASS
3266064,72356141232113,4480,144,11,11,7,7,9358,9358,698749,PASS
3266488,72356143211123,4480,568,11,11,6,6,14489,14489,1081818,PASS
3268016,72361453232333,4482,638,11,11,7,7,10631,10631,793527,PASS
3268589,72361542333233,4483,482,11,11,7,7,19612,19612,1463750,PASS
3271386,72365412222212,4487,363,11,11,6,6,16250,16250,1212900,PASS
3271542,72365413121312,4487,519,11,11,7,7,12776,12776,953775,PASS
3271566,72365413131212,4487,543,11,11,7,7,9804,9804,731898,PASS
3271733,72365413331333,4487,710,11,11,6,6,21640,21640,1614990,PASS
3278310,72435163333313,4496,726,11,11,8,8,15852,15852,1183538,PASS
3290128,72513641232323,4513,151,11,11,6,6,10115,10115,754943,PASS
3290137,72513641233322,4513,160,11,11,7,7,11822,11822,882319,PASS
3292591,72516342313223,4516,427,11,11,6,6,17793,17793,1328167,PASS
3294302,72531463321232,4518,680,11,11,7,7,17065,17065,1273978,PASS
3295648,72534163211123,4520,568,11,11,7,7,12887,12887,961585,PASS
3298728,72541631111213,4525,3,11,11,7,7,9969,9969,743785,PASS
3298731,72541631111312,4525,6,11,11,7,7,11867,11867,885363,PASS
3298736,72541631112131,4525,11,11,11,7,7,11481,11481,857136,PASS
3298744,72541631113121,4525,19,11,11,7,7,10768,10768,803997,PASS
3299022,72541632131111,4525,297,11,11,7,7,9288,9288,693103,PASS
3299238,72541633121111,4525,513,11,11,7,7,12675,12675,946327,PASS
3299859,72543162311111,4526,405,11,11,7,7,9651,9651,720013,PASS
3300021,72543163211111,4526,567,11,11,7,7,9649,9649,719999,PASS
3300295,72543611221223,4527,112,11,11,7,7,10962,10962,818040,PASS
3300313,72543611223221,4527,130,11,11,8,8,10345,10345,772476,PASS
3300407,72543611331332,4527,224,11,11,8,8,12285,12285,917045,PASS
3300416,72543611332331,4527,233,11,11,8,8,9940,9940,741900,PASS
3300650,72543612331331,4527,467,11,11,8,8,9493,9493,708488,PASS
3300737,72543613132232,4527,554,11,11,7,7,12517,12517,933928,PASS
3300745,72543613133222,4527,562,11,11,7,7,10045,10045,749696,PASS
3300781,72543613221221,4527,598,11,11,8,8,10493,10493,782967,PASS
3300801,72543613223312,4527,618,11,11,8,8,10943,10943,816856,PASS
3300873,72543613322312,4527,690,11,11,7,7,13770,13770,1027886,PASS
3301848,72546311323112,4529,207,11,11,7,7,9281,9281,692725,PASS
3302337,72546313323212,4529,696,11,11,7,7,17679,17679,1320236,PASS
3302797,72561342313223,4530,427,11,11,7,7,9864,9864,736272,PASS
3303442,72561432213122,4531,343,11,11,7,7,18060,18060,1348372,PASS
3303698,72561433221233,4531,599,11,11,8,8,9753,9753,728112,PASS
3303752,72561433311233,4531,653,11,11,7,7,24280,24280,1812921,PASS
3303776,72561433321133,4531,677,11,11,7,7,15709,15709,1172624,PASS
3303778,72561433321223,4531,679,11,11,7,7,16697,16697,1246891,PASS
3304560,72563411111213,4533,3,11,11,7,7,9457,9457,705364,PASS
3304563,72563411111312,4533,6,11,11,7,7,9402,9402,701783,PASS
3304568,72563411112131,4533,11,11,11,8,8,13331,13331,995142,PASS
3304576,72563411113121,4533,19,11,11,8,8,9932,9932,741456,PASS
3304854,72563412131111,4533,297,11,11,8,8,8707,8707,649699,PASS
3305070,72563413121111,4533,513,11,11,8,8,8570,8570,639687,PASS
3318261,72643513212311,4551,582,11,11,5,5,21595,21595,1612927,PASS
3318263,72643513212332,4551,584,11,11,8,8,7368,7368,550000,PASS
3326258,73125463133132,4562,560,11,11,7,7,10907,10907,813969,PASS
3332525,73146522113231,4571,266,11,11,6,6,12537,12537,935237,PASS
3349686,73246153312211,4594,660,11,11,7,7,9463,9463,705752,PASS
3371524,73456123231322,4624,628,11,11,7,7,15697,15697,1172299,PASS
3380337,73516243323113,4636,693,11,11,8,8,4948,4948,368911,PASS
3380357,73516243332131,4636,713,11,11,7,7,9210,9210,687397,PASS
3385911,73541262321212,4644,435,11,11,5,5,23263,23263,1736236,PASS
3387611,73542163321133,4646,677,11,11,8,8,9261,9261,691214,PASS
3388213,73542613132121,4647,550,11,11,8,8,7597,7597,566854,PASS
3388219,73542613132322,4647,556,11,11,7,7,7284,7284,543740,PASS
3394177,73564213321322,4655,682,11,11,8,8,9913,9913,740221,PASS
3395698,73614251112323,4658,16,11,11,7,7,11573,11573,863984,PASS
3397156,73615241112323,4660,16,11,11,7,7,15841,15841,1182505,PASS
3397165,73615241113322,4660,25,11,11,6,6,18683,18683,1394318,PASS
3397511,73615242223133,4660,371,11,11,5,5,22090,22090,1648736,PASS
3397677,73615243123313,4660,537,11,11,5,5,18629,18629,1390496,PASS
3397731,73615243213313,4660,591,11,11,7,7,11349,11349,846816,PASS
3397848,73615243331312,4660,708,11,11,5,5,18569,18569,1386106,PASS
3397857,73615243332311,4660,717,11,11,7,7,11274,11274,841548,PASS
3397894,73615421113322,4661,25,11,11,7,7,11251,11251,839605,PASS
3398457,73615423213211,4661,588,11,11,8,8,11557,11557,862928,PASS
3398597,73615423333331,4661,728,11,11,7,7,9851,9851,735113,PASS
3401300,73624513121132,4665,515,11,11,5,5,25486,25486,1902144,PASS
3401498,73624513332131,4665,713,11,11,8,8,11770,11770,878472,PASS
3401530,73625141112323,4666,16,11,11,7,7,11475,11475,856694,PASS
3402030,73625143121213,4666,516,11,11,5,5,31988,31988,2388186,PASS
3402240,73625143333313,4666,726,11,11,8,8,10591,10591,790867,PASS
3402610,73625412222323,4667,367,11,11,6,6,12624,12624,942139,PASS
3405159,73642511111111,4671,0,11,11,6,6,13836,13836,1032926,PASS
3405182,73642511113232,4671,23,11,11,5,5,18823,18823,1404803,PASS
3405184,73642511113322,4671,25,11,11,6,6,22780,22780,1700492,PASS
3405775,73642513223222,4671,616,11,11,8,8,11276,11276,841261,PASS
3405909,73645121113211,4672,21,11,11,8,8,10100,10100,754046,PASS
3406254,73645122222311,4672,366,11,11,6,6,12058,12058,899606,PASS
3406743,73645211223113,4673,126,11,11,8,8,7322,7322,546599,PASS
3406752,73645211231111,4673,135,11,11,8,8,9640,9640,719635,PASS
3406806,73645211321111,4673,189,11,11,6,6,9388,9388,700825,PASS
3406842,73645211332112,4673,225,11,11,6,6,16207,16207,1209924,PASS
3407117,73645213112231,4673,500,11,11,8,8,8639,8639,644979,PASS
3407337,73645213333112,4673,720,11,11,6,6,14703,14703,1097054,PASS
3407371,73651241113322,4674,25,11,11,7,7,8864,8864,661849,PASS
3410106,73652413211312,4677,573,11,11,7,7,8720,8720,650555,PASS
3410242,73652413331321,4677,709,11,11,7,7,10131,10131,756570,PASS
3410506,73654122111122,4678,244,11,11,7,7,17809,17809,1329298,PASS
3410613,73654122221111,4678,351,11,11,7,7,11006,11006,821548,PASS
3410993,73654211111132,4679,2,11,11,7,7,13082,13082,976341,PASS
3412417,74123563323221,4680,697,11,11,7,7,10479,10479,781824,PASS
3412891,74123652322121,4681,442,11,11,7,7,12364,12364,922549,PASS
3413003,74123653132232,4681,554,11,11,8,8,13314,13314,993749,PASS
3413009,74123653133132,4681,560,11,11,7,7,13586,13586,1013932,PASS
3413011,74123653133222,4681,562,11,11,7,7,15733,15733,1174170,PASS
3413012,74123653133231,4681,563,11,11,8,8,9516,9516,710001,PASS
3414093,74125631313311,4683,186,11,11,7,7,9015,9015,672616,PASS
3414178,74125632121121,4683,271,11,11,6,6,15272,15272,1139445,PASS
3414186,74125632122111,4683,279,11,11,8,8,7869,7869,586984,PASS
3414204,74125632131111,4683,297,11,11,7,7,16178,16178,1207821,PASS
3414347,74125632321332,4683,440,11,11,8,8,7562,7562,564298,PASS
3414420,74125633121111,4683,513,11,11,6,6,15759,15759,1175775,PASS
3414452,74125633131233,4683,545,11,11,6,6,17678,17678,1319767,PASS
3414461,74125633132232,4683,554,11,11,8,8,5822,5822,434851,PASS
3414469,74125633133222,4683,562,11,11,8,8,7742,7742,577753,PASS
3414471,74125633133312,4683,564,11,11,7,7,14077,14077,1050469,PASS
3414625,74125633332323,4683,718,11,11,6,6,15812,15812,1180544,PASS
3415114,74126352333122,4684,478,11,11,7,7,15452,15452,1153435,PASS
3416288,74132561321231,4686,194,11,11,5,5,18799,18799,1403317,PASS
3416365,74132562121121,4686,271,11,11,5,5,13403,13403,1000203,PASS
3416373,74132562122111,4686,279,11,11,8,8,7619,7619,568408,PASS
3416638,74132563131221,4686,544,11,11,8,8,11249,11249,839602,PASS
3416643,74132563132112,4686,549,11,11,7,7,10647,10647,794854,PASS
3420181,74136522322121,4691,442,11,11,7,7,11318,11318,844625,PASS
3421022,74152363132232,4692,554,11,11,8,8,9454,9454,705339,PASS
3421028,74152363133132,4692,560,11,11,8,8,6346,6346,473179,PASS
3421030,74152363133222,4692,562,11,11,7,7,12644,12644,943449,PASS
3421031,74152363133231,4692,563,11,11,7,7,10659,10659,795500,PASS
3424393,74156322122123,4697,280,11,11,6,6,11784,11784,879548,PASS
3424399,74156322122321,4697,286,11,11,8,8,7381,7381,550798,PASS
3424540,74156322313223,4697,427,11,11,8,8,10449,10449,779851,PASS
3424670,74156323132331,4697,557,11,11,7,7,9119,9119,680441,PASS
3424672,74156323133123,4697,559,11,11,8,8,6573,6573,490666,PASS
3426328,74163251121122,4700,28,11,11,6,6,11908,11908,888456,PASS
3426555,74163252112211,4700,255,11,11,7,7,9375,9375,699753,PASS
3426597,74163252131111,4700,297,11,11,7,7,19466,19466,1453663,PASS
3426813,74163253121111,4700,513,11,11,6,6,14753,14753,1101165,PASS
3426848,74163253131332,4700,548,11,11,6,6,16009,16009,1194889,PASS
3426860,74163253133132,4700,560,11,11,8,8,7522,7522,561626,PASS
3426861,74163253133213,4700,561,11,11,8,8,8765,8765,654372,PASS
3426863,74163253133231,4700,563,11,11,8,8,5372,5372,400644,PASS
3427018,74163253332323,4700,718,11,11,7,7,14268,14268,1065125,PASS
3427788,74165231121212,4702,30,11,11,7,7,18781,18781,1401350,PASS
3427818,74165231131313,4702,60,11,11,7,7,24002,24002,1792307,PASS
3427849,74165231212121,4702,91,11,11,8,8,9486,9486,707496,PASS
3427940,74165231313131,4702,182,11,11,8,8,6507,6507,486113,PASS
3428004,74165232111212,4702,246,11,11,8,8,6758,6758,504286,PASS
3428028,74165232121112,4702,270,11,11,7,7,17710,17710,1321605,PASS
3428031,74165232121211,4702,273,11,11,8,8,6551,6551,488874,PASS
3428250,74165233111313,4702,492,11,11,8,8,10210,10210,761905,PASS
3428298,74165233131113,4702,540,11,11,7,7,24023,24023,1793923,PASS
3428304,74165233131311,4702,546,11,11,8,8,10366,10366,773209,PASS
3428305,74165233131323,4702,547,11,11,8,8,10663,10663,795954,PASS
3428313,74165233132313,4702,555,11,11,5,5,36214,36214,2703268,PASS
3428385,74165233231313,4702,627,11,11,5,5,36499,36499,2725226,PASS
3430397,74213652323132,4705,452,11,11,8,8,8384,8384,625407,PASS
3439185,74251633111313,4717,492,11,11,5,5,23399,23399,1746366,PASS
3441802,74256311321222,4721,193,11,11,7,7,20009,20009,1493983,PASS
3442100,74256313111232,4721,491,11,11,7,7,19352,19352,1444760,PASS
3446465,74265312333233,4727,482,11,11,8,8,10344,10344,772277,PASS
3447926,74312652333332,4729,485,11,11,8,8,8548,8548,637616,PASS
3451736,74321563311131,4734,650,11,11,7,7,12172,12172,908823,PASS
3452461,74321653233323,4735,646,11,11,7,7,13038,13038,973180,PASS
3453091,74325163131323,4736,547,11,11,7,7,12852,12852,959193,PASS
3453628,74325612221222,4737,355,11,11,7,7,13614,13614,1016078,PASS
3453792,74325613121312,4737,519,11,11,6,6,12913,12913,963690,PASS
3453816,74325613131212,4737,543,11,11,6,6,23518,23518,1755382,PASS
3453839,74325613133333,4737,566,11,11,7,7,16703,16703,1246826,PASS
3460331,74361253112132,4746,497,11,11,8,8,9220,9220,688158,PASS
3460406,74361253211231,4746,572,11,11,8,8,7092,7092,529149,PASS
3463510,74365211121221,4751,31,11,11,7,7,10244,10244,764416,PASS
3463578,74365211213111,4751,99,11,11,7,7,12366,12366,923700,PASS
3463650,74365211312111,4751,171,11,11,7,7,12204,12204,911199,PASS
3463659,74365211313113,4751,180,11,11,8,8,5729,5729,427355,PASS
3463713,74365211333111,4751,234,11,11,8,8,5468,5468,408198,PASS
3463728,74365212111311,4751,249,11,11,7,7,12466,12466,930287,PASS
3463846,74365212222323,4751,367,11,11,7,7,9684,9684,722831,PASS
3463964,74365212333332,4751,485,11,11,7,7,10253,10253,764734,PASS
3463968,74365213111211,4751,489,11,11,7,7,13132,13132,980501,PASS
3464000,74365213121333,4751,521,11,11,7,7,9713,9713,724597,PASS
3464411,74512361322233,4752,203,11,11,7,7,12199,12199,910798,PASS
3464635,74512362313223,4752,427,11,11,8,8,9035,9035,674220,PASS
3466183,74513263121222,4754,517,11,11,5,5,23189,23189,1731417,PASS
3469674,74521632222212,4759,363,11,11,6,6,29049,29049,2169128,PASS
3469827,74521633121213,4759,516,11,11,7,7,13104,13104,978036,PASS
3469830,74521633121312,4759,519,11,11,7,7,18382,18382,1372790,PASS
3469877,74521633133333,4759,566,11,11,7,7,13407,13407,1000580,PASS
3470037,74521633333313,4759,726,11,11,5,5,29100,29100,2172381,PASS
3470796,74523611121113,4761,27,11,11,7,7,8380,8380,625447,PASS
3470823,74523611131112,4761,54,11,11,6,6,15278,15278,1140203,PASS
3470868,74523611213111,4761,99,11,11,6,6,10864,10864,811111,PASS
3470940,74523611312111,4761,171,11,11,6,6,11683,11683,872164,PASS
3471018,74523612111311,4761,249,11,11,6,6,14850,14850,1108017,PASS
3471258,74523613111211,4761,489,11,11,7,7,9680,9680,722606,PASS
3474949,74532163123223,4766,535,11,11,8,8,8430,8430,629175,PASS
3477334,74561231111222,4770,4,11,11,7,7,13146,13146,981428,PASS
3477573,74561232111113,4770,243,11,11,7,7,17269,17269,1289219,PASS
3477681,74561232221111,4770,351,11,11,8,8,10585,10585,789869,PASS
3477816,74561233111112,4770,486,11,11,7,7,11548,11548,861893,PASS
3477875,74561233131233,4770,545,11,11,7,7,10822,10822,807617,PASS
3477976,74561233233323,4770,646,11,11,6,6,16854,16854,1257861,PASS
3477983,74561233311233,4770,653,11,11,8,8,6752,6752,503828,PASS
3478007,74561233321133,4770,677,11,11,7,7,13323,13323,994899,PASS
3478011,74561233321313,4770,681,11,11,6,6,17591,17591,1312932,PASS
3481127,74563211232332,4775,152,11,11,6,6,14814,14814,1105265,PASS
3499033,74653213133222,4799,562,11,11,8,8,8422,8422,628619,PASS
3504218,75132463233233,4806,644,11,11,7,7,8486,8486,633325,PASS
3510033,75143263231313,4814,627,11,11,7,7,11220,11220,837078,PASS
3511808,75146321323331,4817,215,11,11,7,7,12157,12157,907314,PASS
3517796,75213642223133,4825,371,11,11,7,7,19378,19378,1446837,PASS
3521638,75231463211123,4830,568,11,11,7,7,13180,13180,984057,PASS
3522731,75234161322233,4832,203,11,11,7,7,6320,6320,471727,PASS
3522879,75234162221111,4832,351,11,11,7,7,13445,13445,1003622,PASS
3524576,75236143213232,4834,590,11,11,7,7,12544,12544,936615,PASS
3526540,75241632222323,4837,367,11,11,7,7,15800,15800,1179895,PASS
3527233,75243162211322,4838,331,11,11,6,6,24770,24770,1849268,PASS
3527654,75243611113232,4839,23,11,11,7,7,9564,9564,714378,PASS
3528221,75243613213232,4839,590,11,11,7,7,9902,9902,739224,PASS
3528600,75246131333312,4840,240,11,11,8,8,10460,10460,780783,PASS
3529089,75246311111111,4841,0,11,11,5,5,30924,30924,2308725,PASS
3529671,75246313212311,4841,582,11,11,8,8,7418,7418,554200,PASS
3529749,75246313312211,4841,660,11,11,7,7,15409,15409,1150096,PASS
3529808,75246313332332,4841,719,11,11,7,7,9457,9457,705829,PASS
3530840,75261432123233,4843,293,11,11,7,7,14818,14818,1106203,PASS
3533009,75264132121232,4846,275,11,11,8,8,10008,10008,747112,PASS
3533111,75264132223331,4846,377,11,11,8,8,13002,13002,970546,PASS
3533169,75264132321212,4846,435,11,11,8,8,8112,8112,605790,PASS
3533255,75264133121333,4846,521,11,11,5,5,26459,26459,1974324,PASS
3533439,75264133331213,4846,705,11,11,5,5,17955,17955,1340244,PASS
3533590,75264311223122,4847,127,11,11,7,7,12516,12516,934490,PASS
3534084,75264313231112,4847,621,11,11,7,7,13475,13475,1005714,PASS
3534914,75312463333133,4848,722,11,11,5,5,31011,31011,2314908,PASS
3536455,75314621133221,4851,76,11,11,7,7,9640,9640,719510,PASS
3536562,75314621313212,4851,183,11,11,7,7,20944,20944,1563744,PASS
3536884,75314623113122,4851,505,11,11,7,7,10027,10027,748535,PASS
3537248,75316241231231,4852,140,11,11,7,7,10602,10602,791369,PASS
3538728,75321461311112,4854,162,11,11,8,8,6550,6550,488841,PASS
3539116,75321463132121,4854,550,11,11,7,7,11447,11447,854256,PASS
3546173,75346122133133,4864,317,11,11,7,7,11320,11320,844709,PASS
3546658,75346211133122,4865,73,11,11,6,6,12546,12546,936974,PASS
3546672,75346211211311,4865,87,11,11,7,7,12590,12590,939847,PASS
3546750,75346211311211,4865,165,11,11,8,8,8965,8965,669149,PASS
3547043,75346212323333,4865,458,11,11,7,7,11042,11042,824442,PASS
3547082,75346213112132,4865,497,11,11,8,8,8387,8387,626311,PASS
3547135,75346213132121,4865,550,11,11,6,6,12853,12853,959654,PASS
3547141,75346213132322,4865,556,11,11,6,6,16413,16413,1225319,PASS
3547297,75346213332122,4865,712,11,11,7,7,9727,9727,726048,PASS
3552551,75412631223332,4873,134,11,11,7,7,9863,9863,736294,PASS
3555966,75416323232213,4877,633,11,11,6,6,14660,14660,1094088,PASS
3560997,75431263133213,4884,561,11,11,7,7,11842,11842,883548,PASS
3566559,75462132123212,4892,291,11,11,7,7,18605,18605,1388948,PASS
3571190,75613243131332,4898,548,11,11,7,7,14933,14933,1114206,PASS
3571203,75613243133213,4898,561,11,11,8,8,7564,7564,564625,PASS
3581542,75634123323122,4912,694,11,11,8,8,8559,8559,639015,PASS
3583665,75641323232111,4915,630,11,11,6,6,12191,12191,909718,PASS
3584112,75642132213311,4916,348,11,11,8,8,9175,9175,685186,PASS
3587326,76123453233323,4920,646,11,11,7,7,9738,9738,727134,PASS
3590318,76125343333133,4924,722,11,11,5,5,15451,15451,1153587,PASS
3597189,76143252131312,4934,303,11,11,6,6,14115,14115,1053544,PASS
3597241,76143252221222,4934,355,11,11,8,8,10172,10172,759181,PASS
3597429,76143253131212,4934,543,11,11,6,6,20824,20824,1554708,PASS
3597596,76143253331333,4934,710,11,11,6,6,16033,16033,1196740,PASS
3597612,76143253333313,4934,726,11,11,7,7,16406,16406,1224569,PASS
3598371,76145231121113,4936,27,11,11,6,6,12390,12390,924847,PASS
3598380,76145231122112,4936,36,11,11,7,7,17650,17650,1317702,PASS
3598398,76145231131112,4936,54,11,11,6,6,12864,12864,960046,PASS
3598452,76145231221112,4936,108,11,11,7,7,17728,17728,1323827,PASS
3598514,76145231311331,4936,170,11,11,7,7,9765,9765,728416,PASS
3598640,76145232123332,4936,296,11,11,6,6,13170,13170,983071,PASS
3598743,76145232233213,4936,399,11,11,7,7,21045,21045,1571472,PASS
3598809,76145232331313,4936,465,11,11,7,7,12245,12245,913894,PASS
3598815,76145232332213,4936,471,11,11,7,7,22170,22170,1655254,PASS
3598905,76145233133213,4936,561,11,11,7,7,12665,12665,945273,PASS
3598982,76145233232333,4936,638,11,11,7,7,8908,8908,665301,PASS
3604167,76154323333112,4943,720,11,11,7,7,13262,13262,990358,PASS
3605492,76213543213133,4945,587,11,11,6,6,14416,14416,1075679,PASS
3605561,76213543311332,4945,656,11,11,6,6,13488,13488,1006436,PASS
3607232,76215341231231,4948,140,11,11,9,9,5277,5277,393860,PASS
3608543,76215433333133,4949,722,11,11,5,5,15364,15364,1146567,PASS
3608595,76231451123111,4950,45,11,11,7,7,11264,11264,840717,PASS
3616598,76245311121131,4961,29,11,11,8,8,6710,6710,501012,PASS
3616624,76245311131121,4961,55,11,11,8,8,6310,6310,470720,PASS
3616674,76245311213312,4961,105,11,11,8,8,9388,9388,700766,PASS
3616877,76245312132131,4961,308,11,11,7,7,13919,13919,1039010,PASS
3617092,76245313122122,4961,523,11,11,8,8,9054,9054,675697,PASS
3617101,76245313123121,4961,532,11,11,7,7,13713,13713,1023708,PASS
3618803,76253141123132,4964,47,11,11,8,8,8824,8824,659093,PASS
3618845,76253141211332,4964,89,11,11,7,7,9290,9290,693121,PASS
3620175,76253413322312,4965,690,11,11,7,7,11314,11314,844347,PASS
3620869,76254133311323,4966,655,11,11,6,6,28215,28215,2106657,PASS
3621510,76254313211111,4967,567,11,11,7,7,23094,23094,1723786,PASS
3622005,76312452212111,4968,333,11,11,8,8,13123,13123,979628,PASS
3622239,76312453211111,4968,567,11,11,6,6,13638,13638,1017771,PASS
3622326,76312453311311,4968,654,11,11,8,8,8433,8433,629396,PASS
3622836,76312542321212,4969,435,11,11,8,8,7788,7788,581209,PASS
3622843,76312542322121,4969,442,11,11,8,8,8312,8312,620419,PASS
3623089,76312543322222,4969,688,11,11,8,8,10967,10967,818614,PASS
3624597,76315241112113,4972,9,11,11,8,8,9118,9118,680480,PASS
3624606,76315241113112,4972,18,11,11,6,6,9841,9841,734369,PASS
3624714,76315241223113,4972,126,11,11,6,6,15808,15808,1179877,PASS
3624787,76315241322122,4972,199,11,11,7,7,9417,9417,702858,PASS
3624801,76315241323313,4972,213,11,11,6,6,14343,14343,1070483,PASS
3624813,76315241332112,4972,225,11,11,8,8,7538,7538,562667,PASS
3625160,76315243211231,4972,572,11,11,8,8,7085,7085,528950,PASS
3625288,76315243323323,4972,700,11,11,6,6,9924,9924,740624,PASS
3626326,76321452122123,4974,280,11,11,8,8,9982,9982,745151,PASS
3626332,76321452122321,4974,286,11,11,7,7,10454,10454,780151,PASS
3626333,76321452122333,4974,287,11,11,7,7,12368,12368,923338,PASS
3626341,76321452123323,4974,295,11,11,6,6,16229,16229,1211475,PASS
3626384,76321452212231,4974,338,11,11,7,7,15478,15478,1155334,PASS
3626389,76321452213122,4974,343,11,11,7,7,11453,11453,855202,PASS
3626687,76321453233131,4974,641,11,11,8,8,9932,9932,741495,PASS
3626699,76321453311233,4974,653,11,11,7,7,13906,13906,1038155,PASS
3626718,76321453313312,4974,672,11,11,7,7,17382,17382,1297697,PASS
3626723,76321453321133,4974,677,11,11,7,7,11104,11104,828425,PASS
3626745,76321453323311,4974,699,11,11,8,8,11498,11498,858214,PASS
3627099,76321542211112,4975,324,11,11,7,7,22169,22169,1654768,PASS
3627342,76321543211111,4975,567,11,11,7,7,17576,17576,1312394,PASS
3627425,76321543311131,4975,650,11,11,7,7,12801,12801,955570,PASS
3627518,76324151112233,4976,14,11,11,7,7,6617,6617,493718,PASS
3627520,76324151112323,4976,16,11,11,5,5,17602,17602,1314048,PASS
3628198,76324153323122,4976,694,11,11,8,8,9854,9854,735442,PASS
3629694,76325411111213,4979,3,11,11,8,8,9447,9447,705496,PASS
3629697,76325411111312,4979,6,11,11,6,6,30401,30401,2269939,PASS
3629702,76325411112131,4979,11,11,11,7,7,9576,9576,714881,PASS
3629710,76325411113121,4979,19,11,11,6,6,14328,14328,1069454,PASS
3629728,76325411122121,4979,37,11,11,8,8,7279,7279,543105,PASS
3629913,76325411331311,4979,222,11,11,7,7,10361,10361,773200,PASS
3629944,76325412112121,4979,253,11,11,7,7,13103,13103,977660,PASS
3630072,76325412231212,4979,381,11,11,6,6,20114,20114,1500861,PASS
3630173,76325412333233,4979,482,11,11,7,7,14625,14625,1091582,PASS
3630298,76325413222223,4979,607,11,11,6,6,13990,13990,1044334,PASS
3630423,76341251111213,4980,3,11,11,6,6,15136,15136,1129627,PASS
3630426,76341251111312,4980,6,11,11,7,7,13152,13152,981934,PASS
3630431,76341251112131,4980,11,11,11,6,6,23723,23723,1770902,PASS
3630439,76341251113121,4980,19,11,11,8,8,10011,10011,747519,PASS
3630529,76341251221121,4980,109,11,11,7,7,10271,10271,766547,PASS
3630588,76341251311313,4980,168,11,11,7,7,11202,11202,836107,PASS
3630813,76341252232313,4980,393,11,11,7,7,10041,10041,749820,PASS
3630878,76341252323333,4980,458,11,11,8,8,7272,7272,542645,PASS
3631017,76341253221212,4980,597,11,11,6,6,13772,13772,1027956,PASS
3631061,76341253233131,4980,641,11,11,8,8,8054,8054,600991,PASS
3632612,76342511111231,4983,5,11,11,6,6,9229,9229,688480,PASS
3632614,76342511111321,4983,7,11,11,8,8,9570,9570,714140,PASS
3632814,76342511323112,4983,207,11,11,8,8,8210,8210,612899,PASS
3632998,76342512232223,4983,391,11,11,7,7,12021,12021,896755,PASS
3633192,76342513213112,4983,585,11,11,8,8,11960,11960,892932,PASS
3633291,76342513322111,4983,684,11,11,8,8,11509,11509,858867,PASS
3633301,76342513323122,4983,694,11,11,7,7,8554,8554,638490,PASS
3633303,76342513323212,4983,696,11,11,7,7,9955,9955,742991,PASS
3633660,76345122211112,4984,324,11,11,7,7,16839,16839,1257085,PASS
3633661,76345122211121,4984,325,11,11,7,7,10643,10643,794221,PASS
3633684,76345122213311,4984,348,11,11,6,6,13978,13978,1042772,PASS
3633741,76345122311111,4984,405,11,11,7,7,12309,12309,918795,PASS
3633903,76345123211111,4984,567,11,11,7,7,13116,13116,978862,PASS
3633984,76345123311113,4984,648,11,11,7,7,10924,10924,815370,PASS
3633986,76345123311131,4984,650,11,11,7,7,12974,12974,968345,PASS
3633996,76345123312211,4984,660,11,11,6,6,13923,13923,1039178,PASS
3635539,76351421112323,4987,16,11,11,5,5,19006,19006,1419207,PASS
3635548,76351421113322,4987,25,11,11,7,7,6220,6220,464025,PASS
3636203,76351423321232,4987,680,11,11,7,7,10859,10859,810626,PASS
3637740,76354121121212,4990,30,11,11,8,8,6966,6966,520051,PASS
3637747,76354121122121,4990,37,11,11,8,8,6562,6562,489553,PASS
3637878,76354121311313,4990,168,11,11,7,7,10840,10840,809161,PASS
3637892,76354121313131,4990,182,11,11,8,8,9493,9493,708358,PASS
3637956,76354122111212,4990,246,11,11,8,8,12003,12003,895539,PASS
3637963,76354122112121,4990,253,11,11,7,7,11525,11525,859939,PASS
3638047,76354122212222,4990,337,11,11,5,5,28665,28665,2140330,PASS
3638278,76354123211123,4990,568,11,11,7,7,12961,12961,967529,PASS
3638279,76354123211132,4990,569,11,11,8,8,13343,13343,995936,PASS
3638384,76354123313333,4990,674,11,11,5,5,29154,29154,2176677,PASS
3638788,76354212213323,4991,349,11,11,7,7,10751,10751,802369,PASS
3638858,76354212312233,4991,419,11,11,6,6,20864,20864,1557632,PASS
3638869,76354212313322,4991,430,11,11,6,6,22163,22163,1654487,PASS
3638924,76354212333332,4991,485,11,11,7,7,10791,10791,805206,PASS
3639046,76354213222223,4991,607,11,11,7,7,11016,11016,822393,PASS
3639100,76354213312223,4991,661,11,11,7,7,10111,10111,754940,PASS
3643597,76421351131121,4998,55,11,11,7,7,10126,10126,756011,PASS
3657255,76512343213313,5016,591,11,11,6,6,20925,20925,1561691,PASS
3657381,76512343332311,5016,717,11,11,7,7,14435,14435,1077962,PASS
3660325,76514321112323,5021,16,11,11,6,6,13868,13868,1035309,PASS
3660453,76514321232113,5021,144,11,11,6,6,15131,15131,1129427,PASS
3662405,76521433232333,5023,638,11,11,7,7,10058,10058,750876,PASS
3663842,76523413223231,5025,617,11,11,7,7,11285,11285,842274,PASS
3665389,76524313331222,5027,706,11,11,7,7,13062,13062,974499,PASS
3670086,76541232131213,5034,300,11,11,7,7,16586,16586,1237831,PASS
3670141,76541232221222,5034,355,11,11,7,7,15993,15993,1193911,PASS
3670302,76541233121213,5034,516,11,11,5,5,24610,24610,1837306,PASS
3670496,76541233331333,5034,710,11,11,6,6,18907,18907,1410934,PASS
3670512,76541233333313,5034,726,11,11,6,6,13963,13963,1041998,PASS
3673431,76543211111111,5039,0,11,11,6,6,24795,24795,1851155,PASS
3673521,76543211212112,5039,90,11,11,6,6,24027,24027,1793505,PASS
3673561,76543211223221,5039,130,11,11,8,8,8726,8726,650991,PASS
3673664,76543211332331,5039,233,11,11,8,8,6137,6137,457979,PASS
3673673,76543211333333,5039,242,11,11,8,8,9481,9481,707499,PASS
3673744,76543212132323,5039,313,11,11,7,7,9369,9369,699324,PASS
3673795,76543212222221,5039,364,11,11,7,7,11193,11193,835484,PASS
3673884,76543212323213,5039,453,11,11,7,7,9018,9018,672763,PASS
3673937,76543213113131,5039,506,11,11,8,8,8411,8411,627703,PASS
